split,class,input_filename,output_filename,status
train,real,01__exit_phone_room_frame_0.jpg,01__exit_phone_room_frame_0.jpg,saved
train,real,01__exit_phone_room_frame_1.jpg,01__exit_phone_room_frame_1.jpg,saved
train,real,01__exit_phone_room_frame_2.jpg,01__exit_phone_room_frame_2.jpg,saved
train,real,01__exit_phone_room_frame_3.jpg,01__exit_phone_room_frame_3.jpg,saved
train,real,01__exit_phone_room_frame_4.jpg,01__exit_phone_room_frame_4.jpg,saved
train,real,01__exit_phone_room_frame_5.jpg,01__exit_phone_room_frame_5.jpg,saved
train,real,01__exit_phone_room_frame_6.jpg,01__exit_phone_room_frame_6.jpg,saved
train,real,01__exit_phone_room_frame_7.jpg,01__exit_phone_room_frame_7.jpg,saved
train,real,01__exit_phone_room_frame_8.jpg,01__exit_phone_room_frame_8.jpg,saved
train,real,01__exit_phone_room_frame_9.jpg,01__exit_phone_room_frame_9.jpg,saved
train,real,01__kitchen_pan_frame_0.jpg,01__kitchen_pan_frame_0.jpg,saved
train,real,01__kitchen_pan_frame_1.jpg,01__kitchen_pan_frame_1.jpg,saved
train,real,01__kitchen_pan_frame_2.jpg,01__kitchen_pan_frame_2.jpg,saved
train,real,01__kitchen_pan_frame_3.jpg,01__kitchen_pan_frame_3.jpg,saved
train,real,01__kitchen_pan_frame_4.jpg,01__kitchen_pan_frame_4.jpg,saved
train,real,01__kitchen_pan_frame_5.jpg,01__kitchen_pan_frame_5.jpg,saved
train,real,01__kitchen_pan_frame_6.jpg,01__kitchen_pan_frame_6.jpg,saved
train,real,01__kitchen_pan_frame_7.jpg,01__kitchen_pan_frame_7.jpg,saved
train,real,01__kitchen_pan_frame_8.jpg,01__kitchen_pan_frame_8.jpg,saved
train,real,01__kitchen_pan_frame_9.jpg,01__kitchen_pan_frame_9.jpg,no face detected
train,real,01__kitchen_still_frame_0.jpg,01__kitchen_still_frame_0.jpg,saved
train,real,01__kitchen_still_frame_1.jpg,01__kitchen_still_frame_1.jpg,saved
train,real,01__kitchen_still_frame_2.jpg,01__kitchen_still_frame_2.jpg,saved
train,real,01__kitchen_still_frame_3.jpg,01__kitchen_still_frame_3.jpg,saved
train,real,01__kitchen_still_frame_4.jpg,01__kitchen_still_frame_4.jpg,saved
train,real,01__kitchen_still_frame_5.jpg,01__kitchen_still_frame_5.jpg,saved
train,real,01__kitchen_still_frame_6.jpg,01__kitchen_still_frame_6.jpg,saved
train,real,01__kitchen_still_frame_7.jpg,01__kitchen_still_frame_7.jpg,saved
train,real,01__kitchen_still_frame_8.jpg,01__kitchen_still_frame_8.jpg,saved
train,real,01__kitchen_still_frame_9.jpg,01__kitchen_still_frame_9.jpg,saved
train,real,01__meeting_serious_frame_0.jpg,01__meeting_serious_frame_0.jpg,saved
train,real,01__meeting_serious_frame_1.jpg,01__meeting_serious_frame_1.jpg,saved
train,real,01__meeting_serious_frame_2.jpg,01__meeting_serious_frame_2.jpg,saved
train,real,01__meeting_serious_frame_3.jpg,01__meeting_serious_frame_3.jpg,saved
train,real,01__meeting_serious_frame_4.jpg,01__meeting_serious_frame_4.jpg,saved
train,real,01__meeting_serious_frame_5.jpg,01__meeting_serious_frame_5.jpg,saved
train,real,01__meeting_serious_frame_6.jpg,01__meeting_serious_frame_6.jpg,saved
train,real,01__meeting_serious_frame_7.jpg,01__meeting_serious_frame_7.jpg,saved
train,real,01__meeting_serious_frame_8.jpg,01__meeting_serious_frame_8.jpg,saved
train,real,01__meeting_serious_frame_9.jpg,01__meeting_serious_frame_9.jpg,saved
train,real,01__outside_talking_pan_laughing_frame_0.jpg,01__outside_talking_pan_laughing_frame_0.jpg,no face detected
train,real,01__outside_talking_pan_laughing_frame_1.jpg,01__outside_talking_pan_laughing_frame_1.jpg,saved
train,real,01__outside_talking_pan_laughing_frame_2.jpg,01__outside_talking_pan_laughing_frame_2.jpg,saved
train,real,01__outside_talking_pan_laughing_frame_3.jpg,01__outside_talking_pan_laughing_frame_3.jpg,saved
train,real,01__outside_talking_pan_laughing_frame_4.jpg,01__outside_talking_pan_laughing_frame_4.jpg,saved
train,real,01__outside_talking_pan_laughing_frame_5.jpg,01__outside_talking_pan_laughing_frame_5.jpg,saved
train,real,01__outside_talking_pan_laughing_frame_6.jpg,01__outside_talking_pan_laughing_frame_6.jpg,saved
train,real,01__outside_talking_pan_laughing_frame_7.jpg,01__outside_talking_pan_laughing_frame_7.jpg,saved
train,real,01__outside_talking_pan_laughing_frame_8.jpg,01__outside_talking_pan_laughing_frame_8.jpg,saved
train,real,01__outside_talking_pan_laughing_frame_9.jpg,01__outside_talking_pan_laughing_frame_9.jpg,no face detected
train,real,01__talking_against_wall_frame_0.jpg,01__talking_against_wall_frame_0.jpg,saved
train,real,01__talking_against_wall_frame_1.jpg,01__talking_against_wall_frame_1.jpg,saved
train,real,01__talking_against_wall_frame_2.jpg,01__talking_against_wall_frame_2.jpg,saved
train,real,01__talking_against_wall_frame_3.jpg,01__talking_against_wall_frame_3.jpg,saved
train,real,01__talking_against_wall_frame_4.jpg,01__talking_against_wall_frame_4.jpg,saved
train,real,01__talking_against_wall_frame_5.jpg,01__talking_against_wall_frame_5.jpg,saved
train,real,01__talking_against_wall_frame_6.jpg,01__talking_against_wall_frame_6.jpg,saved
train,real,01__talking_against_wall_frame_7.jpg,01__talking_against_wall_frame_7.jpg,saved
train,real,01__talking_against_wall_frame_8.jpg,01__talking_against_wall_frame_8.jpg,saved
train,real,01__talking_against_wall_frame_9.jpg,01__talking_against_wall_frame_9.jpg,saved
train,real,01__talking_angry_couch_frame_0.jpg,01__talking_angry_couch_frame_0.jpg,saved
train,real,01__talking_angry_couch_frame_1.jpg,01__talking_angry_couch_frame_1.jpg,saved
train,real,01__talking_angry_couch_frame_2.jpg,01__talking_angry_couch_frame_2.jpg,saved
train,real,01__talking_angry_couch_frame_3.jpg,01__talking_angry_couch_frame_3.jpg,saved
train,real,01__talking_angry_couch_frame_4.jpg,01__talking_angry_couch_frame_4.jpg,saved
train,real,01__talking_angry_couch_frame_5.jpg,01__talking_angry_couch_frame_5.jpg,saved
train,real,01__talking_angry_couch_frame_6.jpg,01__talking_angry_couch_frame_6.jpg,saved
train,real,01__talking_angry_couch_frame_7.jpg,01__talking_angry_couch_frame_7.jpg,saved
train,real,01__talking_angry_couch_frame_8.jpg,01__talking_angry_couch_frame_8.jpg,saved
train,real,01__talking_angry_couch_frame_9.jpg,01__talking_angry_couch_frame_9.jpg,saved
train,real,01__walking_and_outside_surprised_frame_0.jpg,01__walking_and_outside_surprised_frame_0.jpg,saved
train,real,01__walking_and_outside_surprised_frame_1.jpg,01__walking_and_outside_surprised_frame_1.jpg,saved
train,real,01__walking_and_outside_surprised_frame_2.jpg,01__walking_and_outside_surprised_frame_2.jpg,saved
train,real,01__walking_and_outside_surprised_frame_3.jpg,01__walking_and_outside_surprised_frame_3.jpg,saved
train,real,01__walking_and_outside_surprised_frame_4.jpg,01__walking_and_outside_surprised_frame_4.jpg,saved
train,real,01__walking_and_outside_surprised_frame_5.jpg,01__walking_and_outside_surprised_frame_5.jpg,saved
train,real,01__walking_and_outside_surprised_frame_6.jpg,01__walking_and_outside_surprised_frame_6.jpg,saved
train,real,01__walking_and_outside_surprised_frame_7.jpg,01__walking_and_outside_surprised_frame_7.jpg,saved
train,real,01__walking_and_outside_surprised_frame_8.jpg,01__walking_and_outside_surprised_frame_8.jpg,saved
train,real,01__walking_and_outside_surprised_frame_9.jpg,01__walking_and_outside_surprised_frame_9.jpg,saved
train,real,01__walking_down_indoor_hall_disgust_frame_0.jpg,01__walking_down_indoor_hall_disgust_frame_0.jpg,saved
train,real,01__walking_down_indoor_hall_disgust_frame_1.jpg,01__walking_down_indoor_hall_disgust_frame_1.jpg,saved
train,real,01__walking_down_indoor_hall_disgust_frame_2.jpg,01__walking_down_indoor_hall_disgust_frame_2.jpg,saved
train,real,01__walking_down_indoor_hall_disgust_frame_3.jpg,01__walking_down_indoor_hall_disgust_frame_3.jpg,saved
train,real,01__walking_down_indoor_hall_disgust_frame_4.jpg,01__walking_down_indoor_hall_disgust_frame_4.jpg,saved
train,real,01__walking_down_indoor_hall_disgust_frame_5.jpg,01__walking_down_indoor_hall_disgust_frame_5.jpg,saved
train,real,01__walking_down_indoor_hall_disgust_frame_6.jpg,01__walking_down_indoor_hall_disgust_frame_6.jpg,saved
train,real,01__walking_down_indoor_hall_disgust_frame_7.jpg,01__walking_down_indoor_hall_disgust_frame_7.jpg,saved
train,real,01__walking_down_indoor_hall_disgust_frame_8.jpg,01__walking_down_indoor_hall_disgust_frame_8.jpg,saved
train,real,01__walking_down_indoor_hall_disgust_frame_9.jpg,01__walking_down_indoor_hall_disgust_frame_9.jpg,no face detected
train,real,01__walking_down_street_outside_angry_frame_0.jpg,01__walking_down_street_outside_angry_frame_0.jpg,saved
train,real,01__walking_down_street_outside_angry_frame_1.jpg,01__walking_down_street_outside_angry_frame_1.jpg,saved
train,real,01__walking_down_street_outside_angry_frame_2.jpg,01__walking_down_street_outside_angry_frame_2.jpg,saved
train,real,01__walking_down_street_outside_angry_frame_3.jpg,01__walking_down_street_outside_angry_frame_3.jpg,saved
train,real,01__walking_down_street_outside_angry_frame_4.jpg,01__walking_down_street_outside_angry_frame_4.jpg,saved
train,real,01__walking_down_street_outside_angry_frame_5.jpg,01__walking_down_street_outside_angry_frame_5.jpg,saved
train,real,01__walking_down_street_outside_angry_frame_6.jpg,01__walking_down_street_outside_angry_frame_6.jpg,saved
train,real,01__walking_down_street_outside_angry_frame_7.jpg,01__walking_down_street_outside_angry_frame_7.jpg,saved
train,real,01__walking_down_street_outside_angry_frame_8.jpg,01__walking_down_street_outside_angry_frame_8.jpg,saved
train,real,01__walking_down_street_outside_angry_frame_9.jpg,01__walking_down_street_outside_angry_frame_9.jpg,saved
train,real,01__walking_outside_cafe_disgusted_frame_0.jpg,01__walking_outside_cafe_disgusted_frame_0.jpg,saved
train,real,01__walking_outside_cafe_disgusted_frame_1.jpg,01__walking_outside_cafe_disgusted_frame_1.jpg,saved
train,real,01__walking_outside_cafe_disgusted_frame_2.jpg,01__walking_outside_cafe_disgusted_frame_2.jpg,saved
train,real,01__walking_outside_cafe_disgusted_frame_3.jpg,01__walking_outside_cafe_disgusted_frame_3.jpg,saved
train,real,01__walking_outside_cafe_disgusted_frame_4.jpg,01__walking_outside_cafe_disgusted_frame_4.jpg,saved
train,real,01__walking_outside_cafe_disgusted_frame_5.jpg,01__walking_outside_cafe_disgusted_frame_5.jpg,saved
train,real,01__walking_outside_cafe_disgusted_frame_6.jpg,01__walking_outside_cafe_disgusted_frame_6.jpg,saved
train,real,01__walking_outside_cafe_disgusted_frame_7.jpg,01__walking_outside_cafe_disgusted_frame_7.jpg,saved
train,real,01__walking_outside_cafe_disgusted_frame_8.jpg,01__walking_outside_cafe_disgusted_frame_8.jpg,saved
train,real,01__walking_outside_cafe_disgusted_frame_9.jpg,01__walking_outside_cafe_disgusted_frame_9.jpg,saved
train,real,02__exit_phone_room_frame_0.jpg,02__exit_phone_room_frame_0.jpg,saved
train,real,02__exit_phone_room_frame_1.jpg,02__exit_phone_room_frame_1.jpg,saved
train,real,02__exit_phone_room_frame_2.jpg,02__exit_phone_room_frame_2.jpg,saved
train,real,02__exit_phone_room_frame_3.jpg,02__exit_phone_room_frame_3.jpg,saved
train,real,02__exit_phone_room_frame_4.jpg,02__exit_phone_room_frame_4.jpg,saved
train,real,02__exit_phone_room_frame_5.jpg,02__exit_phone_room_frame_5.jpg,saved
train,real,02__exit_phone_room_frame_6.jpg,02__exit_phone_room_frame_6.jpg,saved
train,real,02__exit_phone_room_frame_7.jpg,02__exit_phone_room_frame_7.jpg,saved
train,real,02__exit_phone_room_frame_8.jpg,02__exit_phone_room_frame_8.jpg,saved
train,real,02__exit_phone_room_frame_9.jpg,02__exit_phone_room_frame_9.jpg,saved
train,real,02__kitchen_pan_frame_0.jpg,02__kitchen_pan_frame_0.jpg,no face detected
train,real,02__kitchen_pan_frame_1.jpg,02__kitchen_pan_frame_1.jpg,saved
train,real,02__kitchen_pan_frame_2.jpg,02__kitchen_pan_frame_2.jpg,saved
train,real,02__kitchen_pan_frame_3.jpg,02__kitchen_pan_frame_3.jpg,saved
train,real,02__kitchen_pan_frame_4.jpg,02__kitchen_pan_frame_4.jpg,saved
train,real,02__kitchen_pan_frame_5.jpg,02__kitchen_pan_frame_5.jpg,saved
train,real,02__kitchen_pan_frame_6.jpg,02__kitchen_pan_frame_6.jpg,saved
train,real,02__kitchen_pan_frame_7.jpg,02__kitchen_pan_frame_7.jpg,saved
train,real,02__kitchen_pan_frame_8.jpg,02__kitchen_pan_frame_8.jpg,saved
train,real,02__kitchen_pan_frame_9.jpg,02__kitchen_pan_frame_9.jpg,saved
train,real,02__kitchen_still_frame_0.jpg,02__kitchen_still_frame_0.jpg,saved
train,real,02__kitchen_still_frame_1.jpg,02__kitchen_still_frame_1.jpg,saved
train,real,02__kitchen_still_frame_2.jpg,02__kitchen_still_frame_2.jpg,saved
train,real,02__kitchen_still_frame_3.jpg,02__kitchen_still_frame_3.jpg,saved
train,real,02__kitchen_still_frame_4.jpg,02__kitchen_still_frame_4.jpg,saved
train,real,02__kitchen_still_frame_5.jpg,02__kitchen_still_frame_5.jpg,saved
train,real,02__kitchen_still_frame_6.jpg,02__kitchen_still_frame_6.jpg,saved
train,real,02__kitchen_still_frame_7.jpg,02__kitchen_still_frame_7.jpg,saved
train,real,02__kitchen_still_frame_8.jpg,02__kitchen_still_frame_8.jpg,saved
train,real,02__kitchen_still_frame_9.jpg,02__kitchen_still_frame_9.jpg,saved
train,real,02__outside_talking_pan_laughing_frame_0.jpg,02__outside_talking_pan_laughing_frame_0.jpg,no face detected
train,real,02__outside_talking_pan_laughing_frame_1.jpg,02__outside_talking_pan_laughing_frame_1.jpg,saved
train,real,02__outside_talking_pan_laughing_frame_2.jpg,02__outside_talking_pan_laughing_frame_2.jpg,saved
train,real,02__outside_talking_pan_laughing_frame_3.jpg,02__outside_talking_pan_laughing_frame_3.jpg,saved
train,real,02__outside_talking_pan_laughing_frame_4.jpg,02__outside_talking_pan_laughing_frame_4.jpg,saved
train,real,02__outside_talking_pan_laughing_frame_5.jpg,02__outside_talking_pan_laughing_frame_5.jpg,saved
train,real,02__outside_talking_pan_laughing_frame_6.jpg,02__outside_talking_pan_laughing_frame_6.jpg,saved
train,real,02__outside_talking_pan_laughing_frame_7.jpg,02__outside_talking_pan_laughing_frame_7.jpg,saved
train,real,02__outside_talking_pan_laughing_frame_8.jpg,02__outside_talking_pan_laughing_frame_8.jpg,saved
train,real,02__outside_talking_pan_laughing_frame_9.jpg,02__outside_talking_pan_laughing_frame_9.jpg,no face detected
train,real,02__talking_against_wall_frame_0.jpg,02__talking_against_wall_frame_0.jpg,saved
train,real,02__talking_against_wall_frame_1.jpg,02__talking_against_wall_frame_1.jpg,saved
train,real,02__talking_against_wall_frame_2.jpg,02__talking_against_wall_frame_2.jpg,saved
train,real,02__talking_against_wall_frame_3.jpg,02__talking_against_wall_frame_3.jpg,saved
train,real,02__talking_against_wall_frame_4.jpg,02__talking_against_wall_frame_4.jpg,saved
train,real,02__talking_against_wall_frame_5.jpg,02__talking_against_wall_frame_5.jpg,saved
train,real,02__talking_against_wall_frame_6.jpg,02__talking_against_wall_frame_6.jpg,saved
train,real,02__talking_against_wall_frame_7.jpg,02__talking_against_wall_frame_7.jpg,saved
train,real,02__talking_against_wall_frame_8.jpg,02__talking_against_wall_frame_8.jpg,saved
train,real,02__talking_against_wall_frame_9.jpg,02__talking_against_wall_frame_9.jpg,saved
train,real,02__walk_down_hall_angry_frame_0.jpg,02__walk_down_hall_angry_frame_0.jpg,no face detected
train,real,02__walk_down_hall_angry_frame_1.jpg,02__walk_down_hall_angry_frame_1.jpg,saved
train,real,02__walk_down_hall_angry_frame_2.jpg,02__walk_down_hall_angry_frame_2.jpg,saved
train,real,02__walk_down_hall_angry_frame_3.jpg,02__walk_down_hall_angry_frame_3.jpg,saved
train,real,02__walk_down_hall_angry_frame_4.jpg,02__walk_down_hall_angry_frame_4.jpg,saved
train,real,02__walk_down_hall_angry_frame_5.jpg,02__walk_down_hall_angry_frame_5.jpg,saved
train,real,02__walk_down_hall_angry_frame_6.jpg,02__walk_down_hall_angry_frame_6.jpg,saved
train,real,02__walk_down_hall_angry_frame_7.jpg,02__walk_down_hall_angry_frame_7.jpg,saved
train,real,02__walk_down_hall_angry_frame_8.jpg,02__walk_down_hall_angry_frame_8.jpg,saved
train,real,02__walk_down_hall_angry_frame_9.jpg,02__walk_down_hall_angry_frame_9.jpg,saved
train,real,02__walking_down_indoor_hall_disgust_frame_0.jpg,02__walking_down_indoor_hall_disgust_frame_0.jpg,saved
train,real,02__walking_down_indoor_hall_disgust_frame_1.jpg,02__walking_down_indoor_hall_disgust_frame_1.jpg,saved
train,real,02__walking_down_indoor_hall_disgust_frame_2.jpg,02__walking_down_indoor_hall_disgust_frame_2.jpg,saved
train,real,02__walking_down_indoor_hall_disgust_frame_3.jpg,02__walking_down_indoor_hall_disgust_frame_3.jpg,saved
train,real,02__walking_down_indoor_hall_disgust_frame_4.jpg,02__walking_down_indoor_hall_disgust_frame_4.jpg,saved
train,real,02__walking_down_indoor_hall_disgust_frame_5.jpg,02__walking_down_indoor_hall_disgust_frame_5.jpg,saved
train,real,02__walking_down_indoor_hall_disgust_frame_6.jpg,02__walking_down_indoor_hall_disgust_frame_6.jpg,saved
train,real,02__walking_down_indoor_hall_disgust_frame_7.jpg,02__walking_down_indoor_hall_disgust_frame_7.jpg,saved
train,real,02__walking_down_indoor_hall_disgust_frame_8.jpg,02__walking_down_indoor_hall_disgust_frame_8.jpg,saved
train,real,02__walking_down_indoor_hall_disgust_frame_9.jpg,02__walking_down_indoor_hall_disgust_frame_9.jpg,saved
train,real,02__walking_down_street_outside_angry_frame_0.jpg,02__walking_down_street_outside_angry_frame_0.jpg,saved
train,real,02__walking_down_street_outside_angry_frame_1.jpg,02__walking_down_street_outside_angry_frame_1.jpg,saved
train,real,02__walking_down_street_outside_angry_frame_2.jpg,02__walking_down_street_outside_angry_frame_2.jpg,saved
train,real,02__walking_down_street_outside_angry_frame_3.jpg,02__walking_down_street_outside_angry_frame_3.jpg,saved
train,real,02__walking_down_street_outside_angry_frame_4.jpg,02__walking_down_street_outside_angry_frame_4.jpg,saved
train,real,02__walking_down_street_outside_angry_frame_5.jpg,02__walking_down_street_outside_angry_frame_5.jpg,saved
train,real,02__walking_down_street_outside_angry_frame_6.jpg,02__walking_down_street_outside_angry_frame_6.jpg,saved
train,real,02__walking_down_street_outside_angry_frame_7.jpg,02__walking_down_street_outside_angry_frame_7.jpg,saved
train,real,02__walking_down_street_outside_angry_frame_8.jpg,02__walking_down_street_outside_angry_frame_8.jpg,saved
train,real,02__walking_down_street_outside_angry_frame_9.jpg,02__walking_down_street_outside_angry_frame_9.jpg,saved
train,real,03__exit_phone_room_frame_0.jpg,03__exit_phone_room_frame_0.jpg,saved
train,real,03__exit_phone_room_frame_1.jpg,03__exit_phone_room_frame_1.jpg,saved
train,real,03__exit_phone_room_frame_2.jpg,03__exit_phone_room_frame_2.jpg,saved
train,real,03__exit_phone_room_frame_3.jpg,03__exit_phone_room_frame_3.jpg,saved
train,real,03__exit_phone_room_frame_4.jpg,03__exit_phone_room_frame_4.jpg,saved
train,real,03__exit_phone_room_frame_5.jpg,03__exit_phone_room_frame_5.jpg,saved
train,real,03__exit_phone_room_frame_6.jpg,03__exit_phone_room_frame_6.jpg,saved
train,real,03__exit_phone_room_frame_7.jpg,03__exit_phone_room_frame_7.jpg,saved
train,real,03__exit_phone_room_frame_8.jpg,03__exit_phone_room_frame_8.jpg,saved
train,real,03__exit_phone_room_frame_9.jpg,03__exit_phone_room_frame_9.jpg,saved
train,real,03__hugging_happy_frame_0.jpg,03__hugging_happy_frame_0.jpg,saved
train,real,03__hugging_happy_frame_1.jpg,03__hugging_happy_frame_1.jpg,saved
train,real,03__hugging_happy_frame_2.jpg,03__hugging_happy_frame_2.jpg,saved
train,real,03__hugging_happy_frame_3.jpg,03__hugging_happy_frame_3.jpg,saved
train,real,03__hugging_happy_frame_4.jpg,03__hugging_happy_frame_4.jpg,saved
train,real,03__hugging_happy_frame_5.jpg,03__hugging_happy_frame_5.jpg,saved
train,real,03__hugging_happy_frame_6.jpg,03__hugging_happy_frame_6.jpg,saved
train,real,03__hugging_happy_frame_7.jpg,03__hugging_happy_frame_7.jpg,saved
train,real,03__hugging_happy_frame_8.jpg,03__hugging_happy_frame_8.jpg,saved
train,real,03__hugging_happy_frame_9.jpg,03__hugging_happy_frame_9.jpg,saved
train,real,03__kitchen_pan_frame_0.jpg,03__kitchen_pan_frame_0.jpg,no face detected
train,real,03__kitchen_pan_frame_1.jpg,03__kitchen_pan_frame_1.jpg,saved
train,real,03__kitchen_pan_frame_2.jpg,03__kitchen_pan_frame_2.jpg,saved
train,real,03__kitchen_pan_frame_3.jpg,03__kitchen_pan_frame_3.jpg,saved
train,real,03__kitchen_pan_frame_4.jpg,03__kitchen_pan_frame_4.jpg,saved
train,real,03__kitchen_pan_frame_5.jpg,03__kitchen_pan_frame_5.jpg,saved
train,real,03__kitchen_pan_frame_6.jpg,03__kitchen_pan_frame_6.jpg,saved
train,real,03__kitchen_pan_frame_7.jpg,03__kitchen_pan_frame_7.jpg,saved
train,real,03__kitchen_pan_frame_8.jpg,03__kitchen_pan_frame_8.jpg,saved
train,real,03__kitchen_pan_frame_9.jpg,03__kitchen_pan_frame_9.jpg,no face detected
train,real,03__meeting_serious_frame_0.jpg,03__meeting_serious_frame_0.jpg,saved
train,real,03__meeting_serious_frame_1.jpg,03__meeting_serious_frame_1.jpg,saved
train,real,03__meeting_serious_frame_2.jpg,03__meeting_serious_frame_2.jpg,saved
train,real,03__meeting_serious_frame_3.jpg,03__meeting_serious_frame_3.jpg,saved
train,real,03__meeting_serious_frame_4.jpg,03__meeting_serious_frame_4.jpg,saved
train,real,03__meeting_serious_frame_5.jpg,03__meeting_serious_frame_5.jpg,saved
train,real,03__meeting_serious_frame_6.jpg,03__meeting_serious_frame_6.jpg,saved
train,real,03__meeting_serious_frame_7.jpg,03__meeting_serious_frame_7.jpg,saved
train,real,03__meeting_serious_frame_8.jpg,03__meeting_serious_frame_8.jpg,saved
train,real,03__meeting_serious_frame_9.jpg,03__meeting_serious_frame_9.jpg,saved
train,real,03__outside_talking_pan_laughing_frame_0.jpg,03__outside_talking_pan_laughing_frame_0.jpg,no face detected
train,real,03__outside_talking_pan_laughing_frame_1.jpg,03__outside_talking_pan_laughing_frame_1.jpg,saved
train,real,03__outside_talking_pan_laughing_frame_2.jpg,03__outside_talking_pan_laughing_frame_2.jpg,saved
train,real,03__outside_talking_pan_laughing_frame_3.jpg,03__outside_talking_pan_laughing_frame_3.jpg,saved
train,real,03__outside_talking_pan_laughing_frame_4.jpg,03__outside_talking_pan_laughing_frame_4.jpg,saved
train,real,03__outside_talking_pan_laughing_frame_5.jpg,03__outside_talking_pan_laughing_frame_5.jpg,saved
train,real,03__outside_talking_pan_laughing_frame_6.jpg,03__outside_talking_pan_laughing_frame_6.jpg,saved
train,real,03__outside_talking_pan_laughing_frame_7.jpg,03__outside_talking_pan_laughing_frame_7.jpg,saved
train,real,03__outside_talking_pan_laughing_frame_8.jpg,03__outside_talking_pan_laughing_frame_8.jpg,saved
train,real,03__outside_talking_pan_laughing_frame_9.jpg,03__outside_talking_pan_laughing_frame_9.jpg,no face detected
train,real,03__outside_talking_still_laughing_frame_0.jpg,03__outside_talking_still_laughing_frame_0.jpg,saved
train,real,03__outside_talking_still_laughing_frame_1.jpg,03__outside_talking_still_laughing_frame_1.jpg,saved
train,real,03__outside_talking_still_laughing_frame_2.jpg,03__outside_talking_still_laughing_frame_2.jpg,saved
train,real,03__outside_talking_still_laughing_frame_3.jpg,03__outside_talking_still_laughing_frame_3.jpg,saved
train,real,03__outside_talking_still_laughing_frame_4.jpg,03__outside_talking_still_laughing_frame_4.jpg,saved
train,real,03__outside_talking_still_laughing_frame_5.jpg,03__outside_talking_still_laughing_frame_5.jpg,saved
train,real,03__outside_talking_still_laughing_frame_6.jpg,03__outside_talking_still_laughing_frame_6.jpg,saved
train,real,03__outside_talking_still_laughing_frame_7.jpg,03__outside_talking_still_laughing_frame_7.jpg,saved
train,real,03__outside_talking_still_laughing_frame_8.jpg,03__outside_talking_still_laughing_frame_8.jpg,saved
train,real,03__outside_talking_still_laughing_frame_9.jpg,03__outside_talking_still_laughing_frame_9.jpg,saved
train,real,03__talking_against_wall_frame_0.jpg,03__talking_against_wall_frame_0.jpg,saved
train,real,03__talking_against_wall_frame_1.jpg,03__talking_against_wall_frame_1.jpg,saved
train,real,03__talking_against_wall_frame_2.jpg,03__talking_against_wall_frame_2.jpg,saved
train,real,03__talking_against_wall_frame_3.jpg,03__talking_against_wall_frame_3.jpg,saved
train,real,03__talking_against_wall_frame_4.jpg,03__talking_against_wall_frame_4.jpg,saved
train,real,03__talking_against_wall_frame_5.jpg,03__talking_against_wall_frame_5.jpg,saved
train,real,03__talking_against_wall_frame_6.jpg,03__talking_against_wall_frame_6.jpg,saved
train,real,03__talking_against_wall_frame_7.jpg,03__talking_against_wall_frame_7.jpg,saved
train,real,03__talking_against_wall_frame_8.jpg,03__talking_against_wall_frame_8.jpg,saved
train,real,03__talking_against_wall_frame_9.jpg,03__talking_against_wall_frame_9.jpg,saved
train,real,03__talking_angry_couch_frame_0.jpg,03__talking_angry_couch_frame_0.jpg,saved
train,real,03__talking_angry_couch_frame_1.jpg,03__talking_angry_couch_frame_1.jpg,saved
train,real,03__talking_angry_couch_frame_2.jpg,03__talking_angry_couch_frame_2.jpg,saved
train,real,03__talking_angry_couch_frame_3.jpg,03__talking_angry_couch_frame_3.jpg,saved
train,real,03__talking_angry_couch_frame_4.jpg,03__talking_angry_couch_frame_4.jpg,saved
train,real,03__talking_angry_couch_frame_5.jpg,03__talking_angry_couch_frame_5.jpg,saved
train,real,03__talking_angry_couch_frame_6.jpg,03__talking_angry_couch_frame_6.jpg,saved
train,real,03__talking_angry_couch_frame_7.jpg,03__talking_angry_couch_frame_7.jpg,saved
train,real,03__talking_angry_couch_frame_8.jpg,03__talking_angry_couch_frame_8.jpg,saved
train,real,03__talking_angry_couch_frame_9.jpg,03__talking_angry_couch_frame_9.jpg,saved
train,real,03__walk_down_hall_angry_frame_0.jpg,03__walk_down_hall_angry_frame_0.jpg,no face detected
train,real,03__walk_down_hall_angry_frame_1.jpg,03__walk_down_hall_angry_frame_1.jpg,saved
train,real,03__walk_down_hall_angry_frame_2.jpg,03__walk_down_hall_angry_frame_2.jpg,saved
train,real,03__walk_down_hall_angry_frame_3.jpg,03__walk_down_hall_angry_frame_3.jpg,saved
train,real,03__walk_down_hall_angry_frame_4.jpg,03__walk_down_hall_angry_frame_4.jpg,saved
train,real,03__walk_down_hall_angry_frame_5.jpg,03__walk_down_hall_angry_frame_5.jpg,saved
train,real,03__walk_down_hall_angry_frame_6.jpg,03__walk_down_hall_angry_frame_6.jpg,saved
train,real,03__walk_down_hall_angry_frame_7.jpg,03__walk_down_hall_angry_frame_7.jpg,saved
train,real,03__walk_down_hall_angry_frame_8.jpg,03__walk_down_hall_angry_frame_8.jpg,saved
train,real,03__walk_down_hall_angry_frame_9.jpg,03__walk_down_hall_angry_frame_9.jpg,saved
train,real,03__walking_and_outside_surprised_frame_0.jpg,03__walking_and_outside_surprised_frame_0.jpg,saved
train,real,03__walking_and_outside_surprised_frame_1.jpg,03__walking_and_outside_surprised_frame_1.jpg,saved
train,real,03__walking_and_outside_surprised_frame_2.jpg,03__walking_and_outside_surprised_frame_2.jpg,saved
train,real,03__walking_and_outside_surprised_frame_3.jpg,03__walking_and_outside_surprised_frame_3.jpg,saved
train,real,03__walking_and_outside_surprised_frame_4.jpg,03__walking_and_outside_surprised_frame_4.jpg,saved
train,real,03__walking_and_outside_surprised_frame_5.jpg,03__walking_and_outside_surprised_frame_5.jpg,saved
train,real,03__walking_and_outside_surprised_frame_6.jpg,03__walking_and_outside_surprised_frame_6.jpg,saved
train,real,03__walking_and_outside_surprised_frame_7.jpg,03__walking_and_outside_surprised_frame_7.jpg,saved
train,real,03__walking_and_outside_surprised_frame_8.jpg,03__walking_and_outside_surprised_frame_8.jpg,saved
train,real,03__walking_and_outside_surprised_frame_9.jpg,03__walking_and_outside_surprised_frame_9.jpg,saved
train,real,03__walking_down_indoor_hall_disgust_frame_0.jpg,03__walking_down_indoor_hall_disgust_frame_0.jpg,saved
train,real,03__walking_down_indoor_hall_disgust_frame_1.jpg,03__walking_down_indoor_hall_disgust_frame_1.jpg,saved
train,real,03__walking_down_indoor_hall_disgust_frame_2.jpg,03__walking_down_indoor_hall_disgust_frame_2.jpg,saved
train,real,03__walking_down_indoor_hall_disgust_frame_3.jpg,03__walking_down_indoor_hall_disgust_frame_3.jpg,saved
train,real,03__walking_down_indoor_hall_disgust_frame_4.jpg,03__walking_down_indoor_hall_disgust_frame_4.jpg,saved
train,real,03__walking_down_indoor_hall_disgust_frame_5.jpg,03__walking_down_indoor_hall_disgust_frame_5.jpg,saved
train,real,03__walking_down_indoor_hall_disgust_frame_6.jpg,03__walking_down_indoor_hall_disgust_frame_6.jpg,saved
train,real,03__walking_down_indoor_hall_disgust_frame_7.jpg,03__walking_down_indoor_hall_disgust_frame_7.jpg,saved
train,real,03__walking_down_indoor_hall_disgust_frame_8.jpg,03__walking_down_indoor_hall_disgust_frame_8.jpg,saved
train,real,03__walking_down_indoor_hall_disgust_frame_9.jpg,03__walking_down_indoor_hall_disgust_frame_9.jpg,saved
train,real,03__walking_down_street_outside_angry_frame_0.jpg,03__walking_down_street_outside_angry_frame_0.jpg,saved
train,real,03__walking_down_street_outside_angry_frame_1.jpg,03__walking_down_street_outside_angry_frame_1.jpg,saved
train,real,03__walking_down_street_outside_angry_frame_2.jpg,03__walking_down_street_outside_angry_frame_2.jpg,saved
train,real,03__walking_down_street_outside_angry_frame_3.jpg,03__walking_down_street_outside_angry_frame_3.jpg,saved
train,real,03__walking_down_street_outside_angry_frame_4.jpg,03__walking_down_street_outside_angry_frame_4.jpg,saved
train,real,03__walking_down_street_outside_angry_frame_5.jpg,03__walking_down_street_outside_angry_frame_5.jpg,saved
train,real,03__walking_down_street_outside_angry_frame_6.jpg,03__walking_down_street_outside_angry_frame_6.jpg,saved
train,real,03__walking_down_street_outside_angry_frame_7.jpg,03__walking_down_street_outside_angry_frame_7.jpg,saved
train,real,03__walking_down_street_outside_angry_frame_8.jpg,03__walking_down_street_outside_angry_frame_8.jpg,saved
train,real,03__walking_down_street_outside_angry_frame_9.jpg,03__walking_down_street_outside_angry_frame_9.jpg,saved
train,real,03__walking_outside_cafe_disgusted_frame_0.jpg,03__walking_outside_cafe_disgusted_frame_0.jpg,no face detected
train,real,03__walking_outside_cafe_disgusted_frame_1.jpg,03__walking_outside_cafe_disgusted_frame_1.jpg,saved
train,real,03__walking_outside_cafe_disgusted_frame_2.jpg,03__walking_outside_cafe_disgusted_frame_2.jpg,saved
train,real,03__walking_outside_cafe_disgusted_frame_3.jpg,03__walking_outside_cafe_disgusted_frame_3.jpg,saved
train,real,03__walking_outside_cafe_disgusted_frame_4.jpg,03__walking_outside_cafe_disgusted_frame_4.jpg,saved
train,real,03__walking_outside_cafe_disgusted_frame_5.jpg,03__walking_outside_cafe_disgusted_frame_5.jpg,saved
train,real,03__walking_outside_cafe_disgusted_frame_6.jpg,03__walking_outside_cafe_disgusted_frame_6.jpg,saved
train,real,03__walking_outside_cafe_disgusted_frame_7.jpg,03__walking_outside_cafe_disgusted_frame_7.jpg,saved
train,real,03__walking_outside_cafe_disgusted_frame_8.jpg,03__walking_outside_cafe_disgusted_frame_8.jpg,saved
train,real,03__walking_outside_cafe_disgusted_frame_9.jpg,03__walking_outside_cafe_disgusted_frame_9.jpg,saved
train,real,04__exit_phone_room_frame_0.jpg,04__exit_phone_room_frame_0.jpg,saved
train,real,04__exit_phone_room_frame_1.jpg,04__exit_phone_room_frame_1.jpg,saved
train,real,04__exit_phone_room_frame_2.jpg,04__exit_phone_room_frame_2.jpg,saved
train,real,04__exit_phone_room_frame_3.jpg,04__exit_phone_room_frame_3.jpg,saved
train,real,04__exit_phone_room_frame_4.jpg,04__exit_phone_room_frame_4.jpg,saved
train,real,04__exit_phone_room_frame_5.jpg,04__exit_phone_room_frame_5.jpg,saved
train,real,04__exit_phone_room_frame_6.jpg,04__exit_phone_room_frame_6.jpg,saved
train,real,04__exit_phone_room_frame_7.jpg,04__exit_phone_room_frame_7.jpg,saved
train,real,04__exit_phone_room_frame_8.jpg,04__exit_phone_room_frame_8.jpg,saved
train,real,04__exit_phone_room_frame_9.jpg,04__exit_phone_room_frame_9.jpg,saved
train,real,04__outside_talking_pan_laughing_frame_0.jpg,04__outside_talking_pan_laughing_frame_0.jpg,no face detected
train,real,04__outside_talking_pan_laughing_frame_1.jpg,04__outside_talking_pan_laughing_frame_1.jpg,saved
train,real,04__outside_talking_pan_laughing_frame_2.jpg,04__outside_talking_pan_laughing_frame_2.jpg,saved
train,real,04__outside_talking_pan_laughing_frame_3.jpg,04__outside_talking_pan_laughing_frame_3.jpg,saved
train,real,04__outside_talking_pan_laughing_frame_4.jpg,04__outside_talking_pan_laughing_frame_4.jpg,saved
train,real,04__outside_talking_pan_laughing_frame_5.jpg,04__outside_talking_pan_laughing_frame_5.jpg,saved
train,real,04__outside_talking_pan_laughing_frame_6.jpg,04__outside_talking_pan_laughing_frame_6.jpg,saved
train,real,04__outside_talking_pan_laughing_frame_7.jpg,04__outside_talking_pan_laughing_frame_7.jpg,saved
train,real,04__outside_talking_pan_laughing_frame_8.jpg,04__outside_talking_pan_laughing_frame_8.jpg,saved
train,real,04__outside_talking_pan_laughing_frame_9.jpg,04__outside_talking_pan_laughing_frame_9.jpg,no face detected
train,real,04__outside_talking_still_laughing_frame_0.jpg,04__outside_talking_still_laughing_frame_0.jpg,saved
train,real,04__outside_talking_still_laughing_frame_1.jpg,04__outside_talking_still_laughing_frame_1.jpg,saved
train,real,04__outside_talking_still_laughing_frame_2.jpg,04__outside_talking_still_laughing_frame_2.jpg,saved
train,real,04__outside_talking_still_laughing_frame_3.jpg,04__outside_talking_still_laughing_frame_3.jpg,saved
train,real,04__outside_talking_still_laughing_frame_4.jpg,04__outside_talking_still_laughing_frame_4.jpg,saved
train,real,04__outside_talking_still_laughing_frame_5.jpg,04__outside_talking_still_laughing_frame_5.jpg,saved
train,real,04__outside_talking_still_laughing_frame_6.jpg,04__outside_talking_still_laughing_frame_6.jpg,saved
train,real,04__outside_talking_still_laughing_frame_7.jpg,04__outside_talking_still_laughing_frame_7.jpg,saved
train,real,04__outside_talking_still_laughing_frame_8.jpg,04__outside_talking_still_laughing_frame_8.jpg,saved
train,real,04__outside_talking_still_laughing_frame_9.jpg,04__outside_talking_still_laughing_frame_9.jpg,saved
train,real,04__podium_speech_happy_frame_0.jpg,04__podium_speech_happy_frame_0.jpg,saved
train,real,04__podium_speech_happy_frame_1.jpg,04__podium_speech_happy_frame_1.jpg,saved
train,real,04__podium_speech_happy_frame_2.jpg,04__podium_speech_happy_frame_2.jpg,saved
train,real,04__podium_speech_happy_frame_3.jpg,04__podium_speech_happy_frame_3.jpg,saved
train,real,04__podium_speech_happy_frame_4.jpg,04__podium_speech_happy_frame_4.jpg,saved
train,real,04__podium_speech_happy_frame_5.jpg,04__podium_speech_happy_frame_5.jpg,saved
train,real,04__podium_speech_happy_frame_6.jpg,04__podium_speech_happy_frame_6.jpg,saved
train,real,04__podium_speech_happy_frame_7.jpg,04__podium_speech_happy_frame_7.jpg,saved
train,real,04__podium_speech_happy_frame_8.jpg,04__podium_speech_happy_frame_8.jpg,saved
train,real,04__podium_speech_happy_frame_9.jpg,04__podium_speech_happy_frame_9.jpg,saved
train,real,04__secret_conversation_frame_0.jpg,04__secret_conversation_frame_0.jpg,saved
train,real,04__secret_conversation_frame_1.jpg,04__secret_conversation_frame_1.jpg,saved
train,real,04__secret_conversation_frame_2.jpg,04__secret_conversation_frame_2.jpg,saved
train,real,04__secret_conversation_frame_3.jpg,04__secret_conversation_frame_3.jpg,saved
train,real,04__secret_conversation_frame_4.jpg,04__secret_conversation_frame_4.jpg,saved
train,real,04__secret_conversation_frame_5.jpg,04__secret_conversation_frame_5.jpg,saved
train,real,04__secret_conversation_frame_6.jpg,04__secret_conversation_frame_6.jpg,saved
train,real,04__secret_conversation_frame_7.jpg,04__secret_conversation_frame_7.jpg,saved
train,real,04__secret_conversation_frame_8.jpg,04__secret_conversation_frame_8.jpg,saved
train,real,04__secret_conversation_frame_9.jpg,04__secret_conversation_frame_9.jpg,saved
train,real,05__exit_phone_room_frame_0.jpg,05__exit_phone_room_frame_0.jpg,saved
train,real,05__exit_phone_room_frame_1.jpg,05__exit_phone_room_frame_1.jpg,saved
train,real,05__exit_phone_room_frame_2.jpg,05__exit_phone_room_frame_2.jpg,saved
train,real,05__exit_phone_room_frame_3.jpg,05__exit_phone_room_frame_3.jpg,saved
train,real,05__exit_phone_room_frame_4.jpg,05__exit_phone_room_frame_4.jpg,saved
train,real,05__exit_phone_room_frame_5.jpg,05__exit_phone_room_frame_5.jpg,saved
train,real,05__exit_phone_room_frame_6.jpg,05__exit_phone_room_frame_6.jpg,saved
train,real,05__exit_phone_room_frame_7.jpg,05__exit_phone_room_frame_7.jpg,saved
train,real,05__exit_phone_room_frame_8.jpg,05__exit_phone_room_frame_8.jpg,saved
train,real,05__exit_phone_room_frame_9.jpg,05__exit_phone_room_frame_9.jpg,saved
train,real,05__hugging_happy_frame_0.jpg,05__hugging_happy_frame_0.jpg,saved
train,real,05__hugging_happy_frame_1.jpg,05__hugging_happy_frame_1.jpg,saved
train,real,05__hugging_happy_frame_2.jpg,05__hugging_happy_frame_2.jpg,saved
train,real,05__hugging_happy_frame_3.jpg,05__hugging_happy_frame_3.jpg,saved
train,real,05__hugging_happy_frame_4.jpg,05__hugging_happy_frame_4.jpg,saved
train,real,05__hugging_happy_frame_5.jpg,05__hugging_happy_frame_5.jpg,saved
train,real,05__hugging_happy_frame_6.jpg,05__hugging_happy_frame_6.jpg,saved
train,real,05__hugging_happy_frame_7.jpg,05__hugging_happy_frame_7.jpg,saved
train,real,05__hugging_happy_frame_8.jpg,05__hugging_happy_frame_8.jpg,saved
train,real,05__hugging_happy_frame_9.jpg,05__hugging_happy_frame_9.jpg,saved
train,real,05__kitchen_still_frame_0.jpg,05__kitchen_still_frame_0.jpg,saved
train,real,05__kitchen_still_frame_1.jpg,05__kitchen_still_frame_1.jpg,saved
train,real,05__kitchen_still_frame_2.jpg,05__kitchen_still_frame_2.jpg,saved
train,real,05__kitchen_still_frame_3.jpg,05__kitchen_still_frame_3.jpg,saved
train,real,05__kitchen_still_frame_4.jpg,05__kitchen_still_frame_4.jpg,saved
train,real,05__kitchen_still_frame_5.jpg,05__kitchen_still_frame_5.jpg,saved
train,real,05__kitchen_still_frame_6.jpg,05__kitchen_still_frame_6.jpg,saved
train,real,05__kitchen_still_frame_7.jpg,05__kitchen_still_frame_7.jpg,saved
train,real,05__kitchen_still_frame_8.jpg,05__kitchen_still_frame_8.jpg,saved
train,real,05__kitchen_still_frame_9.jpg,05__kitchen_still_frame_9.jpg,saved
train,real,05__outside_talking_pan_laughing_frame_0.jpg,05__outside_talking_pan_laughing_frame_0.jpg,no face detected
train,real,05__outside_talking_pan_laughing_frame_1.jpg,05__outside_talking_pan_laughing_frame_1.jpg,saved
train,real,05__outside_talking_pan_laughing_frame_2.jpg,05__outside_talking_pan_laughing_frame_2.jpg,saved
train,real,05__outside_talking_pan_laughing_frame_3.jpg,05__outside_talking_pan_laughing_frame_3.jpg,saved
train,real,05__outside_talking_pan_laughing_frame_4.jpg,05__outside_talking_pan_laughing_frame_4.jpg,saved
train,real,05__outside_talking_pan_laughing_frame_5.jpg,05__outside_talking_pan_laughing_frame_5.jpg,saved
train,real,05__outside_talking_pan_laughing_frame_6.jpg,05__outside_talking_pan_laughing_frame_6.jpg,saved
train,real,05__outside_talking_pan_laughing_frame_7.jpg,05__outside_talking_pan_laughing_frame_7.jpg,saved
train,real,05__outside_talking_pan_laughing_frame_8.jpg,05__outside_talking_pan_laughing_frame_8.jpg,saved
train,real,05__outside_talking_pan_laughing_frame_9.jpg,05__outside_talking_pan_laughing_frame_9.jpg,no face detected
train,real,05__outside_talking_still_laughing_frame_0.jpg,05__outside_talking_still_laughing_frame_0.jpg,saved
train,real,05__outside_talking_still_laughing_frame_1.jpg,05__outside_talking_still_laughing_frame_1.jpg,saved
train,real,05__outside_talking_still_laughing_frame_2.jpg,05__outside_talking_still_laughing_frame_2.jpg,saved
train,real,05__outside_talking_still_laughing_frame_3.jpg,05__outside_talking_still_laughing_frame_3.jpg,saved
train,real,05__outside_talking_still_laughing_frame_4.jpg,05__outside_talking_still_laughing_frame_4.jpg,saved
train,real,05__outside_talking_still_laughing_frame_5.jpg,05__outside_talking_still_laughing_frame_5.jpg,saved
train,real,05__outside_talking_still_laughing_frame_6.jpg,05__outside_talking_still_laughing_frame_6.jpg,saved
train,real,05__outside_talking_still_laughing_frame_7.jpg,05__outside_talking_still_laughing_frame_7.jpg,saved
train,real,05__outside_talking_still_laughing_frame_8.jpg,05__outside_talking_still_laughing_frame_8.jpg,saved
train,real,05__outside_talking_still_laughing_frame_9.jpg,05__outside_talking_still_laughing_frame_9.jpg,saved
train,real,05__podium_speech_happy_frame_0.jpg,05__podium_speech_happy_frame_0.jpg,saved
train,real,05__podium_speech_happy_frame_1.jpg,05__podium_speech_happy_frame_1.jpg,saved
train,real,05__podium_speech_happy_frame_2.jpg,05__podium_speech_happy_frame_2.jpg,saved
train,real,05__podium_speech_happy_frame_3.jpg,05__podium_speech_happy_frame_3.jpg,saved
train,real,05__podium_speech_happy_frame_4.jpg,05__podium_speech_happy_frame_4.jpg,saved
train,real,05__podium_speech_happy_frame_5.jpg,05__podium_speech_happy_frame_5.jpg,saved
train,real,05__podium_speech_happy_frame_6.jpg,05__podium_speech_happy_frame_6.jpg,saved
train,real,05__podium_speech_happy_frame_7.jpg,05__podium_speech_happy_frame_7.jpg,saved
train,real,05__podium_speech_happy_frame_8.jpg,05__podium_speech_happy_frame_8.jpg,saved
train,real,05__podium_speech_happy_frame_9.jpg,05__podium_speech_happy_frame_9.jpg,saved
train,real,05__walk_down_hall_angry_frame_0.jpg,05__walk_down_hall_angry_frame_0.jpg,no face detected
train,real,05__walk_down_hall_angry_frame_1.jpg,05__walk_down_hall_angry_frame_1.jpg,saved
train,real,05__walk_down_hall_angry_frame_2.jpg,05__walk_down_hall_angry_frame_2.jpg,saved
train,real,05__walk_down_hall_angry_frame_3.jpg,05__walk_down_hall_angry_frame_3.jpg,saved
train,real,05__walk_down_hall_angry_frame_4.jpg,05__walk_down_hall_angry_frame_4.jpg,saved
train,real,05__walk_down_hall_angry_frame_5.jpg,05__walk_down_hall_angry_frame_5.jpg,saved
train,real,05__walk_down_hall_angry_frame_6.jpg,05__walk_down_hall_angry_frame_6.jpg,saved
train,real,05__walk_down_hall_angry_frame_7.jpg,05__walk_down_hall_angry_frame_7.jpg,saved
train,real,05__walk_down_hall_angry_frame_8.jpg,05__walk_down_hall_angry_frame_8.jpg,saved
train,real,05__walk_down_hall_angry_frame_9.jpg,05__walk_down_hall_angry_frame_9.jpg,saved
train,real,05__walking_down_street_outside_angry_frame_0.jpg,05__walking_down_street_outside_angry_frame_0.jpg,saved
train,real,05__walking_down_street_outside_angry_frame_1.jpg,05__walking_down_street_outside_angry_frame_1.jpg,saved
train,real,05__walking_down_street_outside_angry_frame_2.jpg,05__walking_down_street_outside_angry_frame_2.jpg,saved
train,real,05__walking_down_street_outside_angry_frame_3.jpg,05__walking_down_street_outside_angry_frame_3.jpg,saved
train,real,05__walking_down_street_outside_angry_frame_4.jpg,05__walking_down_street_outside_angry_frame_4.jpg,saved
train,real,05__walking_down_street_outside_angry_frame_5.jpg,05__walking_down_street_outside_angry_frame_5.jpg,saved
train,real,05__walking_down_street_outside_angry_frame_6.jpg,05__walking_down_street_outside_angry_frame_6.jpg,saved
train,real,05__walking_down_street_outside_angry_frame_7.jpg,05__walking_down_street_outside_angry_frame_7.jpg,saved
train,real,05__walking_down_street_outside_angry_frame_8.jpg,05__walking_down_street_outside_angry_frame_8.jpg,saved
train,real,05__walking_down_street_outside_angry_frame_9.jpg,05__walking_down_street_outside_angry_frame_9.jpg,saved
train,real,06__hugging_happy_frame_0.jpg,06__hugging_happy_frame_0.jpg,saved
train,real,06__hugging_happy_frame_1.jpg,06__hugging_happy_frame_1.jpg,saved
train,real,06__hugging_happy_frame_2.jpg,06__hugging_happy_frame_2.jpg,saved
train,real,06__hugging_happy_frame_3.jpg,06__hugging_happy_frame_3.jpg,saved
train,real,06__hugging_happy_frame_4.jpg,06__hugging_happy_frame_4.jpg,saved
train,real,06__hugging_happy_frame_5.jpg,06__hugging_happy_frame_5.jpg,saved
train,real,06__hugging_happy_frame_6.jpg,06__hugging_happy_frame_6.jpg,saved
train,real,06__hugging_happy_frame_7.jpg,06__hugging_happy_frame_7.jpg,saved
train,real,06__hugging_happy_frame_8.jpg,06__hugging_happy_frame_8.jpg,saved
train,real,06__hugging_happy_frame_9.jpg,06__hugging_happy_frame_9.jpg,saved
train,real,06__kitchen_pan_frame_0.jpg,06__kitchen_pan_frame_0.jpg,no face detected
train,real,06__kitchen_pan_frame_1.jpg,06__kitchen_pan_frame_1.jpg,saved
train,real,06__kitchen_pan_frame_2.jpg,06__kitchen_pan_frame_2.jpg,saved
train,real,06__kitchen_pan_frame_3.jpg,06__kitchen_pan_frame_3.jpg,saved
train,real,06__kitchen_pan_frame_4.jpg,06__kitchen_pan_frame_4.jpg,saved
train,real,06__kitchen_pan_frame_5.jpg,06__kitchen_pan_frame_5.jpg,saved
train,real,06__kitchen_pan_frame_6.jpg,06__kitchen_pan_frame_6.jpg,saved
train,real,06__kitchen_pan_frame_7.jpg,06__kitchen_pan_frame_7.jpg,saved
train,real,06__kitchen_pan_frame_8.jpg,06__kitchen_pan_frame_8.jpg,saved
train,real,06__kitchen_pan_frame_9.jpg,06__kitchen_pan_frame_9.jpg,no face detected
train,real,06__kitchen_still_frame_0.jpg,06__kitchen_still_frame_0.jpg,saved
train,real,06__kitchen_still_frame_1.jpg,06__kitchen_still_frame_1.jpg,saved
train,real,06__kitchen_still_frame_2.jpg,06__kitchen_still_frame_2.jpg,saved
train,real,06__kitchen_still_frame_3.jpg,06__kitchen_still_frame_3.jpg,saved
train,real,06__kitchen_still_frame_4.jpg,06__kitchen_still_frame_4.jpg,saved
train,real,06__kitchen_still_frame_5.jpg,06__kitchen_still_frame_5.jpg,saved
train,real,06__kitchen_still_frame_6.jpg,06__kitchen_still_frame_6.jpg,saved
train,real,06__kitchen_still_frame_7.jpg,06__kitchen_still_frame_7.jpg,saved
train,real,06__kitchen_still_frame_8.jpg,06__kitchen_still_frame_8.jpg,saved
train,real,06__kitchen_still_frame_9.jpg,06__kitchen_still_frame_9.jpg,saved
train,real,06__outside_talking_still_laughing_frame_0.jpg,06__outside_talking_still_laughing_frame_0.jpg,saved
train,real,06__outside_talking_still_laughing_frame_1.jpg,06__outside_talking_still_laughing_frame_1.jpg,saved
train,real,06__outside_talking_still_laughing_frame_2.jpg,06__outside_talking_still_laughing_frame_2.jpg,saved
train,real,06__outside_talking_still_laughing_frame_3.jpg,06__outside_talking_still_laughing_frame_3.jpg,saved
train,real,06__outside_talking_still_laughing_frame_4.jpg,06__outside_talking_still_laughing_frame_4.jpg,saved
train,real,06__outside_talking_still_laughing_frame_5.jpg,06__outside_talking_still_laughing_frame_5.jpg,saved
train,real,06__outside_talking_still_laughing_frame_6.jpg,06__outside_talking_still_laughing_frame_6.jpg,saved
train,real,06__outside_talking_still_laughing_frame_7.jpg,06__outside_talking_still_laughing_frame_7.jpg,saved
train,real,06__outside_talking_still_laughing_frame_8.jpg,06__outside_talking_still_laughing_frame_8.jpg,saved
train,real,06__outside_talking_still_laughing_frame_9.jpg,06__outside_talking_still_laughing_frame_9.jpg,saved
train,real,06__podium_speech_happy_frame_0.jpg,06__podium_speech_happy_frame_0.jpg,saved
train,real,06__podium_speech_happy_frame_1.jpg,06__podium_speech_happy_frame_1.jpg,saved
train,real,06__podium_speech_happy_frame_2.jpg,06__podium_speech_happy_frame_2.jpg,saved
train,real,06__podium_speech_happy_frame_3.jpg,06__podium_speech_happy_frame_3.jpg,saved
train,real,06__podium_speech_happy_frame_4.jpg,06__podium_speech_happy_frame_4.jpg,saved
train,real,06__podium_speech_happy_frame_5.jpg,06__podium_speech_happy_frame_5.jpg,saved
train,real,06__podium_speech_happy_frame_6.jpg,06__podium_speech_happy_frame_6.jpg,saved
train,real,06__podium_speech_happy_frame_7.jpg,06__podium_speech_happy_frame_7.jpg,saved
train,real,06__podium_speech_happy_frame_8.jpg,06__podium_speech_happy_frame_8.jpg,saved
train,real,06__podium_speech_happy_frame_9.jpg,06__podium_speech_happy_frame_9.jpg,saved
train,real,06__talking_against_wall_frame_0.jpg,06__talking_against_wall_frame_0.jpg,saved
train,real,06__talking_against_wall_frame_1.jpg,06__talking_against_wall_frame_1.jpg,saved
train,real,06__talking_against_wall_frame_2.jpg,06__talking_against_wall_frame_2.jpg,saved
train,real,06__talking_against_wall_frame_3.jpg,06__talking_against_wall_frame_3.jpg,saved
train,real,06__talking_against_wall_frame_4.jpg,06__talking_against_wall_frame_4.jpg,saved
train,real,06__talking_against_wall_frame_5.jpg,06__talking_against_wall_frame_5.jpg,saved
train,real,06__talking_against_wall_frame_6.jpg,06__talking_against_wall_frame_6.jpg,saved
train,real,06__talking_against_wall_frame_7.jpg,06__talking_against_wall_frame_7.jpg,saved
train,real,06__talking_against_wall_frame_8.jpg,06__talking_against_wall_frame_8.jpg,saved
train,real,06__talking_against_wall_frame_9.jpg,06__talking_against_wall_frame_9.jpg,saved
train,real,06__talking_angry_couch_frame_0.jpg,06__talking_angry_couch_frame_0.jpg,saved
train,real,06__talking_angry_couch_frame_1.jpg,06__talking_angry_couch_frame_1.jpg,saved
train,real,06__talking_angry_couch_frame_2.jpg,06__talking_angry_couch_frame_2.jpg,saved
train,real,06__talking_angry_couch_frame_3.jpg,06__talking_angry_couch_frame_3.jpg,saved
train,real,06__talking_angry_couch_frame_4.jpg,06__talking_angry_couch_frame_4.jpg,saved
train,real,06__talking_angry_couch_frame_5.jpg,06__talking_angry_couch_frame_5.jpg,saved
train,real,06__talking_angry_couch_frame_6.jpg,06__talking_angry_couch_frame_6.jpg,saved
train,real,06__talking_angry_couch_frame_7.jpg,06__talking_angry_couch_frame_7.jpg,saved
train,real,06__talking_angry_couch_frame_8.jpg,06__talking_angry_couch_frame_8.jpg,saved
train,real,06__talking_angry_couch_frame_9.jpg,06__talking_angry_couch_frame_9.jpg,saved
train,real,06__walk_down_hall_angry_frame_0.jpg,06__walk_down_hall_angry_frame_0.jpg,no face detected
train,real,06__walk_down_hall_angry_frame_1.jpg,06__walk_down_hall_angry_frame_1.jpg,saved
train,real,06__walk_down_hall_angry_frame_2.jpg,06__walk_down_hall_angry_frame_2.jpg,saved
train,real,06__walk_down_hall_angry_frame_3.jpg,06__walk_down_hall_angry_frame_3.jpg,saved
train,real,06__walk_down_hall_angry_frame_4.jpg,06__walk_down_hall_angry_frame_4.jpg,saved
train,real,06__walk_down_hall_angry_frame_5.jpg,06__walk_down_hall_angry_frame_5.jpg,saved
train,real,06__walk_down_hall_angry_frame_6.jpg,06__walk_down_hall_angry_frame_6.jpg,saved
train,real,06__walk_down_hall_angry_frame_7.jpg,06__walk_down_hall_angry_frame_7.jpg,saved
train,real,06__walk_down_hall_angry_frame_8.jpg,06__walk_down_hall_angry_frame_8.jpg,saved
train,real,06__walk_down_hall_angry_frame_9.jpg,06__walk_down_hall_angry_frame_9.jpg,saved
train,real,06__walking_and_outside_surprised_frame_0.jpg,06__walking_and_outside_surprised_frame_0.jpg,saved
train,real,06__walking_and_outside_surprised_frame_1.jpg,06__walking_and_outside_surprised_frame_1.jpg,saved
train,real,06__walking_and_outside_surprised_frame_2.jpg,06__walking_and_outside_surprised_frame_2.jpg,saved
train,real,06__walking_and_outside_surprised_frame_3.jpg,06__walking_and_outside_surprised_frame_3.jpg,saved
train,real,06__walking_and_outside_surprised_frame_4.jpg,06__walking_and_outside_surprised_frame_4.jpg,saved
train,real,06__walking_and_outside_surprised_frame_5.jpg,06__walking_and_outside_surprised_frame_5.jpg,saved
train,real,06__walking_and_outside_surprised_frame_6.jpg,06__walking_and_outside_surprised_frame_6.jpg,saved
train,real,06__walking_and_outside_surprised_frame_7.jpg,06__walking_and_outside_surprised_frame_7.jpg,saved
train,real,06__walking_and_outside_surprised_frame_8.jpg,06__walking_and_outside_surprised_frame_8.jpg,saved
train,real,06__walking_and_outside_surprised_frame_9.jpg,06__walking_and_outside_surprised_frame_9.jpg,saved
train,real,06__walking_down_indoor_hall_disgust_frame_0.jpg,06__walking_down_indoor_hall_disgust_frame_0.jpg,saved
train,real,06__walking_down_indoor_hall_disgust_frame_1.jpg,06__walking_down_indoor_hall_disgust_frame_1.jpg,saved
train,real,06__walking_down_indoor_hall_disgust_frame_2.jpg,06__walking_down_indoor_hall_disgust_frame_2.jpg,saved
train,real,06__walking_down_indoor_hall_disgust_frame_3.jpg,06__walking_down_indoor_hall_disgust_frame_3.jpg,saved
train,real,06__walking_down_indoor_hall_disgust_frame_4.jpg,06__walking_down_indoor_hall_disgust_frame_4.jpg,saved
train,real,06__walking_down_indoor_hall_disgust_frame_5.jpg,06__walking_down_indoor_hall_disgust_frame_5.jpg,saved
train,real,06__walking_down_indoor_hall_disgust_frame_6.jpg,06__walking_down_indoor_hall_disgust_frame_6.jpg,saved
train,real,06__walking_down_indoor_hall_disgust_frame_7.jpg,06__walking_down_indoor_hall_disgust_frame_7.jpg,saved
train,real,06__walking_down_indoor_hall_disgust_frame_8.jpg,06__walking_down_indoor_hall_disgust_frame_8.jpg,saved
train,real,06__walking_down_indoor_hall_disgust_frame_9.jpg,06__walking_down_indoor_hall_disgust_frame_9.jpg,saved
train,real,06__walking_down_street_outside_angry_frame_0.jpg,06__walking_down_street_outside_angry_frame_0.jpg,saved
train,real,06__walking_down_street_outside_angry_frame_1.jpg,06__walking_down_street_outside_angry_frame_1.jpg,saved
train,real,06__walking_down_street_outside_angry_frame_2.jpg,06__walking_down_street_outside_angry_frame_2.jpg,saved
train,real,06__walking_down_street_outside_angry_frame_3.jpg,06__walking_down_street_outside_angry_frame_3.jpg,saved
train,real,06__walking_down_street_outside_angry_frame_4.jpg,06__walking_down_street_outside_angry_frame_4.jpg,saved
train,real,06__walking_down_street_outside_angry_frame_5.jpg,06__walking_down_street_outside_angry_frame_5.jpg,saved
train,real,06__walking_down_street_outside_angry_frame_6.jpg,06__walking_down_street_outside_angry_frame_6.jpg,saved
train,real,06__walking_down_street_outside_angry_frame_7.jpg,06__walking_down_street_outside_angry_frame_7.jpg,saved
train,real,06__walking_down_street_outside_angry_frame_8.jpg,06__walking_down_street_outside_angry_frame_8.jpg,saved
train,real,06__walking_down_street_outside_angry_frame_9.jpg,06__walking_down_street_outside_angry_frame_9.jpg,saved
train,real,06__walking_outside_cafe_disgusted_frame_0.jpg,06__walking_outside_cafe_disgusted_frame_0.jpg,saved
train,real,06__walking_outside_cafe_disgusted_frame_1.jpg,06__walking_outside_cafe_disgusted_frame_1.jpg,saved
train,real,06__walking_outside_cafe_disgusted_frame_2.jpg,06__walking_outside_cafe_disgusted_frame_2.jpg,saved
train,real,06__walking_outside_cafe_disgusted_frame_3.jpg,06__walking_outside_cafe_disgusted_frame_3.jpg,saved
train,real,06__walking_outside_cafe_disgusted_frame_4.jpg,06__walking_outside_cafe_disgusted_frame_4.jpg,saved
train,real,06__walking_outside_cafe_disgusted_frame_5.jpg,06__walking_outside_cafe_disgusted_frame_5.jpg,saved
train,real,06__walking_outside_cafe_disgusted_frame_6.jpg,06__walking_outside_cafe_disgusted_frame_6.jpg,saved
train,real,06__walking_outside_cafe_disgusted_frame_7.jpg,06__walking_outside_cafe_disgusted_frame_7.jpg,saved
train,real,06__walking_outside_cafe_disgusted_frame_8.jpg,06__walking_outside_cafe_disgusted_frame_8.jpg,saved
train,real,06__walking_outside_cafe_disgusted_frame_9.jpg,06__walking_outside_cafe_disgusted_frame_9.jpg,saved
train,real,07__exit_phone_room_frame_0.jpg,07__exit_phone_room_frame_0.jpg,saved
train,real,07__exit_phone_room_frame_1.jpg,07__exit_phone_room_frame_1.jpg,saved
train,real,07__exit_phone_room_frame_2.jpg,07__exit_phone_room_frame_2.jpg,saved
train,real,07__exit_phone_room_frame_3.jpg,07__exit_phone_room_frame_3.jpg,saved
train,real,07__exit_phone_room_frame_4.jpg,07__exit_phone_room_frame_4.jpg,saved
train,real,07__exit_phone_room_frame_5.jpg,07__exit_phone_room_frame_5.jpg,saved
train,real,07__exit_phone_room_frame_6.jpg,07__exit_phone_room_frame_6.jpg,saved
train,real,07__exit_phone_room_frame_7.jpg,07__exit_phone_room_frame_7.jpg,saved
train,real,07__exit_phone_room_frame_8.jpg,07__exit_phone_room_frame_8.jpg,saved
train,real,07__exit_phone_room_frame_9.jpg,07__exit_phone_room_frame_9.jpg,saved
train,real,07__outside_talking_pan_laughing_frame_0.jpg,07__outside_talking_pan_laughing_frame_0.jpg,no face detected
train,real,07__outside_talking_pan_laughing_frame_1.jpg,07__outside_talking_pan_laughing_frame_1.jpg,saved
train,real,07__outside_talking_pan_laughing_frame_2.jpg,07__outside_talking_pan_laughing_frame_2.jpg,saved
train,real,07__outside_talking_pan_laughing_frame_3.jpg,07__outside_talking_pan_laughing_frame_3.jpg,saved
train,real,07__outside_talking_pan_laughing_frame_4.jpg,07__outside_talking_pan_laughing_frame_4.jpg,saved
train,real,07__outside_talking_pan_laughing_frame_5.jpg,07__outside_talking_pan_laughing_frame_5.jpg,saved
train,real,07__outside_talking_pan_laughing_frame_6.jpg,07__outside_talking_pan_laughing_frame_6.jpg,saved
train,real,07__outside_talking_pan_laughing_frame_7.jpg,07__outside_talking_pan_laughing_frame_7.jpg,saved
train,real,07__outside_talking_pan_laughing_frame_8.jpg,07__outside_talking_pan_laughing_frame_8.jpg,saved
train,real,07__outside_talking_pan_laughing_frame_9.jpg,07__outside_talking_pan_laughing_frame_9.jpg,no face detected
train,real,07__outside_talking_still_laughing_frame_0.jpg,07__outside_talking_still_laughing_frame_0.jpg,saved
train,real,07__outside_talking_still_laughing_frame_1.jpg,07__outside_talking_still_laughing_frame_1.jpg,saved
train,real,07__outside_talking_still_laughing_frame_2.jpg,07__outside_talking_still_laughing_frame_2.jpg,saved
train,real,07__outside_talking_still_laughing_frame_3.jpg,07__outside_talking_still_laughing_frame_3.jpg,saved
train,real,07__outside_talking_still_laughing_frame_4.jpg,07__outside_talking_still_laughing_frame_4.jpg,saved
train,real,07__outside_talking_still_laughing_frame_5.jpg,07__outside_talking_still_laughing_frame_5.jpg,saved
train,real,07__outside_talking_still_laughing_frame_6.jpg,07__outside_talking_still_laughing_frame_6.jpg,saved
train,real,07__outside_talking_still_laughing_frame_7.jpg,07__outside_talking_still_laughing_frame_7.jpg,saved
train,real,07__outside_talking_still_laughing_frame_8.jpg,07__outside_talking_still_laughing_frame_8.jpg,saved
train,real,07__outside_talking_still_laughing_frame_9.jpg,07__outside_talking_still_laughing_frame_9.jpg,saved
train,real,07__talking_against_wall_frame_0.jpg,07__talking_against_wall_frame_0.jpg,saved
train,real,07__talking_against_wall_frame_1.jpg,07__talking_against_wall_frame_1.jpg,saved
train,real,07__talking_against_wall_frame_2.jpg,07__talking_against_wall_frame_2.jpg,saved
train,real,07__talking_against_wall_frame_3.jpg,07__talking_against_wall_frame_3.jpg,saved
train,real,07__talking_against_wall_frame_4.jpg,07__talking_against_wall_frame_4.jpg,saved
train,real,07__talking_against_wall_frame_5.jpg,07__talking_against_wall_frame_5.jpg,saved
train,real,07__talking_against_wall_frame_6.jpg,07__talking_against_wall_frame_6.jpg,saved
train,real,07__talking_against_wall_frame_7.jpg,07__talking_against_wall_frame_7.jpg,saved
train,real,07__talking_against_wall_frame_8.jpg,07__talking_against_wall_frame_8.jpg,saved
train,real,07__talking_against_wall_frame_9.jpg,07__talking_against_wall_frame_9.jpg,saved
train,real,07__talking_angry_couch_frame_0.jpg,07__talking_angry_couch_frame_0.jpg,saved
train,real,07__talking_angry_couch_frame_1.jpg,07__talking_angry_couch_frame_1.jpg,saved
train,real,07__talking_angry_couch_frame_2.jpg,07__talking_angry_couch_frame_2.jpg,saved
train,real,07__talking_angry_couch_frame_3.jpg,07__talking_angry_couch_frame_3.jpg,saved
train,real,07__talking_angry_couch_frame_4.jpg,07__talking_angry_couch_frame_4.jpg,saved
train,real,07__talking_angry_couch_frame_5.jpg,07__talking_angry_couch_frame_5.jpg,saved
train,real,07__talking_angry_couch_frame_6.jpg,07__talking_angry_couch_frame_6.jpg,saved
train,real,07__talking_angry_couch_frame_7.jpg,07__talking_angry_couch_frame_7.jpg,saved
train,real,07__talking_angry_couch_frame_8.jpg,07__talking_angry_couch_frame_8.jpg,saved
train,real,07__talking_angry_couch_frame_9.jpg,07__talking_angry_couch_frame_9.jpg,saved
train,real,07__walk_down_hall_angry_frame_0.jpg,07__walk_down_hall_angry_frame_0.jpg,no face detected
train,real,07__walk_down_hall_angry_frame_1.jpg,07__walk_down_hall_angry_frame_1.jpg,saved
train,real,07__walk_down_hall_angry_frame_2.jpg,07__walk_down_hall_angry_frame_2.jpg,saved
train,real,07__walk_down_hall_angry_frame_3.jpg,07__walk_down_hall_angry_frame_3.jpg,saved
train,real,07__walk_down_hall_angry_frame_4.jpg,07__walk_down_hall_angry_frame_4.jpg,saved
train,real,07__walk_down_hall_angry_frame_5.jpg,07__walk_down_hall_angry_frame_5.jpg,saved
train,real,07__walk_down_hall_angry_frame_6.jpg,07__walk_down_hall_angry_frame_6.jpg,saved
train,real,07__walk_down_hall_angry_frame_7.jpg,07__walk_down_hall_angry_frame_7.jpg,saved
train,real,07__walk_down_hall_angry_frame_8.jpg,07__walk_down_hall_angry_frame_8.jpg,saved
train,real,07__walk_down_hall_angry_frame_9.jpg,07__walk_down_hall_angry_frame_9.jpg,saved
train,real,08__exit_phone_room_frame_0.jpg,08__exit_phone_room_frame_0.jpg,saved
train,real,08__exit_phone_room_frame_1.jpg,08__exit_phone_room_frame_1.jpg,saved
train,real,08__exit_phone_room_frame_2.jpg,08__exit_phone_room_frame_2.jpg,saved
train,real,08__exit_phone_room_frame_3.jpg,08__exit_phone_room_frame_3.jpg,saved
train,real,08__exit_phone_room_frame_4.jpg,08__exit_phone_room_frame_4.jpg,saved
train,real,08__exit_phone_room_frame_5.jpg,08__exit_phone_room_frame_5.jpg,saved
train,real,08__exit_phone_room_frame_6.jpg,08__exit_phone_room_frame_6.jpg,saved
train,real,08__exit_phone_room_frame_7.jpg,08__exit_phone_room_frame_7.jpg,saved
train,real,08__exit_phone_room_frame_8.jpg,08__exit_phone_room_frame_8.jpg,saved
train,real,08__exit_phone_room_frame_9.jpg,08__exit_phone_room_frame_9.jpg,saved
train,real,08__kitchen_pan_frame_0.jpg,08__kitchen_pan_frame_0.jpg,no face detected
train,real,08__kitchen_pan_frame_1.jpg,08__kitchen_pan_frame_1.jpg,saved
train,real,08__kitchen_pan_frame_2.jpg,08__kitchen_pan_frame_2.jpg,saved
train,real,08__kitchen_pan_frame_3.jpg,08__kitchen_pan_frame_3.jpg,saved
train,real,08__kitchen_pan_frame_4.jpg,08__kitchen_pan_frame_4.jpg,saved
train,real,08__kitchen_pan_frame_5.jpg,08__kitchen_pan_frame_5.jpg,saved
train,real,08__kitchen_pan_frame_6.jpg,08__kitchen_pan_frame_6.jpg,saved
train,real,08__kitchen_pan_frame_7.jpg,08__kitchen_pan_frame_7.jpg,saved
train,real,08__kitchen_pan_frame_8.jpg,08__kitchen_pan_frame_8.jpg,saved
train,real,08__kitchen_pan_frame_9.jpg,08__kitchen_pan_frame_9.jpg,no face detected
train,real,08__kitchen_still_frame_0.jpg,08__kitchen_still_frame_0.jpg,saved
train,real,08__kitchen_still_frame_1.jpg,08__kitchen_still_frame_1.jpg,saved
train,real,08__kitchen_still_frame_2.jpg,08__kitchen_still_frame_2.jpg,saved
train,real,08__kitchen_still_frame_3.jpg,08__kitchen_still_frame_3.jpg,saved
train,real,08__kitchen_still_frame_4.jpg,08__kitchen_still_frame_4.jpg,saved
train,real,08__kitchen_still_frame_5.jpg,08__kitchen_still_frame_5.jpg,saved
train,real,08__kitchen_still_frame_6.jpg,08__kitchen_still_frame_6.jpg,saved
train,real,08__kitchen_still_frame_7.jpg,08__kitchen_still_frame_7.jpg,saved
train,real,08__kitchen_still_frame_8.jpg,08__kitchen_still_frame_8.jpg,saved
train,real,08__kitchen_still_frame_9.jpg,08__kitchen_still_frame_9.jpg,saved
train,real,08__outside_talking_pan_laughing_frame_0.jpg,08__outside_talking_pan_laughing_frame_0.jpg,no face detected
train,real,08__outside_talking_pan_laughing_frame_1.jpg,08__outside_talking_pan_laughing_frame_1.jpg,saved
train,real,08__outside_talking_pan_laughing_frame_2.jpg,08__outside_talking_pan_laughing_frame_2.jpg,saved
train,real,08__outside_talking_pan_laughing_frame_3.jpg,08__outside_talking_pan_laughing_frame_3.jpg,saved
train,real,08__outside_talking_pan_laughing_frame_4.jpg,08__outside_talking_pan_laughing_frame_4.jpg,saved
train,real,08__outside_talking_pan_laughing_frame_5.jpg,08__outside_talking_pan_laughing_frame_5.jpg,saved
train,real,08__outside_talking_pan_laughing_frame_6.jpg,08__outside_talking_pan_laughing_frame_6.jpg,saved
train,real,08__outside_talking_pan_laughing_frame_7.jpg,08__outside_talking_pan_laughing_frame_7.jpg,saved
train,real,08__outside_talking_pan_laughing_frame_8.jpg,08__outside_talking_pan_laughing_frame_8.jpg,saved
train,real,08__outside_talking_pan_laughing_frame_9.jpg,08__outside_talking_pan_laughing_frame_9.jpg,no face detected
train,real,08__outside_talking_still_laughing_frame_0.jpg,08__outside_talking_still_laughing_frame_0.jpg,saved
train,real,08__outside_talking_still_laughing_frame_1.jpg,08__outside_talking_still_laughing_frame_1.jpg,saved
train,real,08__outside_talking_still_laughing_frame_2.jpg,08__outside_talking_still_laughing_frame_2.jpg,saved
train,real,08__outside_talking_still_laughing_frame_3.jpg,08__outside_talking_still_laughing_frame_3.jpg,saved
train,real,08__outside_talking_still_laughing_frame_4.jpg,08__outside_talking_still_laughing_frame_4.jpg,saved
train,real,08__outside_talking_still_laughing_frame_5.jpg,08__outside_talking_still_laughing_frame_5.jpg,saved
train,real,08__outside_talking_still_laughing_frame_6.jpg,08__outside_talking_still_laughing_frame_6.jpg,saved
train,real,08__outside_talking_still_laughing_frame_7.jpg,08__outside_talking_still_laughing_frame_7.jpg,saved
train,real,08__outside_talking_still_laughing_frame_8.jpg,08__outside_talking_still_laughing_frame_8.jpg,saved
train,real,08__outside_talking_still_laughing_frame_9.jpg,08__outside_talking_still_laughing_frame_9.jpg,saved
train,real,08__podium_speech_happy_frame_0.jpg,08__podium_speech_happy_frame_0.jpg,saved
train,real,08__podium_speech_happy_frame_1.jpg,08__podium_speech_happy_frame_1.jpg,saved
train,real,08__podium_speech_happy_frame_2.jpg,08__podium_speech_happy_frame_2.jpg,saved
train,real,08__podium_speech_happy_frame_3.jpg,08__podium_speech_happy_frame_3.jpg,saved
train,real,08__podium_speech_happy_frame_4.jpg,08__podium_speech_happy_frame_4.jpg,saved
train,real,08__podium_speech_happy_frame_5.jpg,08__podium_speech_happy_frame_5.jpg,saved
train,real,08__podium_speech_happy_frame_6.jpg,08__podium_speech_happy_frame_6.jpg,saved
train,real,08__podium_speech_happy_frame_7.jpg,08__podium_speech_happy_frame_7.jpg,saved
train,real,08__podium_speech_happy_frame_8.jpg,08__podium_speech_happy_frame_8.jpg,saved
train,real,08__podium_speech_happy_frame_9.jpg,08__podium_speech_happy_frame_9.jpg,saved
train,real,08__talking_against_wall_frame_0.jpg,08__talking_against_wall_frame_0.jpg,saved
train,real,08__talking_against_wall_frame_1.jpg,08__talking_against_wall_frame_1.jpg,saved
train,real,08__talking_against_wall_frame_2.jpg,08__talking_against_wall_frame_2.jpg,saved
train,real,08__talking_against_wall_frame_3.jpg,08__talking_against_wall_frame_3.jpg,saved
train,real,08__talking_against_wall_frame_4.jpg,08__talking_against_wall_frame_4.jpg,saved
train,real,08__talking_against_wall_frame_5.jpg,08__talking_against_wall_frame_5.jpg,saved
train,real,08__talking_against_wall_frame_6.jpg,08__talking_against_wall_frame_6.jpg,saved
train,real,08__talking_against_wall_frame_7.jpg,08__talking_against_wall_frame_7.jpg,saved
train,real,08__talking_against_wall_frame_8.jpg,08__talking_against_wall_frame_8.jpg,saved
train,real,08__talking_against_wall_frame_9.jpg,08__talking_against_wall_frame_9.jpg,saved
train,real,08__walk_down_hall_angry_frame_0.jpg,08__walk_down_hall_angry_frame_0.jpg,no face detected
train,real,08__walk_down_hall_angry_frame_1.jpg,08__walk_down_hall_angry_frame_1.jpg,saved
train,real,08__walk_down_hall_angry_frame_2.jpg,08__walk_down_hall_angry_frame_2.jpg,saved
train,real,08__walk_down_hall_angry_frame_3.jpg,08__walk_down_hall_angry_frame_3.jpg,saved
train,real,08__walk_down_hall_angry_frame_4.jpg,08__walk_down_hall_angry_frame_4.jpg,saved
train,real,08__walk_down_hall_angry_frame_5.jpg,08__walk_down_hall_angry_frame_5.jpg,saved
train,real,08__walk_down_hall_angry_frame_6.jpg,08__walk_down_hall_angry_frame_6.jpg,saved
train,real,08__walk_down_hall_angry_frame_7.jpg,08__walk_down_hall_angry_frame_7.jpg,saved
train,real,08__walk_down_hall_angry_frame_8.jpg,08__walk_down_hall_angry_frame_8.jpg,saved
train,real,08__walk_down_hall_angry_frame_9.jpg,08__walk_down_hall_angry_frame_9.jpg,saved
train,real,08__walking_down_street_outside_angry_frame_0.jpg,08__walking_down_street_outside_angry_frame_0.jpg,saved
train,real,08__walking_down_street_outside_angry_frame_1.jpg,08__walking_down_street_outside_angry_frame_1.jpg,saved
train,real,08__walking_down_street_outside_angry_frame_2.jpg,08__walking_down_street_outside_angry_frame_2.jpg,saved
train,real,08__walking_down_street_outside_angry_frame_3.jpg,08__walking_down_street_outside_angry_frame_3.jpg,saved
train,real,08__walking_down_street_outside_angry_frame_4.jpg,08__walking_down_street_outside_angry_frame_4.jpg,saved
train,real,08__walking_down_street_outside_angry_frame_5.jpg,08__walking_down_street_outside_angry_frame_5.jpg,saved
train,real,08__walking_down_street_outside_angry_frame_6.jpg,08__walking_down_street_outside_angry_frame_6.jpg,saved
train,real,08__walking_down_street_outside_angry_frame_7.jpg,08__walking_down_street_outside_angry_frame_7.jpg,saved
train,real,08__walking_down_street_outside_angry_frame_8.jpg,08__walking_down_street_outside_angry_frame_8.jpg,saved
train,real,08__walking_down_street_outside_angry_frame_9.jpg,08__walking_down_street_outside_angry_frame_9.jpg,saved
train,real,09__kitchen_pan_frame_0.jpg,09__kitchen_pan_frame_0.jpg,no face detected
train,real,09__kitchen_pan_frame_1.jpg,09__kitchen_pan_frame_1.jpg,saved
train,real,09__kitchen_pan_frame_2.jpg,09__kitchen_pan_frame_2.jpg,saved
train,real,09__kitchen_pan_frame_3.jpg,09__kitchen_pan_frame_3.jpg,saved
train,real,09__kitchen_pan_frame_4.jpg,09__kitchen_pan_frame_4.jpg,saved
train,real,09__kitchen_pan_frame_5.jpg,09__kitchen_pan_frame_5.jpg,saved
train,real,09__kitchen_pan_frame_6.jpg,09__kitchen_pan_frame_6.jpg,saved
train,real,09__kitchen_pan_frame_7.jpg,09__kitchen_pan_frame_7.jpg,saved
train,real,09__kitchen_pan_frame_8.jpg,09__kitchen_pan_frame_8.jpg,saved
train,real,09__kitchen_pan_frame_9.jpg,09__kitchen_pan_frame_9.jpg,no face detected
train,real,09__outside_talking_pan_laughing_frame_0.jpg,09__outside_talking_pan_laughing_frame_0.jpg,saved
train,real,09__outside_talking_pan_laughing_frame_1.jpg,09__outside_talking_pan_laughing_frame_1.jpg,saved
train,real,09__outside_talking_pan_laughing_frame_2.jpg,09__outside_talking_pan_laughing_frame_2.jpg,saved
train,real,09__outside_talking_pan_laughing_frame_3.jpg,09__outside_talking_pan_laughing_frame_3.jpg,saved
train,real,09__outside_talking_pan_laughing_frame_4.jpg,09__outside_talking_pan_laughing_frame_4.jpg,saved
train,real,09__outside_talking_pan_laughing_frame_5.jpg,09__outside_talking_pan_laughing_frame_5.jpg,saved
train,real,09__outside_talking_pan_laughing_frame_6.jpg,09__outside_talking_pan_laughing_frame_6.jpg,saved
train,real,09__outside_talking_pan_laughing_frame_7.jpg,09__outside_talking_pan_laughing_frame_7.jpg,saved
train,real,09__outside_talking_pan_laughing_frame_8.jpg,09__outside_talking_pan_laughing_frame_8.jpg,saved
train,real,09__outside_talking_pan_laughing_frame_9.jpg,09__outside_talking_pan_laughing_frame_9.jpg,no face detected
train,real,09__outside_talking_still_laughing_frame_0.jpg,09__outside_talking_still_laughing_frame_0.jpg,saved
train,real,09__outside_talking_still_laughing_frame_1.jpg,09__outside_talking_still_laughing_frame_1.jpg,saved
train,real,09__outside_talking_still_laughing_frame_2.jpg,09__outside_talking_still_laughing_frame_2.jpg,saved
train,real,09__outside_talking_still_laughing_frame_3.jpg,09__outside_talking_still_laughing_frame_3.jpg,saved
train,real,09__outside_talking_still_laughing_frame_4.jpg,09__outside_talking_still_laughing_frame_4.jpg,saved
train,real,09__outside_talking_still_laughing_frame_5.jpg,09__outside_talking_still_laughing_frame_5.jpg,saved
train,real,09__outside_talking_still_laughing_frame_6.jpg,09__outside_talking_still_laughing_frame_6.jpg,saved
train,real,09__outside_talking_still_laughing_frame_7.jpg,09__outside_talking_still_laughing_frame_7.jpg,saved
train,real,09__outside_talking_still_laughing_frame_8.jpg,09__outside_talking_still_laughing_frame_8.jpg,saved
train,real,09__outside_talking_still_laughing_frame_9.jpg,09__outside_talking_still_laughing_frame_9.jpg,saved
train,real,09__podium_speech_happy_frame_0.jpg,09__podium_speech_happy_frame_0.jpg,saved
train,real,09__podium_speech_happy_frame_1.jpg,09__podium_speech_happy_frame_1.jpg,saved
train,real,09__podium_speech_happy_frame_2.jpg,09__podium_speech_happy_frame_2.jpg,saved
train,real,09__podium_speech_happy_frame_3.jpg,09__podium_speech_happy_frame_3.jpg,saved
train,real,09__podium_speech_happy_frame_4.jpg,09__podium_speech_happy_frame_4.jpg,saved
train,real,09__podium_speech_happy_frame_5.jpg,09__podium_speech_happy_frame_5.jpg,saved
train,real,09__podium_speech_happy_frame_6.jpg,09__podium_speech_happy_frame_6.jpg,saved
train,real,09__podium_speech_happy_frame_7.jpg,09__podium_speech_happy_frame_7.jpg,saved
train,real,09__podium_speech_happy_frame_8.jpg,09__podium_speech_happy_frame_8.jpg,saved
train,real,09__podium_speech_happy_frame_9.jpg,09__podium_speech_happy_frame_9.jpg,saved
train,real,09__talking_against_wall_frame_0.jpg,09__talking_against_wall_frame_0.jpg,saved
train,real,09__talking_against_wall_frame_1.jpg,09__talking_against_wall_frame_1.jpg,saved
train,real,09__talking_against_wall_frame_2.jpg,09__talking_against_wall_frame_2.jpg,saved
train,real,09__talking_against_wall_frame_3.jpg,09__talking_against_wall_frame_3.jpg,saved
train,real,09__talking_against_wall_frame_4.jpg,09__talking_against_wall_frame_4.jpg,saved
train,real,09__talking_against_wall_frame_5.jpg,09__talking_against_wall_frame_5.jpg,saved
train,real,09__talking_against_wall_frame_6.jpg,09__talking_against_wall_frame_6.jpg,saved
train,real,09__talking_against_wall_frame_7.jpg,09__talking_against_wall_frame_7.jpg,saved
train,real,09__talking_against_wall_frame_8.jpg,09__talking_against_wall_frame_8.jpg,saved
train,real,09__talking_against_wall_frame_9.jpg,09__talking_against_wall_frame_9.jpg,saved
train,real,09__walk_down_hall_angry_frame_0.jpg,09__walk_down_hall_angry_frame_0.jpg,no face detected
train,real,09__walk_down_hall_angry_frame_1.jpg,09__walk_down_hall_angry_frame_1.jpg,saved
train,real,09__walk_down_hall_angry_frame_2.jpg,09__walk_down_hall_angry_frame_2.jpg,saved
train,real,09__walk_down_hall_angry_frame_3.jpg,09__walk_down_hall_angry_frame_3.jpg,saved
train,real,09__walk_down_hall_angry_frame_4.jpg,09__walk_down_hall_angry_frame_4.jpg,saved
train,real,09__walk_down_hall_angry_frame_5.jpg,09__walk_down_hall_angry_frame_5.jpg,saved
train,real,09__walk_down_hall_angry_frame_6.jpg,09__walk_down_hall_angry_frame_6.jpg,saved
train,real,09__walk_down_hall_angry_frame_7.jpg,09__walk_down_hall_angry_frame_7.jpg,saved
train,real,09__walk_down_hall_angry_frame_8.jpg,09__walk_down_hall_angry_frame_8.jpg,saved
train,real,09__walk_down_hall_angry_frame_9.jpg,09__walk_down_hall_angry_frame_9.jpg,saved
train,real,09__walking_down_street_outside_angry_frame_0.jpg,09__walking_down_street_outside_angry_frame_0.jpg,saved
train,real,09__walking_down_street_outside_angry_frame_1.jpg,09__walking_down_street_outside_angry_frame_1.jpg,saved
train,real,09__walking_down_street_outside_angry_frame_2.jpg,09__walking_down_street_outside_angry_frame_2.jpg,saved
train,real,09__walking_down_street_outside_angry_frame_3.jpg,09__walking_down_street_outside_angry_frame_3.jpg,saved
train,real,09__walking_down_street_outside_angry_frame_4.jpg,09__walking_down_street_outside_angry_frame_4.jpg,saved
train,real,09__walking_down_street_outside_angry_frame_5.jpg,09__walking_down_street_outside_angry_frame_5.jpg,saved
train,real,09__walking_down_street_outside_angry_frame_6.jpg,09__walking_down_street_outside_angry_frame_6.jpg,saved
train,real,09__walking_down_street_outside_angry_frame_7.jpg,09__walking_down_street_outside_angry_frame_7.jpg,saved
train,real,09__walking_down_street_outside_angry_frame_8.jpg,09__walking_down_street_outside_angry_frame_8.jpg,saved
train,real,09__walking_down_street_outside_angry_frame_9.jpg,09__walking_down_street_outside_angry_frame_9.jpg,saved
train,real,10__kitchen_pan_frame_0.jpg,10__kitchen_pan_frame_0.jpg,no face detected
train,real,10__kitchen_pan_frame_1.jpg,10__kitchen_pan_frame_1.jpg,saved
train,real,10__kitchen_pan_frame_2.jpg,10__kitchen_pan_frame_2.jpg,saved
train,real,10__kitchen_pan_frame_3.jpg,10__kitchen_pan_frame_3.jpg,saved
train,real,10__kitchen_pan_frame_4.jpg,10__kitchen_pan_frame_4.jpg,saved
train,real,10__kitchen_pan_frame_5.jpg,10__kitchen_pan_frame_5.jpg,saved
train,real,10__kitchen_pan_frame_6.jpg,10__kitchen_pan_frame_6.jpg,saved
train,real,10__kitchen_pan_frame_7.jpg,10__kitchen_pan_frame_7.jpg,saved
train,real,10__kitchen_pan_frame_8.jpg,10__kitchen_pan_frame_8.jpg,saved
train,real,10__kitchen_pan_frame_9.jpg,10__kitchen_pan_frame_9.jpg,no face detected
train,real,10__kitchen_still_frame_0.jpg,10__kitchen_still_frame_0.jpg,saved
train,real,10__kitchen_still_frame_1.jpg,10__kitchen_still_frame_1.jpg,saved
train,real,10__kitchen_still_frame_2.jpg,10__kitchen_still_frame_2.jpg,saved
train,real,10__kitchen_still_frame_3.jpg,10__kitchen_still_frame_3.jpg,saved
train,real,10__kitchen_still_frame_4.jpg,10__kitchen_still_frame_4.jpg,saved
train,real,10__kitchen_still_frame_5.jpg,10__kitchen_still_frame_5.jpg,saved
train,real,10__kitchen_still_frame_6.jpg,10__kitchen_still_frame_6.jpg,saved
train,real,10__kitchen_still_frame_7.jpg,10__kitchen_still_frame_7.jpg,saved
train,real,10__kitchen_still_frame_8.jpg,10__kitchen_still_frame_8.jpg,saved
train,real,10__kitchen_still_frame_9.jpg,10__kitchen_still_frame_9.jpg,saved
train,real,10__outside_talking_pan_laughing_frame_0.jpg,10__outside_talking_pan_laughing_frame_0.jpg,no face detected
train,real,10__outside_talking_pan_laughing_frame_1.jpg,10__outside_talking_pan_laughing_frame_1.jpg,saved
train,real,10__outside_talking_pan_laughing_frame_2.jpg,10__outside_talking_pan_laughing_frame_2.jpg,saved
train,real,10__outside_talking_pan_laughing_frame_3.jpg,10__outside_talking_pan_laughing_frame_3.jpg,saved
train,real,10__outside_talking_pan_laughing_frame_4.jpg,10__outside_talking_pan_laughing_frame_4.jpg,saved
train,real,10__outside_talking_pan_laughing_frame_5.jpg,10__outside_talking_pan_laughing_frame_5.jpg,saved
train,real,10__outside_talking_pan_laughing_frame_6.jpg,10__outside_talking_pan_laughing_frame_6.jpg,saved
train,real,10__outside_talking_pan_laughing_frame_7.jpg,10__outside_talking_pan_laughing_frame_7.jpg,saved
train,real,10__outside_talking_pan_laughing_frame_8.jpg,10__outside_talking_pan_laughing_frame_8.jpg,saved
train,real,10__outside_talking_pan_laughing_frame_9.jpg,10__outside_talking_pan_laughing_frame_9.jpg,no face detected
train,real,10__outside_talking_still_laughing_frame_0.jpg,10__outside_talking_still_laughing_frame_0.jpg,saved
train,real,10__outside_talking_still_laughing_frame_1.jpg,10__outside_talking_still_laughing_frame_1.jpg,saved
train,real,10__outside_talking_still_laughing_frame_2.jpg,10__outside_talking_still_laughing_frame_2.jpg,saved
train,real,10__outside_talking_still_laughing_frame_3.jpg,10__outside_talking_still_laughing_frame_3.jpg,saved
train,real,10__outside_talking_still_laughing_frame_4.jpg,10__outside_talking_still_laughing_frame_4.jpg,saved
train,real,10__outside_talking_still_laughing_frame_5.jpg,10__outside_talking_still_laughing_frame_5.jpg,saved
train,real,10__outside_talking_still_laughing_frame_6.jpg,10__outside_talking_still_laughing_frame_6.jpg,saved
train,real,10__outside_talking_still_laughing_frame_7.jpg,10__outside_talking_still_laughing_frame_7.jpg,saved
train,real,10__outside_talking_still_laughing_frame_8.jpg,10__outside_talking_still_laughing_frame_8.jpg,saved
train,real,10__outside_talking_still_laughing_frame_9.jpg,10__outside_talking_still_laughing_frame_9.jpg,saved
train,real,10__podium_speech_happy_frame_0.jpg,10__podium_speech_happy_frame_0.jpg,saved
train,real,10__podium_speech_happy_frame_1.jpg,10__podium_speech_happy_frame_1.jpg,saved
train,real,10__podium_speech_happy_frame_2.jpg,10__podium_speech_happy_frame_2.jpg,saved
train,real,10__podium_speech_happy_frame_3.jpg,10__podium_speech_happy_frame_3.jpg,saved
train,real,10__podium_speech_happy_frame_4.jpg,10__podium_speech_happy_frame_4.jpg,saved
train,real,10__podium_speech_happy_frame_5.jpg,10__podium_speech_happy_frame_5.jpg,saved
train,real,10__podium_speech_happy_frame_6.jpg,10__podium_speech_happy_frame_6.jpg,saved
train,real,10__podium_speech_happy_frame_7.jpg,10__podium_speech_happy_frame_7.jpg,saved
train,real,10__podium_speech_happy_frame_8.jpg,10__podium_speech_happy_frame_8.jpg,saved
train,real,10__podium_speech_happy_frame_9.jpg,10__podium_speech_happy_frame_9.jpg,saved
train,real,10__talking_against_wall_frame_0.jpg,10__talking_against_wall_frame_0.jpg,saved
train,real,10__talking_against_wall_frame_1.jpg,10__talking_against_wall_frame_1.jpg,saved
train,real,10__talking_against_wall_frame_2.jpg,10__talking_against_wall_frame_2.jpg,saved
train,real,10__talking_against_wall_frame_3.jpg,10__talking_against_wall_frame_3.jpg,saved
train,real,10__talking_against_wall_frame_4.jpg,10__talking_against_wall_frame_4.jpg,saved
train,real,10__talking_against_wall_frame_5.jpg,10__talking_against_wall_frame_5.jpg,saved
train,real,10__talking_against_wall_frame_6.jpg,10__talking_against_wall_frame_6.jpg,saved
train,real,10__talking_against_wall_frame_7.jpg,10__talking_against_wall_frame_7.jpg,saved
train,real,10__talking_against_wall_frame_8.jpg,10__talking_against_wall_frame_8.jpg,saved
train,real,10__talking_against_wall_frame_9.jpg,10__talking_against_wall_frame_9.jpg,saved
train,real,10__talking_angry_couch_frame_0.jpg,10__talking_angry_couch_frame_0.jpg,saved
train,real,10__talking_angry_couch_frame_1.jpg,10__talking_angry_couch_frame_1.jpg,saved
train,real,10__talking_angry_couch_frame_2.jpg,10__talking_angry_couch_frame_2.jpg,saved
train,real,10__talking_angry_couch_frame_3.jpg,10__talking_angry_couch_frame_3.jpg,saved
train,real,10__talking_angry_couch_frame_4.jpg,10__talking_angry_couch_frame_4.jpg,saved
train,real,10__talking_angry_couch_frame_5.jpg,10__talking_angry_couch_frame_5.jpg,saved
train,real,10__talking_angry_couch_frame_6.jpg,10__talking_angry_couch_frame_6.jpg,saved
train,real,10__talking_angry_couch_frame_7.jpg,10__talking_angry_couch_frame_7.jpg,saved
train,real,10__talking_angry_couch_frame_8.jpg,10__talking_angry_couch_frame_8.jpg,saved
train,real,10__talking_angry_couch_frame_9.jpg,10__talking_angry_couch_frame_9.jpg,saved
train,real,10__walk_down_hall_angry_frame_0.jpg,10__walk_down_hall_angry_frame_0.jpg,no face detected
train,real,10__walk_down_hall_angry_frame_1.jpg,10__walk_down_hall_angry_frame_1.jpg,saved
train,real,10__walk_down_hall_angry_frame_2.jpg,10__walk_down_hall_angry_frame_2.jpg,saved
train,real,10__walk_down_hall_angry_frame_3.jpg,10__walk_down_hall_angry_frame_3.jpg,saved
train,real,10__walk_down_hall_angry_frame_4.jpg,10__walk_down_hall_angry_frame_4.jpg,saved
train,real,10__walk_down_hall_angry_frame_5.jpg,10__walk_down_hall_angry_frame_5.jpg,saved
train,real,10__walk_down_hall_angry_frame_6.jpg,10__walk_down_hall_angry_frame_6.jpg,saved
train,real,10__walk_down_hall_angry_frame_7.jpg,10__walk_down_hall_angry_frame_7.jpg,saved
train,real,10__walk_down_hall_angry_frame_8.jpg,10__walk_down_hall_angry_frame_8.jpg,saved
train,real,10__walk_down_hall_angry_frame_9.jpg,10__walk_down_hall_angry_frame_9.jpg,saved
train,real,10__walking_down_street_outside_angry_frame_0.jpg,10__walking_down_street_outside_angry_frame_0.jpg,saved
train,real,10__walking_down_street_outside_angry_frame_1.jpg,10__walking_down_street_outside_angry_frame_1.jpg,saved
train,real,10__walking_down_street_outside_angry_frame_2.jpg,10__walking_down_street_outside_angry_frame_2.jpg,saved
train,real,10__walking_down_street_outside_angry_frame_3.jpg,10__walking_down_street_outside_angry_frame_3.jpg,saved
train,real,10__walking_down_street_outside_angry_frame_4.jpg,10__walking_down_street_outside_angry_frame_4.jpg,saved
train,real,10__walking_down_street_outside_angry_frame_5.jpg,10__walking_down_street_outside_angry_frame_5.jpg,saved
train,real,10__walking_down_street_outside_angry_frame_6.jpg,10__walking_down_street_outside_angry_frame_6.jpg,saved
train,real,10__walking_down_street_outside_angry_frame_7.jpg,10__walking_down_street_outside_angry_frame_7.jpg,saved
train,real,10__walking_down_street_outside_angry_frame_8.jpg,10__walking_down_street_outside_angry_frame_8.jpg,saved
train,real,10__walking_down_street_outside_angry_frame_9.jpg,10__walking_down_street_outside_angry_frame_9.jpg,saved
train,real,10__walking_outside_cafe_disgusted_frame_0.jpg,10__walking_outside_cafe_disgusted_frame_0.jpg,saved
train,real,10__walking_outside_cafe_disgusted_frame_1.jpg,10__walking_outside_cafe_disgusted_frame_1.jpg,saved
train,real,10__walking_outside_cafe_disgusted_frame_2.jpg,10__walking_outside_cafe_disgusted_frame_2.jpg,saved
train,real,10__walking_outside_cafe_disgusted_frame_3.jpg,10__walking_outside_cafe_disgusted_frame_3.jpg,saved
train,real,10__walking_outside_cafe_disgusted_frame_4.jpg,10__walking_outside_cafe_disgusted_frame_4.jpg,saved
train,real,10__walking_outside_cafe_disgusted_frame_5.jpg,10__walking_outside_cafe_disgusted_frame_5.jpg,saved
train,real,10__walking_outside_cafe_disgusted_frame_6.jpg,10__walking_outside_cafe_disgusted_frame_6.jpg,saved
train,real,10__walking_outside_cafe_disgusted_frame_7.jpg,10__walking_outside_cafe_disgusted_frame_7.jpg,saved
train,real,10__walking_outside_cafe_disgusted_frame_8.jpg,10__walking_outside_cafe_disgusted_frame_8.jpg,saved
train,real,10__walking_outside_cafe_disgusted_frame_9.jpg,10__walking_outside_cafe_disgusted_frame_9.jpg,saved
train,real,11__exit_phone_room_frame_0.jpg,11__exit_phone_room_frame_0.jpg,saved
train,real,11__exit_phone_room_frame_1.jpg,11__exit_phone_room_frame_1.jpg,saved
train,real,11__exit_phone_room_frame_2.jpg,11__exit_phone_room_frame_2.jpg,saved
train,real,11__exit_phone_room_frame_3.jpg,11__exit_phone_room_frame_3.jpg,saved
train,real,11__exit_phone_room_frame_4.jpg,11__exit_phone_room_frame_4.jpg,saved
train,real,11__exit_phone_room_frame_5.jpg,11__exit_phone_room_frame_5.jpg,saved
train,real,11__exit_phone_room_frame_6.jpg,11__exit_phone_room_frame_6.jpg,saved
train,real,11__exit_phone_room_frame_7.jpg,11__exit_phone_room_frame_7.jpg,saved
train,real,11__exit_phone_room_frame_8.jpg,11__exit_phone_room_frame_8.jpg,saved
train,real,11__exit_phone_room_frame_9.jpg,11__exit_phone_room_frame_9.jpg,saved
train,real,11__kitchen_still_frame_0.jpg,11__kitchen_still_frame_0.jpg,saved
train,real,11__kitchen_still_frame_1.jpg,11__kitchen_still_frame_1.jpg,saved
train,real,11__kitchen_still_frame_2.jpg,11__kitchen_still_frame_2.jpg,saved
train,real,11__kitchen_still_frame_3.jpg,11__kitchen_still_frame_3.jpg,saved
train,real,11__kitchen_still_frame_4.jpg,11__kitchen_still_frame_4.jpg,saved
train,real,11__kitchen_still_frame_5.jpg,11__kitchen_still_frame_5.jpg,saved
train,real,11__kitchen_still_frame_6.jpg,11__kitchen_still_frame_6.jpg,saved
train,real,11__kitchen_still_frame_7.jpg,11__kitchen_still_frame_7.jpg,saved
train,real,11__kitchen_still_frame_8.jpg,11__kitchen_still_frame_8.jpg,saved
train,real,11__kitchen_still_frame_9.jpg,11__kitchen_still_frame_9.jpg,saved
train,real,11__outside_talking_pan_laughing_frame_0.jpg,11__outside_talking_pan_laughing_frame_0.jpg,no face detected
train,real,11__outside_talking_pan_laughing_frame_1.jpg,11__outside_talking_pan_laughing_frame_1.jpg,saved
train,real,11__outside_talking_pan_laughing_frame_2.jpg,11__outside_talking_pan_laughing_frame_2.jpg,saved
train,real,11__outside_talking_pan_laughing_frame_3.jpg,11__outside_talking_pan_laughing_frame_3.jpg,saved
train,real,11__outside_talking_pan_laughing_frame_4.jpg,11__outside_talking_pan_laughing_frame_4.jpg,saved
train,real,11__outside_talking_pan_laughing_frame_5.jpg,11__outside_talking_pan_laughing_frame_5.jpg,saved
train,real,11__outside_talking_pan_laughing_frame_6.jpg,11__outside_talking_pan_laughing_frame_6.jpg,saved
train,real,11__outside_talking_pan_laughing_frame_7.jpg,11__outside_talking_pan_laughing_frame_7.jpg,saved
train,real,11__outside_talking_pan_laughing_frame_8.jpg,11__outside_talking_pan_laughing_frame_8.jpg,saved
train,real,11__outside_talking_pan_laughing_frame_9.jpg,11__outside_talking_pan_laughing_frame_9.jpg,no face detected
train,real,11__outside_talking_still_laughing_frame_0.jpg,11__outside_talking_still_laughing_frame_0.jpg,saved
train,real,11__outside_talking_still_laughing_frame_1.jpg,11__outside_talking_still_laughing_frame_1.jpg,saved
train,real,11__outside_talking_still_laughing_frame_2.jpg,11__outside_talking_still_laughing_frame_2.jpg,saved
train,real,11__outside_talking_still_laughing_frame_3.jpg,11__outside_talking_still_laughing_frame_3.jpg,saved
train,real,11__outside_talking_still_laughing_frame_4.jpg,11__outside_talking_still_laughing_frame_4.jpg,saved
train,real,11__outside_talking_still_laughing_frame_5.jpg,11__outside_talking_still_laughing_frame_5.jpg,saved
train,real,11__outside_talking_still_laughing_frame_6.jpg,11__outside_talking_still_laughing_frame_6.jpg,saved
train,real,11__outside_talking_still_laughing_frame_7.jpg,11__outside_talking_still_laughing_frame_7.jpg,saved
train,real,11__outside_talking_still_laughing_frame_8.jpg,11__outside_talking_still_laughing_frame_8.jpg,saved
train,real,11__outside_talking_still_laughing_frame_9.jpg,11__outside_talking_still_laughing_frame_9.jpg,saved
train,real,11__podium_speech_happy_frame_0.jpg,11__podium_speech_happy_frame_0.jpg,saved
train,real,11__podium_speech_happy_frame_1.jpg,11__podium_speech_happy_frame_1.jpg,saved
train,real,11__podium_speech_happy_frame_2.jpg,11__podium_speech_happy_frame_2.jpg,saved
train,real,11__podium_speech_happy_frame_3.jpg,11__podium_speech_happy_frame_3.jpg,saved
train,real,11__podium_speech_happy_frame_4.jpg,11__podium_speech_happy_frame_4.jpg,saved
train,real,11__podium_speech_happy_frame_5.jpg,11__podium_speech_happy_frame_5.jpg,saved
train,real,11__podium_speech_happy_frame_6.jpg,11__podium_speech_happy_frame_6.jpg,saved
train,real,11__podium_speech_happy_frame_7.jpg,11__podium_speech_happy_frame_7.jpg,saved
train,real,11__podium_speech_happy_frame_8.jpg,11__podium_speech_happy_frame_8.jpg,saved
train,real,11__podium_speech_happy_frame_9.jpg,11__podium_speech_happy_frame_9.jpg,saved
train,real,11__secret_conversation_frame_0.jpg,11__secret_conversation_frame_0.jpg,saved
train,real,11__secret_conversation_frame_1.jpg,11__secret_conversation_frame_1.jpg,saved
train,real,11__secret_conversation_frame_2.jpg,11__secret_conversation_frame_2.jpg,saved
train,real,11__secret_conversation_frame_3.jpg,11__secret_conversation_frame_3.jpg,saved
train,real,11__secret_conversation_frame_4.jpg,11__secret_conversation_frame_4.jpg,saved
train,real,11__secret_conversation_frame_5.jpg,11__secret_conversation_frame_5.jpg,saved
train,real,11__secret_conversation_frame_6.jpg,11__secret_conversation_frame_6.jpg,saved
train,real,11__secret_conversation_frame_7.jpg,11__secret_conversation_frame_7.jpg,saved
train,real,11__secret_conversation_frame_8.jpg,11__secret_conversation_frame_8.jpg,saved
train,real,11__secret_conversation_frame_9.jpg,11__secret_conversation_frame_9.jpg,saved
train,real,11__talking_against_wall_frame_0.jpg,11__talking_against_wall_frame_0.jpg,saved
train,real,11__talking_against_wall_frame_1.jpg,11__talking_against_wall_frame_1.jpg,saved
train,real,11__talking_against_wall_frame_2.jpg,11__talking_against_wall_frame_2.jpg,saved
train,real,11__talking_against_wall_frame_3.jpg,11__talking_against_wall_frame_3.jpg,saved
train,real,11__talking_against_wall_frame_4.jpg,11__talking_against_wall_frame_4.jpg,saved
train,real,11__talking_against_wall_frame_5.jpg,11__talking_against_wall_frame_5.jpg,saved
train,real,11__talking_against_wall_frame_6.jpg,11__talking_against_wall_frame_6.jpg,saved
train,real,11__talking_against_wall_frame_7.jpg,11__talking_against_wall_frame_7.jpg,saved
train,real,11__talking_against_wall_frame_8.jpg,11__talking_against_wall_frame_8.jpg,saved
train,real,11__talking_against_wall_frame_9.jpg,11__talking_against_wall_frame_9.jpg,saved
train,real,11__talking_angry_couch_frame_0.jpg,11__talking_angry_couch_frame_0.jpg,saved
train,real,11__talking_angry_couch_frame_1.jpg,11__talking_angry_couch_frame_1.jpg,saved
train,real,11__talking_angry_couch_frame_2.jpg,11__talking_angry_couch_frame_2.jpg,saved
train,real,11__talking_angry_couch_frame_3.jpg,11__talking_angry_couch_frame_3.jpg,saved
train,real,11__talking_angry_couch_frame_4.jpg,11__talking_angry_couch_frame_4.jpg,saved
train,real,11__talking_angry_couch_frame_5.jpg,11__talking_angry_couch_frame_5.jpg,saved
train,real,11__talking_angry_couch_frame_6.jpg,11__talking_angry_couch_frame_6.jpg,saved
train,real,11__talking_angry_couch_frame_7.jpg,11__talking_angry_couch_frame_7.jpg,saved
train,real,11__talking_angry_couch_frame_8.jpg,11__talking_angry_couch_frame_8.jpg,saved
train,real,11__talking_angry_couch_frame_9.jpg,11__talking_angry_couch_frame_9.jpg,saved
train,real,11__walking_down_street_outside_angry_frame_0.jpg,11__walking_down_street_outside_angry_frame_0.jpg,saved
train,real,11__walking_down_street_outside_angry_frame_1.jpg,11__walking_down_street_outside_angry_frame_1.jpg,saved
train,real,11__walking_down_street_outside_angry_frame_2.jpg,11__walking_down_street_outside_angry_frame_2.jpg,saved
train,real,11__walking_down_street_outside_angry_frame_3.jpg,11__walking_down_street_outside_angry_frame_3.jpg,saved
train,real,11__walking_down_street_outside_angry_frame_4.jpg,11__walking_down_street_outside_angry_frame_4.jpg,saved
train,real,11__walking_down_street_outside_angry_frame_5.jpg,11__walking_down_street_outside_angry_frame_5.jpg,saved
train,real,11__walking_down_street_outside_angry_frame_6.jpg,11__walking_down_street_outside_angry_frame_6.jpg,saved
train,real,11__walking_down_street_outside_angry_frame_7.jpg,11__walking_down_street_outside_angry_frame_7.jpg,saved
train,real,11__walking_down_street_outside_angry_frame_8.jpg,11__walking_down_street_outside_angry_frame_8.jpg,saved
train,real,11__walking_down_street_outside_angry_frame_9.jpg,11__walking_down_street_outside_angry_frame_9.jpg,saved
train,real,12__exit_phone_room_frame_0.jpg,12__exit_phone_room_frame_0.jpg,saved
train,real,12__exit_phone_room_frame_1.jpg,12__exit_phone_room_frame_1.jpg,saved
train,real,12__exit_phone_room_frame_2.jpg,12__exit_phone_room_frame_2.jpg,saved
train,real,12__exit_phone_room_frame_3.jpg,12__exit_phone_room_frame_3.jpg,saved
train,real,12__exit_phone_room_frame_4.jpg,12__exit_phone_room_frame_4.jpg,saved
train,real,12__exit_phone_room_frame_5.jpg,12__exit_phone_room_frame_5.jpg,saved
train,real,12__exit_phone_room_frame_6.jpg,12__exit_phone_room_frame_6.jpg,saved
train,real,12__exit_phone_room_frame_7.jpg,12__exit_phone_room_frame_7.jpg,saved
train,real,12__exit_phone_room_frame_8.jpg,12__exit_phone_room_frame_8.jpg,saved
train,real,12__exit_phone_room_frame_9.jpg,12__exit_phone_room_frame_9.jpg,saved
train,real,12__kitchen_pan_frame_0.jpg,12__kitchen_pan_frame_0.jpg,no face detected
train,real,12__kitchen_pan_frame_1.jpg,12__kitchen_pan_frame_1.jpg,saved
train,real,12__kitchen_pan_frame_2.jpg,12__kitchen_pan_frame_2.jpg,saved
train,real,12__kitchen_pan_frame_3.jpg,12__kitchen_pan_frame_3.jpg,saved
train,real,12__kitchen_pan_frame_4.jpg,12__kitchen_pan_frame_4.jpg,saved
train,real,12__kitchen_pan_frame_5.jpg,12__kitchen_pan_frame_5.jpg,saved
train,real,12__kitchen_pan_frame_6.jpg,12__kitchen_pan_frame_6.jpg,saved
train,real,12__kitchen_pan_frame_7.jpg,12__kitchen_pan_frame_7.jpg,saved
train,real,12__kitchen_pan_frame_8.jpg,12__kitchen_pan_frame_8.jpg,saved
train,real,12__kitchen_pan_frame_9.jpg,12__kitchen_pan_frame_9.jpg,no face detected
train,real,12__outside_talking_pan_laughing_frame_0.jpg,12__outside_talking_pan_laughing_frame_0.jpg,no face detected
train,real,12__outside_talking_pan_laughing_frame_1.jpg,12__outside_talking_pan_laughing_frame_1.jpg,saved
train,real,12__outside_talking_pan_laughing_frame_2.jpg,12__outside_talking_pan_laughing_frame_2.jpg,saved
train,real,12__outside_talking_pan_laughing_frame_3.jpg,12__outside_talking_pan_laughing_frame_3.jpg,saved
train,real,12__outside_talking_pan_laughing_frame_4.jpg,12__outside_talking_pan_laughing_frame_4.jpg,saved
train,real,12__outside_talking_pan_laughing_frame_5.jpg,12__outside_talking_pan_laughing_frame_5.jpg,saved
train,real,12__outside_talking_pan_laughing_frame_6.jpg,12__outside_talking_pan_laughing_frame_6.jpg,saved
train,real,12__outside_talking_pan_laughing_frame_7.jpg,12__outside_talking_pan_laughing_frame_7.jpg,saved
train,real,12__outside_talking_pan_laughing_frame_8.jpg,12__outside_talking_pan_laughing_frame_8.jpg,saved
train,real,12__outside_talking_pan_laughing_frame_9.jpg,12__outside_talking_pan_laughing_frame_9.jpg,no face detected
train,real,12__outside_talking_still_laughing_frame_0.jpg,12__outside_talking_still_laughing_frame_0.jpg,saved
train,real,12__outside_talking_still_laughing_frame_1.jpg,12__outside_talking_still_laughing_frame_1.jpg,saved
train,real,12__outside_talking_still_laughing_frame_2.jpg,12__outside_talking_still_laughing_frame_2.jpg,saved
train,real,12__outside_talking_still_laughing_frame_3.jpg,12__outside_talking_still_laughing_frame_3.jpg,saved
train,real,12__outside_talking_still_laughing_frame_4.jpg,12__outside_talking_still_laughing_frame_4.jpg,saved
train,real,12__outside_talking_still_laughing_frame_5.jpg,12__outside_talking_still_laughing_frame_5.jpg,saved
train,real,12__outside_talking_still_laughing_frame_6.jpg,12__outside_talking_still_laughing_frame_6.jpg,saved
train,real,12__outside_talking_still_laughing_frame_7.jpg,12__outside_talking_still_laughing_frame_7.jpg,saved
train,real,12__outside_talking_still_laughing_frame_8.jpg,12__outside_talking_still_laughing_frame_8.jpg,saved
train,real,12__outside_talking_still_laughing_frame_9.jpg,12__outside_talking_still_laughing_frame_9.jpg,saved
train,real,12__podium_speech_happy_frame_0.jpg,12__podium_speech_happy_frame_0.jpg,saved
train,real,12__podium_speech_happy_frame_1.jpg,12__podium_speech_happy_frame_1.jpg,saved
train,real,12__podium_speech_happy_frame_2.jpg,12__podium_speech_happy_frame_2.jpg,saved
train,real,12__podium_speech_happy_frame_3.jpg,12__podium_speech_happy_frame_3.jpg,saved
train,real,12__podium_speech_happy_frame_4.jpg,12__podium_speech_happy_frame_4.jpg,saved
train,real,12__podium_speech_happy_frame_5.jpg,12__podium_speech_happy_frame_5.jpg,saved
train,real,12__podium_speech_happy_frame_6.jpg,12__podium_speech_happy_frame_6.jpg,saved
train,real,12__podium_speech_happy_frame_7.jpg,12__podium_speech_happy_frame_7.jpg,saved
train,real,12__podium_speech_happy_frame_8.jpg,12__podium_speech_happy_frame_8.jpg,saved
train,real,12__podium_speech_happy_frame_9.jpg,12__podium_speech_happy_frame_9.jpg,saved
train,real,12__secret_conversation_frame_0.jpg,12__secret_conversation_frame_0.jpg,saved
train,real,12__secret_conversation_frame_1.jpg,12__secret_conversation_frame_1.jpg,saved
train,real,12__secret_conversation_frame_2.jpg,12__secret_conversation_frame_2.jpg,saved
train,real,12__secret_conversation_frame_3.jpg,12__secret_conversation_frame_3.jpg,saved
train,real,12__secret_conversation_frame_4.jpg,12__secret_conversation_frame_4.jpg,saved
train,real,12__secret_conversation_frame_5.jpg,12__secret_conversation_frame_5.jpg,saved
train,real,12__secret_conversation_frame_6.jpg,12__secret_conversation_frame_6.jpg,saved
train,real,12__secret_conversation_frame_7.jpg,12__secret_conversation_frame_7.jpg,saved
train,real,12__secret_conversation_frame_8.jpg,12__secret_conversation_frame_8.jpg,saved
train,real,12__secret_conversation_frame_9.jpg,12__secret_conversation_frame_9.jpg,saved
train,real,12__talking_against_wall_frame_0.jpg,12__talking_against_wall_frame_0.jpg,saved
train,real,12__talking_against_wall_frame_1.jpg,12__talking_against_wall_frame_1.jpg,saved
train,real,12__talking_against_wall_frame_2.jpg,12__talking_against_wall_frame_2.jpg,saved
train,real,12__talking_against_wall_frame_3.jpg,12__talking_against_wall_frame_3.jpg,saved
train,real,12__talking_against_wall_frame_4.jpg,12__talking_against_wall_frame_4.jpg,saved
train,real,12__talking_against_wall_frame_5.jpg,12__talking_against_wall_frame_5.jpg,saved
train,real,12__talking_against_wall_frame_6.jpg,12__talking_against_wall_frame_6.jpg,saved
train,real,12__talking_against_wall_frame_7.jpg,12__talking_against_wall_frame_7.jpg,saved
train,real,12__talking_against_wall_frame_8.jpg,12__talking_against_wall_frame_8.jpg,saved
train,real,12__talking_against_wall_frame_9.jpg,12__talking_against_wall_frame_9.jpg,saved
train,real,12__talking_angry_couch_frame_0.jpg,12__talking_angry_couch_frame_0.jpg,saved
train,real,12__talking_angry_couch_frame_1.jpg,12__talking_angry_couch_frame_1.jpg,saved
train,real,12__talking_angry_couch_frame_2.jpg,12__talking_angry_couch_frame_2.jpg,saved
train,real,12__talking_angry_couch_frame_3.jpg,12__talking_angry_couch_frame_3.jpg,saved
train,real,12__talking_angry_couch_frame_4.jpg,12__talking_angry_couch_frame_4.jpg,saved
train,real,12__talking_angry_couch_frame_5.jpg,12__talking_angry_couch_frame_5.jpg,saved
train,real,12__talking_angry_couch_frame_6.jpg,12__talking_angry_couch_frame_6.jpg,saved
train,real,12__talking_angry_couch_frame_7.jpg,12__talking_angry_couch_frame_7.jpg,saved
train,real,12__talking_angry_couch_frame_8.jpg,12__talking_angry_couch_frame_8.jpg,saved
train,real,12__talking_angry_couch_frame_9.jpg,12__talking_angry_couch_frame_9.jpg,saved
train,real,12__walking_down_street_outside_angry_frame_0.jpg,12__walking_down_street_outside_angry_frame_0.jpg,saved
train,real,12__walking_down_street_outside_angry_frame_1.jpg,12__walking_down_street_outside_angry_frame_1.jpg,saved
train,real,12__walking_down_street_outside_angry_frame_2.jpg,12__walking_down_street_outside_angry_frame_2.jpg,saved
train,real,12__walking_down_street_outside_angry_frame_3.jpg,12__walking_down_street_outside_angry_frame_3.jpg,saved
train,real,12__walking_down_street_outside_angry_frame_4.jpg,12__walking_down_street_outside_angry_frame_4.jpg,saved
train,real,12__walking_down_street_outside_angry_frame_5.jpg,12__walking_down_street_outside_angry_frame_5.jpg,saved
train,real,12__walking_down_street_outside_angry_frame_6.jpg,12__walking_down_street_outside_angry_frame_6.jpg,saved
train,real,12__walking_down_street_outside_angry_frame_7.jpg,12__walking_down_street_outside_angry_frame_7.jpg,saved
train,real,12__walking_down_street_outside_angry_frame_8.jpg,12__walking_down_street_outside_angry_frame_8.jpg,saved
train,real,12__walking_down_street_outside_angry_frame_9.jpg,12__walking_down_street_outside_angry_frame_9.jpg,saved
train,real,13__exit_phone_room_frame_0.jpg,13__exit_phone_room_frame_0.jpg,saved
train,real,13__exit_phone_room_frame_1.jpg,13__exit_phone_room_frame_1.jpg,saved
train,real,13__exit_phone_room_frame_2.jpg,13__exit_phone_room_frame_2.jpg,saved
train,real,13__exit_phone_room_frame_3.jpg,13__exit_phone_room_frame_3.jpg,saved
train,real,13__exit_phone_room_frame_4.jpg,13__exit_phone_room_frame_4.jpg,saved
train,real,13__exit_phone_room_frame_5.jpg,13__exit_phone_room_frame_5.jpg,saved
train,real,13__exit_phone_room_frame_6.jpg,13__exit_phone_room_frame_6.jpg,saved
train,real,13__exit_phone_room_frame_7.jpg,13__exit_phone_room_frame_7.jpg,saved
train,real,13__exit_phone_room_frame_8.jpg,13__exit_phone_room_frame_8.jpg,saved
train,real,13__exit_phone_room_frame_9.jpg,13__exit_phone_room_frame_9.jpg,saved
train,real,13__hugging_happy_frame_0.jpg,13__hugging_happy_frame_0.jpg,saved
train,real,13__hugging_happy_frame_1.jpg,13__hugging_happy_frame_1.jpg,saved
train,real,13__hugging_happy_frame_2.jpg,13__hugging_happy_frame_2.jpg,saved
train,real,13__hugging_happy_frame_3.jpg,13__hugging_happy_frame_3.jpg,saved
train,real,13__hugging_happy_frame_4.jpg,13__hugging_happy_frame_4.jpg,saved
train,real,13__hugging_happy_frame_5.jpg,13__hugging_happy_frame_5.jpg,saved
train,real,13__hugging_happy_frame_6.jpg,13__hugging_happy_frame_6.jpg,saved
train,real,13__hugging_happy_frame_7.jpg,13__hugging_happy_frame_7.jpg,saved
train,real,13__hugging_happy_frame_8.jpg,13__hugging_happy_frame_8.jpg,saved
train,real,13__hugging_happy_frame_9.jpg,13__hugging_happy_frame_9.jpg,saved
train,real,13__kitchen_pan_frame_0.jpg,13__kitchen_pan_frame_0.jpg,no face detected
train,real,13__kitchen_pan_frame_1.jpg,13__kitchen_pan_frame_1.jpg,saved
train,real,13__kitchen_pan_frame_2.jpg,13__kitchen_pan_frame_2.jpg,saved
train,real,13__kitchen_pan_frame_3.jpg,13__kitchen_pan_frame_3.jpg,saved
train,real,13__kitchen_pan_frame_4.jpg,13__kitchen_pan_frame_4.jpg,saved
train,real,13__kitchen_pan_frame_5.jpg,13__kitchen_pan_frame_5.jpg,saved
train,real,13__kitchen_pan_frame_6.jpg,13__kitchen_pan_frame_6.jpg,saved
train,real,13__kitchen_pan_frame_7.jpg,13__kitchen_pan_frame_7.jpg,saved
train,real,13__kitchen_pan_frame_8.jpg,13__kitchen_pan_frame_8.jpg,saved
train,real,13__kitchen_pan_frame_9.jpg,13__kitchen_pan_frame_9.jpg,no face detected
train,real,13__kitchen_still_frame_0.jpg,13__kitchen_still_frame_0.jpg,saved
train,real,13__kitchen_still_frame_1.jpg,13__kitchen_still_frame_1.jpg,saved
train,real,13__kitchen_still_frame_2.jpg,13__kitchen_still_frame_2.jpg,saved
train,real,13__kitchen_still_frame_3.jpg,13__kitchen_still_frame_3.jpg,saved
train,real,13__kitchen_still_frame_4.jpg,13__kitchen_still_frame_4.jpg,saved
train,real,13__kitchen_still_frame_5.jpg,13__kitchen_still_frame_5.jpg,saved
train,real,13__kitchen_still_frame_6.jpg,13__kitchen_still_frame_6.jpg,saved
train,real,13__kitchen_still_frame_7.jpg,13__kitchen_still_frame_7.jpg,saved
train,real,13__kitchen_still_frame_8.jpg,13__kitchen_still_frame_8.jpg,saved
train,real,13__kitchen_still_frame_9.jpg,13__kitchen_still_frame_9.jpg,saved
train,real,13__outside_talking_pan_laughing_frame_0.jpg,13__outside_talking_pan_laughing_frame_0.jpg,no face detected
train,real,13__outside_talking_pan_laughing_frame_1.jpg,13__outside_talking_pan_laughing_frame_1.jpg,saved
train,real,13__outside_talking_pan_laughing_frame_2.jpg,13__outside_talking_pan_laughing_frame_2.jpg,saved
train,real,13__outside_talking_pan_laughing_frame_3.jpg,13__outside_talking_pan_laughing_frame_3.jpg,saved
train,real,13__outside_talking_pan_laughing_frame_4.jpg,13__outside_talking_pan_laughing_frame_4.jpg,saved
train,real,13__outside_talking_pan_laughing_frame_5.jpg,13__outside_talking_pan_laughing_frame_5.jpg,saved
train,real,13__outside_talking_pan_laughing_frame_6.jpg,13__outside_talking_pan_laughing_frame_6.jpg,saved
train,real,13__outside_talking_pan_laughing_frame_7.jpg,13__outside_talking_pan_laughing_frame_7.jpg,saved
train,real,13__outside_talking_pan_laughing_frame_8.jpg,13__outside_talking_pan_laughing_frame_8.jpg,saved
train,real,13__outside_talking_pan_laughing_frame_9.jpg,13__outside_talking_pan_laughing_frame_9.jpg,no face detected
train,real,13__outside_talking_still_laughing_frame_0.jpg,13__outside_talking_still_laughing_frame_0.jpg,saved
train,real,13__outside_talking_still_laughing_frame_1.jpg,13__outside_talking_still_laughing_frame_1.jpg,saved
train,real,13__outside_talking_still_laughing_frame_2.jpg,13__outside_talking_still_laughing_frame_2.jpg,saved
train,real,13__outside_talking_still_laughing_frame_3.jpg,13__outside_talking_still_laughing_frame_3.jpg,saved
train,real,13__outside_talking_still_laughing_frame_4.jpg,13__outside_talking_still_laughing_frame_4.jpg,saved
train,real,13__outside_talking_still_laughing_frame_5.jpg,13__outside_talking_still_laughing_frame_5.jpg,saved
train,real,13__outside_talking_still_laughing_frame_6.jpg,13__outside_talking_still_laughing_frame_6.jpg,saved
train,real,13__outside_talking_still_laughing_frame_7.jpg,13__outside_talking_still_laughing_frame_7.jpg,saved
train,real,13__outside_talking_still_laughing_frame_8.jpg,13__outside_talking_still_laughing_frame_8.jpg,saved
train,real,13__outside_talking_still_laughing_frame_9.jpg,13__outside_talking_still_laughing_frame_9.jpg,saved
train,real,13__podium_speech_happy_frame_0.jpg,13__podium_speech_happy_frame_0.jpg,saved
train,real,13__podium_speech_happy_frame_1.jpg,13__podium_speech_happy_frame_1.jpg,saved
train,real,13__podium_speech_happy_frame_2.jpg,13__podium_speech_happy_frame_2.jpg,saved
train,real,13__podium_speech_happy_frame_3.jpg,13__podium_speech_happy_frame_3.jpg,saved
train,real,13__podium_speech_happy_frame_4.jpg,13__podium_speech_happy_frame_4.jpg,saved
train,real,13__podium_speech_happy_frame_5.jpg,13__podium_speech_happy_frame_5.jpg,saved
train,real,13__podium_speech_happy_frame_6.jpg,13__podium_speech_happy_frame_6.jpg,saved
train,real,13__podium_speech_happy_frame_7.jpg,13__podium_speech_happy_frame_7.jpg,saved
train,real,13__podium_speech_happy_frame_8.jpg,13__podium_speech_happy_frame_8.jpg,saved
train,real,13__podium_speech_happy_frame_9.jpg,13__podium_speech_happy_frame_9.jpg,saved
train,real,13__secret_conversation_frame_0.jpg,13__secret_conversation_frame_0.jpg,saved
train,real,13__secret_conversation_frame_1.jpg,13__secret_conversation_frame_1.jpg,saved
train,real,13__secret_conversation_frame_2.jpg,13__secret_conversation_frame_2.jpg,saved
train,real,13__secret_conversation_frame_3.jpg,13__secret_conversation_frame_3.jpg,saved
train,real,13__secret_conversation_frame_4.jpg,13__secret_conversation_frame_4.jpg,saved
train,real,13__secret_conversation_frame_5.jpg,13__secret_conversation_frame_5.jpg,saved
train,real,13__secret_conversation_frame_6.jpg,13__secret_conversation_frame_6.jpg,saved
train,real,13__secret_conversation_frame_7.jpg,13__secret_conversation_frame_7.jpg,saved
train,real,13__secret_conversation_frame_8.jpg,13__secret_conversation_frame_8.jpg,saved
train,real,13__secret_conversation_frame_9.jpg,13__secret_conversation_frame_9.jpg,saved
train,real,13__talking_angry_couch_frame_0.jpg,13__talking_angry_couch_frame_0.jpg,saved
train,real,13__talking_angry_couch_frame_1.jpg,13__talking_angry_couch_frame_1.jpg,saved
train,real,13__talking_angry_couch_frame_2.jpg,13__talking_angry_couch_frame_2.jpg,saved
train,real,13__talking_angry_couch_frame_3.jpg,13__talking_angry_couch_frame_3.jpg,saved
train,real,13__talking_angry_couch_frame_4.jpg,13__talking_angry_couch_frame_4.jpg,saved
train,real,13__talking_angry_couch_frame_5.jpg,13__talking_angry_couch_frame_5.jpg,saved
train,real,13__talking_angry_couch_frame_6.jpg,13__talking_angry_couch_frame_6.jpg,saved
train,real,13__talking_angry_couch_frame_7.jpg,13__talking_angry_couch_frame_7.jpg,saved
train,real,13__talking_angry_couch_frame_8.jpg,13__talking_angry_couch_frame_8.jpg,saved
train,real,13__talking_angry_couch_frame_9.jpg,13__talking_angry_couch_frame_9.jpg,saved
train,real,13__walk_down_hall_angry_frame_0.jpg,13__walk_down_hall_angry_frame_0.jpg,saved
train,real,13__walk_down_hall_angry_frame_1.jpg,13__walk_down_hall_angry_frame_1.jpg,saved
train,real,13__walk_down_hall_angry_frame_2.jpg,13__walk_down_hall_angry_frame_2.jpg,saved
train,real,13__walk_down_hall_angry_frame_3.jpg,13__walk_down_hall_angry_frame_3.jpg,saved
train,real,13__walk_down_hall_angry_frame_4.jpg,13__walk_down_hall_angry_frame_4.jpg,saved
train,real,13__walk_down_hall_angry_frame_5.jpg,13__walk_down_hall_angry_frame_5.jpg,saved
train,real,13__walk_down_hall_angry_frame_6.jpg,13__walk_down_hall_angry_frame_6.jpg,saved
train,real,13__walk_down_hall_angry_frame_7.jpg,13__walk_down_hall_angry_frame_7.jpg,saved
train,real,13__walk_down_hall_angry_frame_8.jpg,13__walk_down_hall_angry_frame_8.jpg,saved
train,real,13__walk_down_hall_angry_frame_9.jpg,13__walk_down_hall_angry_frame_9.jpg,saved
train,real,13__walking_down_indoor_hall_disgust_frame_0.jpg,13__walking_down_indoor_hall_disgust_frame_0.jpg,saved
train,real,13__walking_down_indoor_hall_disgust_frame_1.jpg,13__walking_down_indoor_hall_disgust_frame_1.jpg,saved
train,real,13__walking_down_indoor_hall_disgust_frame_2.jpg,13__walking_down_indoor_hall_disgust_frame_2.jpg,saved
train,real,13__walking_down_indoor_hall_disgust_frame_3.jpg,13__walking_down_indoor_hall_disgust_frame_3.jpg,saved
train,real,13__walking_down_indoor_hall_disgust_frame_4.jpg,13__walking_down_indoor_hall_disgust_frame_4.jpg,saved
train,real,13__walking_down_indoor_hall_disgust_frame_5.jpg,13__walking_down_indoor_hall_disgust_frame_5.jpg,saved
train,real,13__walking_down_indoor_hall_disgust_frame_6.jpg,13__walking_down_indoor_hall_disgust_frame_6.jpg,saved
train,real,13__walking_down_indoor_hall_disgust_frame_7.jpg,13__walking_down_indoor_hall_disgust_frame_7.jpg,saved
train,real,13__walking_down_indoor_hall_disgust_frame_8.jpg,13__walking_down_indoor_hall_disgust_frame_8.jpg,saved
train,real,13__walking_down_indoor_hall_disgust_frame_9.jpg,13__walking_down_indoor_hall_disgust_frame_9.jpg,saved
train,real,13__walking_outside_cafe_disgusted_frame_0.jpg,13__walking_outside_cafe_disgusted_frame_0.jpg,saved
train,real,13__walking_outside_cafe_disgusted_frame_1.jpg,13__walking_outside_cafe_disgusted_frame_1.jpg,saved
train,real,13__walking_outside_cafe_disgusted_frame_2.jpg,13__walking_outside_cafe_disgusted_frame_2.jpg,saved
train,real,13__walking_outside_cafe_disgusted_frame_3.jpg,13__walking_outside_cafe_disgusted_frame_3.jpg,saved
train,real,13__walking_outside_cafe_disgusted_frame_4.jpg,13__walking_outside_cafe_disgusted_frame_4.jpg,saved
train,real,13__walking_outside_cafe_disgusted_frame_5.jpg,13__walking_outside_cafe_disgusted_frame_5.jpg,saved
train,real,13__walking_outside_cafe_disgusted_frame_6.jpg,13__walking_outside_cafe_disgusted_frame_6.jpg,saved
train,real,13__walking_outside_cafe_disgusted_frame_7.jpg,13__walking_outside_cafe_disgusted_frame_7.jpg,saved
train,real,13__walking_outside_cafe_disgusted_frame_8.jpg,13__walking_outside_cafe_disgusted_frame_8.jpg,saved
train,real,13__walking_outside_cafe_disgusted_frame_9.jpg,13__walking_outside_cafe_disgusted_frame_9.jpg,saved
train,real,14__exit_phone_room_frame_0.jpg,14__exit_phone_room_frame_0.jpg,saved
train,real,14__exit_phone_room_frame_1.jpg,14__exit_phone_room_frame_1.jpg,saved
train,real,14__exit_phone_room_frame_2.jpg,14__exit_phone_room_frame_2.jpg,saved
train,real,14__exit_phone_room_frame_3.jpg,14__exit_phone_room_frame_3.jpg,saved
train,real,14__exit_phone_room_frame_4.jpg,14__exit_phone_room_frame_4.jpg,saved
train,real,14__exit_phone_room_frame_5.jpg,14__exit_phone_room_frame_5.jpg,saved
train,real,14__exit_phone_room_frame_6.jpg,14__exit_phone_room_frame_6.jpg,saved
train,real,14__exit_phone_room_frame_7.jpg,14__exit_phone_room_frame_7.jpg,saved
train,real,14__exit_phone_room_frame_8.jpg,14__exit_phone_room_frame_8.jpg,saved
train,real,14__exit_phone_room_frame_9.jpg,14__exit_phone_room_frame_9.jpg,saved
train,real,14__hugging_happy_frame_0.jpg,14__hugging_happy_frame_0.jpg,saved
train,real,14__hugging_happy_frame_1.jpg,14__hugging_happy_frame_1.jpg,saved
train,real,14__hugging_happy_frame_2.jpg,14__hugging_happy_frame_2.jpg,saved
train,real,14__hugging_happy_frame_3.jpg,14__hugging_happy_frame_3.jpg,saved
train,real,14__hugging_happy_frame_4.jpg,14__hugging_happy_frame_4.jpg,saved
train,real,14__hugging_happy_frame_5.jpg,14__hugging_happy_frame_5.jpg,saved
train,real,14__hugging_happy_frame_6.jpg,14__hugging_happy_frame_6.jpg,saved
train,real,14__hugging_happy_frame_7.jpg,14__hugging_happy_frame_7.jpg,saved
train,real,14__hugging_happy_frame_8.jpg,14__hugging_happy_frame_8.jpg,saved
train,real,14__hugging_happy_frame_9.jpg,14__hugging_happy_frame_9.jpg,saved
train,real,14__kitchen_pan_frame_0.jpg,14__kitchen_pan_frame_0.jpg,no face detected
train,real,14__kitchen_pan_frame_1.jpg,14__kitchen_pan_frame_1.jpg,saved
train,real,14__kitchen_pan_frame_2.jpg,14__kitchen_pan_frame_2.jpg,saved
train,real,14__kitchen_pan_frame_3.jpg,14__kitchen_pan_frame_3.jpg,saved
train,real,14__kitchen_pan_frame_4.jpg,14__kitchen_pan_frame_4.jpg,saved
train,real,14__kitchen_pan_frame_5.jpg,14__kitchen_pan_frame_5.jpg,saved
train,real,14__kitchen_pan_frame_6.jpg,14__kitchen_pan_frame_6.jpg,saved
train,real,14__kitchen_pan_frame_7.jpg,14__kitchen_pan_frame_7.jpg,saved
train,real,14__kitchen_pan_frame_8.jpg,14__kitchen_pan_frame_8.jpg,saved
train,real,14__kitchen_pan_frame_9.jpg,14__kitchen_pan_frame_9.jpg,no face detected
train,real,14__outside_talking_pan_laughing_frame_0.jpg,14__outside_talking_pan_laughing_frame_0.jpg,no face detected
train,real,14__outside_talking_pan_laughing_frame_1.jpg,14__outside_talking_pan_laughing_frame_1.jpg,saved
train,real,14__outside_talking_pan_laughing_frame_2.jpg,14__outside_talking_pan_laughing_frame_2.jpg,saved
train,real,14__outside_talking_pan_laughing_frame_3.jpg,14__outside_talking_pan_laughing_frame_3.jpg,saved
train,real,14__outside_talking_pan_laughing_frame_4.jpg,14__outside_talking_pan_laughing_frame_4.jpg,saved
train,real,14__outside_talking_pan_laughing_frame_5.jpg,14__outside_talking_pan_laughing_frame_5.jpg,saved
train,real,14__outside_talking_pan_laughing_frame_6.jpg,14__outside_talking_pan_laughing_frame_6.jpg,saved
train,real,14__outside_talking_pan_laughing_frame_7.jpg,14__outside_talking_pan_laughing_frame_7.jpg,saved
train,real,14__outside_talking_pan_laughing_frame_8.jpg,14__outside_talking_pan_laughing_frame_8.jpg,saved
train,real,14__outside_talking_pan_laughing_frame_9.jpg,14__outside_talking_pan_laughing_frame_9.jpg,no face detected
train,real,14__outside_talking_still_laughing_frame_0.jpg,14__outside_talking_still_laughing_frame_0.jpg,saved
train,real,14__outside_talking_still_laughing_frame_1.jpg,14__outside_talking_still_laughing_frame_1.jpg,saved
train,real,14__outside_talking_still_laughing_frame_2.jpg,14__outside_talking_still_laughing_frame_2.jpg,saved
train,real,14__outside_talking_still_laughing_frame_3.jpg,14__outside_talking_still_laughing_frame_3.jpg,saved
train,real,14__outside_talking_still_laughing_frame_4.jpg,14__outside_talking_still_laughing_frame_4.jpg,saved
train,real,14__outside_talking_still_laughing_frame_5.jpg,14__outside_talking_still_laughing_frame_5.jpg,saved
train,real,14__outside_talking_still_laughing_frame_6.jpg,14__outside_talking_still_laughing_frame_6.jpg,saved
train,real,14__outside_talking_still_laughing_frame_7.jpg,14__outside_talking_still_laughing_frame_7.jpg,saved
train,real,14__outside_talking_still_laughing_frame_8.jpg,14__outside_talking_still_laughing_frame_8.jpg,saved
train,real,14__outside_talking_still_laughing_frame_9.jpg,14__outside_talking_still_laughing_frame_9.jpg,no face detected
train,real,14__podium_speech_happy_frame_0.jpg,14__podium_speech_happy_frame_0.jpg,saved
train,real,14__podium_speech_happy_frame_1.jpg,14__podium_speech_happy_frame_1.jpg,saved
train,real,14__podium_speech_happy_frame_2.jpg,14__podium_speech_happy_frame_2.jpg,saved
train,real,14__podium_speech_happy_frame_3.jpg,14__podium_speech_happy_frame_3.jpg,saved
train,real,14__podium_speech_happy_frame_4.jpg,14__podium_speech_happy_frame_4.jpg,saved
train,real,14__podium_speech_happy_frame_5.jpg,14__podium_speech_happy_frame_5.jpg,saved
train,real,14__podium_speech_happy_frame_6.jpg,14__podium_speech_happy_frame_6.jpg,saved
train,real,14__podium_speech_happy_frame_7.jpg,14__podium_speech_happy_frame_7.jpg,saved
train,real,14__podium_speech_happy_frame_8.jpg,14__podium_speech_happy_frame_8.jpg,saved
train,real,14__podium_speech_happy_frame_9.jpg,14__podium_speech_happy_frame_9.jpg,saved
train,real,14__secret_conversation_frame_0.jpg,14__secret_conversation_frame_0.jpg,saved
train,real,14__secret_conversation_frame_1.jpg,14__secret_conversation_frame_1.jpg,saved
train,real,14__secret_conversation_frame_2.jpg,14__secret_conversation_frame_2.jpg,saved
train,real,14__secret_conversation_frame_3.jpg,14__secret_conversation_frame_3.jpg,saved
train,real,14__secret_conversation_frame_4.jpg,14__secret_conversation_frame_4.jpg,saved
train,real,14__secret_conversation_frame_5.jpg,14__secret_conversation_frame_5.jpg,saved
train,real,14__secret_conversation_frame_6.jpg,14__secret_conversation_frame_6.jpg,saved
train,real,14__secret_conversation_frame_7.jpg,14__secret_conversation_frame_7.jpg,saved
train,real,14__secret_conversation_frame_8.jpg,14__secret_conversation_frame_8.jpg,saved
train,real,14__secret_conversation_frame_9.jpg,14__secret_conversation_frame_9.jpg,saved
train,real,14__talking_against_wall_frame_0.jpg,14__talking_against_wall_frame_0.jpg,saved
train,real,14__talking_against_wall_frame_1.jpg,14__talking_against_wall_frame_1.jpg,saved
train,real,14__talking_against_wall_frame_2.jpg,14__talking_against_wall_frame_2.jpg,saved
train,real,14__talking_against_wall_frame_3.jpg,14__talking_against_wall_frame_3.jpg,saved
train,real,14__talking_against_wall_frame_4.jpg,14__talking_against_wall_frame_4.jpg,saved
train,real,14__talking_against_wall_frame_5.jpg,14__talking_against_wall_frame_5.jpg,saved
train,real,14__talking_against_wall_frame_6.jpg,14__talking_against_wall_frame_6.jpg,saved
train,real,14__talking_against_wall_frame_7.jpg,14__talking_against_wall_frame_7.jpg,saved
train,real,14__talking_against_wall_frame_8.jpg,14__talking_against_wall_frame_8.jpg,saved
train,real,14__talking_against_wall_frame_9.jpg,14__talking_against_wall_frame_9.jpg,saved
train,real,14__talking_angry_couch_frame_0.jpg,14__talking_angry_couch_frame_0.jpg,saved
train,real,14__talking_angry_couch_frame_1.jpg,14__talking_angry_couch_frame_1.jpg,saved
train,real,14__talking_angry_couch_frame_2.jpg,14__talking_angry_couch_frame_2.jpg,saved
train,real,14__talking_angry_couch_frame_3.jpg,14__talking_angry_couch_frame_3.jpg,saved
train,real,14__talking_angry_couch_frame_4.jpg,14__talking_angry_couch_frame_4.jpg,saved
train,real,14__talking_angry_couch_frame_5.jpg,14__talking_angry_couch_frame_5.jpg,saved
train,real,14__talking_angry_couch_frame_6.jpg,14__talking_angry_couch_frame_6.jpg,saved
train,real,14__talking_angry_couch_frame_7.jpg,14__talking_angry_couch_frame_7.jpg,saved
train,real,14__talking_angry_couch_frame_8.jpg,14__talking_angry_couch_frame_8.jpg,saved
train,real,14__talking_angry_couch_frame_9.jpg,14__talking_angry_couch_frame_9.jpg,saved
train,real,14__walk_down_hall_angry_frame_0.jpg,14__walk_down_hall_angry_frame_0.jpg,no face detected
train,real,14__walk_down_hall_angry_frame_1.jpg,14__walk_down_hall_angry_frame_1.jpg,saved
train,real,14__walk_down_hall_angry_frame_2.jpg,14__walk_down_hall_angry_frame_2.jpg,saved
train,real,14__walk_down_hall_angry_frame_3.jpg,14__walk_down_hall_angry_frame_3.jpg,saved
train,real,14__walk_down_hall_angry_frame_4.jpg,14__walk_down_hall_angry_frame_4.jpg,saved
train,real,14__walk_down_hall_angry_frame_5.jpg,14__walk_down_hall_angry_frame_5.jpg,saved
train,real,14__walk_down_hall_angry_frame_6.jpg,14__walk_down_hall_angry_frame_6.jpg,saved
train,real,14__walk_down_hall_angry_frame_7.jpg,14__walk_down_hall_angry_frame_7.jpg,saved
train,real,14__walk_down_hall_angry_frame_8.jpg,14__walk_down_hall_angry_frame_8.jpg,saved
train,real,14__walk_down_hall_angry_frame_9.jpg,14__walk_down_hall_angry_frame_9.jpg,saved
train,real,14__walking_down_street_outside_angry_frame_0.jpg,14__walking_down_street_outside_angry_frame_0.jpg,saved
train,real,14__walking_down_street_outside_angry_frame_1.jpg,14__walking_down_street_outside_angry_frame_1.jpg,saved
train,real,14__walking_down_street_outside_angry_frame_2.jpg,14__walking_down_street_outside_angry_frame_2.jpg,saved
train,real,14__walking_down_street_outside_angry_frame_3.jpg,14__walking_down_street_outside_angry_frame_3.jpg,saved
train,real,14__walking_down_street_outside_angry_frame_4.jpg,14__walking_down_street_outside_angry_frame_4.jpg,saved
train,real,14__walking_down_street_outside_angry_frame_5.jpg,14__walking_down_street_outside_angry_frame_5.jpg,saved
train,real,14__walking_down_street_outside_angry_frame_6.jpg,14__walking_down_street_outside_angry_frame_6.jpg,saved
train,real,14__walking_down_street_outside_angry_frame_7.jpg,14__walking_down_street_outside_angry_frame_7.jpg,saved
train,real,14__walking_down_street_outside_angry_frame_8.jpg,14__walking_down_street_outside_angry_frame_8.jpg,saved
train,real,14__walking_down_street_outside_angry_frame_9.jpg,14__walking_down_street_outside_angry_frame_9.jpg,saved
train,real,14__walking_outside_cafe_disgusted_frame_0.jpg,14__walking_outside_cafe_disgusted_frame_0.jpg,saved
train,real,14__walking_outside_cafe_disgusted_frame_1.jpg,14__walking_outside_cafe_disgusted_frame_1.jpg,saved
train,real,14__walking_outside_cafe_disgusted_frame_2.jpg,14__walking_outside_cafe_disgusted_frame_2.jpg,saved
train,real,14__walking_outside_cafe_disgusted_frame_3.jpg,14__walking_outside_cafe_disgusted_frame_3.jpg,saved
train,real,14__walking_outside_cafe_disgusted_frame_4.jpg,14__walking_outside_cafe_disgusted_frame_4.jpg,saved
train,real,14__walking_outside_cafe_disgusted_frame_5.jpg,14__walking_outside_cafe_disgusted_frame_5.jpg,saved
train,real,14__walking_outside_cafe_disgusted_frame_6.jpg,14__walking_outside_cafe_disgusted_frame_6.jpg,saved
train,real,14__walking_outside_cafe_disgusted_frame_7.jpg,14__walking_outside_cafe_disgusted_frame_7.jpg,saved
train,real,14__walking_outside_cafe_disgusted_frame_8.jpg,14__walking_outside_cafe_disgusted_frame_8.jpg,saved
train,real,14__walking_outside_cafe_disgusted_frame_9.jpg,14__walking_outside_cafe_disgusted_frame_9.jpg,saved
train,real,15__hugging_happy_frame_0.jpg,15__hugging_happy_frame_0.jpg,saved
train,real,15__hugging_happy_frame_1.jpg,15__hugging_happy_frame_1.jpg,saved
train,real,15__hugging_happy_frame_2.jpg,15__hugging_happy_frame_2.jpg,saved
train,real,15__hugging_happy_frame_3.jpg,15__hugging_happy_frame_3.jpg,saved
train,real,15__hugging_happy_frame_4.jpg,15__hugging_happy_frame_4.jpg,saved
train,real,15__hugging_happy_frame_5.jpg,15__hugging_happy_frame_5.jpg,saved
train,real,15__hugging_happy_frame_6.jpg,15__hugging_happy_frame_6.jpg,saved
train,real,15__hugging_happy_frame_7.jpg,15__hugging_happy_frame_7.jpg,saved
train,real,15__hugging_happy_frame_8.jpg,15__hugging_happy_frame_8.jpg,saved
train,real,15__hugging_happy_frame_9.jpg,15__hugging_happy_frame_9.jpg,saved
train,real,15__kitchen_pan_frame_0.jpg,15__kitchen_pan_frame_0.jpg,no face detected
train,real,15__kitchen_pan_frame_1.jpg,15__kitchen_pan_frame_1.jpg,saved
train,real,15__kitchen_pan_frame_2.jpg,15__kitchen_pan_frame_2.jpg,saved
train,real,15__kitchen_pan_frame_3.jpg,15__kitchen_pan_frame_3.jpg,saved
train,real,15__kitchen_pan_frame_4.jpg,15__kitchen_pan_frame_4.jpg,saved
train,real,15__kitchen_pan_frame_5.jpg,15__kitchen_pan_frame_5.jpg,saved
train,real,15__kitchen_pan_frame_6.jpg,15__kitchen_pan_frame_6.jpg,saved
train,real,15__kitchen_pan_frame_7.jpg,15__kitchen_pan_frame_7.jpg,saved
train,real,15__kitchen_pan_frame_8.jpg,15__kitchen_pan_frame_8.jpg,saved
train,real,15__kitchen_pan_frame_9.jpg,15__kitchen_pan_frame_9.jpg,no face detected
train,real,15__talking_against_wall_frame_0.jpg,15__talking_against_wall_frame_0.jpg,saved
train,real,15__talking_against_wall_frame_1.jpg,15__talking_against_wall_frame_1.jpg,saved
train,real,15__talking_against_wall_frame_2.jpg,15__talking_against_wall_frame_2.jpg,saved
train,real,15__talking_against_wall_frame_3.jpg,15__talking_against_wall_frame_3.jpg,saved
train,real,15__talking_against_wall_frame_4.jpg,15__talking_against_wall_frame_4.jpg,saved
train,real,15__talking_against_wall_frame_5.jpg,15__talking_against_wall_frame_5.jpg,saved
train,real,15__talking_against_wall_frame_6.jpg,15__talking_against_wall_frame_6.jpg,saved
train,real,15__talking_against_wall_frame_7.jpg,15__talking_against_wall_frame_7.jpg,saved
train,real,15__talking_against_wall_frame_8.jpg,15__talking_against_wall_frame_8.jpg,saved
train,real,15__talking_against_wall_frame_9.jpg,15__talking_against_wall_frame_9.jpg,saved
train,real,15__talking_angry_couch_frame_0.jpg,15__talking_angry_couch_frame_0.jpg,saved
train,real,15__talking_angry_couch_frame_1.jpg,15__talking_angry_couch_frame_1.jpg,saved
train,real,15__talking_angry_couch_frame_2.jpg,15__talking_angry_couch_frame_2.jpg,saved
train,real,15__talking_angry_couch_frame_3.jpg,15__talking_angry_couch_frame_3.jpg,saved
train,real,15__talking_angry_couch_frame_4.jpg,15__talking_angry_couch_frame_4.jpg,saved
train,real,15__talking_angry_couch_frame_5.jpg,15__talking_angry_couch_frame_5.jpg,saved
train,real,15__talking_angry_couch_frame_6.jpg,15__talking_angry_couch_frame_6.jpg,saved
train,real,15__talking_angry_couch_frame_7.jpg,15__talking_angry_couch_frame_7.jpg,saved
train,real,15__talking_angry_couch_frame_8.jpg,15__talking_angry_couch_frame_8.jpg,saved
train,real,15__talking_angry_couch_frame_9.jpg,15__talking_angry_couch_frame_9.jpg,saved
train,real,15__walk_down_hall_angry_frame_0.jpg,15__walk_down_hall_angry_frame_0.jpg,no face detected
train,real,15__walk_down_hall_angry_frame_1.jpg,15__walk_down_hall_angry_frame_1.jpg,saved
train,real,15__walk_down_hall_angry_frame_2.jpg,15__walk_down_hall_angry_frame_2.jpg,saved
train,real,15__walk_down_hall_angry_frame_3.jpg,15__walk_down_hall_angry_frame_3.jpg,saved
train,real,15__walk_down_hall_angry_frame_4.jpg,15__walk_down_hall_angry_frame_4.jpg,saved
train,real,15__walk_down_hall_angry_frame_5.jpg,15__walk_down_hall_angry_frame_5.jpg,saved
train,real,15__walk_down_hall_angry_frame_6.jpg,15__walk_down_hall_angry_frame_6.jpg,saved
train,real,15__walk_down_hall_angry_frame_7.jpg,15__walk_down_hall_angry_frame_7.jpg,saved
train,real,15__walk_down_hall_angry_frame_8.jpg,15__walk_down_hall_angry_frame_8.jpg,saved
train,real,15__walk_down_hall_angry_frame_9.jpg,15__walk_down_hall_angry_frame_9.jpg,saved
train,real,15__walking_and_outside_surprised_frame_0.jpg,15__walking_and_outside_surprised_frame_0.jpg,saved
train,real,15__walking_and_outside_surprised_frame_1.jpg,15__walking_and_outside_surprised_frame_1.jpg,saved
train,real,15__walking_and_outside_surprised_frame_2.jpg,15__walking_and_outside_surprised_frame_2.jpg,saved
train,real,15__walking_and_outside_surprised_frame_3.jpg,15__walking_and_outside_surprised_frame_3.jpg,saved
train,real,15__walking_and_outside_surprised_frame_4.jpg,15__walking_and_outside_surprised_frame_4.jpg,saved
train,real,15__walking_and_outside_surprised_frame_5.jpg,15__walking_and_outside_surprised_frame_5.jpg,saved
train,real,15__walking_and_outside_surprised_frame_6.jpg,15__walking_and_outside_surprised_frame_6.jpg,saved
train,real,15__walking_and_outside_surprised_frame_7.jpg,15__walking_and_outside_surprised_frame_7.jpg,saved
train,real,15__walking_and_outside_surprised_frame_8.jpg,15__walking_and_outside_surprised_frame_8.jpg,saved
train,real,15__walking_and_outside_surprised_frame_9.jpg,15__walking_and_outside_surprised_frame_9.jpg,saved
train,real,15__walking_down_indoor_hall_disgust_frame_0.jpg,15__walking_down_indoor_hall_disgust_frame_0.jpg,saved
train,real,15__walking_down_indoor_hall_disgust_frame_1.jpg,15__walking_down_indoor_hall_disgust_frame_1.jpg,saved
train,real,15__walking_down_indoor_hall_disgust_frame_2.jpg,15__walking_down_indoor_hall_disgust_frame_2.jpg,saved
train,real,15__walking_down_indoor_hall_disgust_frame_3.jpg,15__walking_down_indoor_hall_disgust_frame_3.jpg,saved
train,real,15__walking_down_indoor_hall_disgust_frame_4.jpg,15__walking_down_indoor_hall_disgust_frame_4.jpg,saved
train,real,15__walking_down_indoor_hall_disgust_frame_5.jpg,15__walking_down_indoor_hall_disgust_frame_5.jpg,saved
train,real,15__walking_down_indoor_hall_disgust_frame_6.jpg,15__walking_down_indoor_hall_disgust_frame_6.jpg,saved
train,real,15__walking_down_indoor_hall_disgust_frame_7.jpg,15__walking_down_indoor_hall_disgust_frame_7.jpg,saved
train,real,15__walking_down_indoor_hall_disgust_frame_8.jpg,15__walking_down_indoor_hall_disgust_frame_8.jpg,saved
train,real,15__walking_down_indoor_hall_disgust_frame_9.jpg,15__walking_down_indoor_hall_disgust_frame_9.jpg,saved
train,real,15__walking_outside_cafe_disgusted_frame_0.jpg,15__walking_outside_cafe_disgusted_frame_0.jpg,saved
train,real,15__walking_outside_cafe_disgusted_frame_1.jpg,15__walking_outside_cafe_disgusted_frame_1.jpg,saved
train,real,15__walking_outside_cafe_disgusted_frame_2.jpg,15__walking_outside_cafe_disgusted_frame_2.jpg,saved
train,real,15__walking_outside_cafe_disgusted_frame_3.jpg,15__walking_outside_cafe_disgusted_frame_3.jpg,saved
train,real,15__walking_outside_cafe_disgusted_frame_4.jpg,15__walking_outside_cafe_disgusted_frame_4.jpg,saved
train,real,15__walking_outside_cafe_disgusted_frame_5.jpg,15__walking_outside_cafe_disgusted_frame_5.jpg,saved
train,real,15__walking_outside_cafe_disgusted_frame_6.jpg,15__walking_outside_cafe_disgusted_frame_6.jpg,saved
train,real,15__walking_outside_cafe_disgusted_frame_7.jpg,15__walking_outside_cafe_disgusted_frame_7.jpg,saved
train,real,15__walking_outside_cafe_disgusted_frame_8.jpg,15__walking_outside_cafe_disgusted_frame_8.jpg,saved
train,real,15__walking_outside_cafe_disgusted_frame_9.jpg,15__walking_outside_cafe_disgusted_frame_9.jpg,saved
train,real,16__exit_phone_room_frame_0.jpg,16__exit_phone_room_frame_0.jpg,saved
train,real,16__exit_phone_room_frame_1.jpg,16__exit_phone_room_frame_1.jpg,saved
train,real,16__exit_phone_room_frame_2.jpg,16__exit_phone_room_frame_2.jpg,saved
train,real,16__exit_phone_room_frame_3.jpg,16__exit_phone_room_frame_3.jpg,saved
train,real,16__exit_phone_room_frame_4.jpg,16__exit_phone_room_frame_4.jpg,saved
train,real,16__exit_phone_room_frame_5.jpg,16__exit_phone_room_frame_5.jpg,saved
train,real,16__exit_phone_room_frame_6.jpg,16__exit_phone_room_frame_6.jpg,saved
train,real,16__exit_phone_room_frame_7.jpg,16__exit_phone_room_frame_7.jpg,saved
train,real,16__exit_phone_room_frame_8.jpg,16__exit_phone_room_frame_8.jpg,saved
train,real,16__exit_phone_room_frame_9.jpg,16__exit_phone_room_frame_9.jpg,saved
train,fake,01_02__outside_talking_still_laughing__YVGY8LOK_frame_0.jpg,01_02__outside_talking_still_laughing__YVGY8LOK_frame_0.jpg,saved
train,fake,01_02__outside_talking_still_laughing__YVGY8LOK_frame_1.jpg,01_02__outside_talking_still_laughing__YVGY8LOK_frame_1.jpg,saved
train,fake,01_02__outside_talking_still_laughing__YVGY8LOK_frame_2.jpg,01_02__outside_talking_still_laughing__YVGY8LOK_frame_2.jpg,saved
train,fake,01_02__outside_talking_still_laughing__YVGY8LOK_frame_3.jpg,01_02__outside_talking_still_laughing__YVGY8LOK_frame_3.jpg,saved
train,fake,01_02__outside_talking_still_laughing__YVGY8LOK_frame_4.jpg,01_02__outside_talking_still_laughing__YVGY8LOK_frame_4.jpg,saved
train,fake,01_02__outside_talking_still_laughing__YVGY8LOK_frame_5.jpg,01_02__outside_talking_still_laughing__YVGY8LOK_frame_5.jpg,saved
train,fake,01_02__outside_talking_still_laughing__YVGY8LOK_frame_6.jpg,01_02__outside_talking_still_laughing__YVGY8LOK_frame_6.jpg,saved
train,fake,01_02__outside_talking_still_laughing__YVGY8LOK_frame_7.jpg,01_02__outside_talking_still_laughing__YVGY8LOK_frame_7.jpg,saved
train,fake,01_02__outside_talking_still_laughing__YVGY8LOK_frame_8.jpg,01_02__outside_talking_still_laughing__YVGY8LOK_frame_8.jpg,saved
train,fake,01_02__outside_talking_still_laughing__YVGY8LOK_frame_9.jpg,01_02__outside_talking_still_laughing__YVGY8LOK_frame_9.jpg,saved
train,fake,01_02__walk_down_hall_angry__YVGY8LOK_frame_0.jpg,01_02__walk_down_hall_angry__YVGY8LOK_frame_0.jpg,saved
train,fake,01_02__walk_down_hall_angry__YVGY8LOK_frame_1.jpg,01_02__walk_down_hall_angry__YVGY8LOK_frame_1.jpg,saved
train,fake,01_02__walk_down_hall_angry__YVGY8LOK_frame_2.jpg,01_02__walk_down_hall_angry__YVGY8LOK_frame_2.jpg,saved
train,fake,01_02__walk_down_hall_angry__YVGY8LOK_frame_3.jpg,01_02__walk_down_hall_angry__YVGY8LOK_frame_3.jpg,saved
train,fake,01_02__walk_down_hall_angry__YVGY8LOK_frame_4.jpg,01_02__walk_down_hall_angry__YVGY8LOK_frame_4.jpg,saved
train,fake,01_02__walk_down_hall_angry__YVGY8LOK_frame_5.jpg,01_02__walk_down_hall_angry__YVGY8LOK_frame_5.jpg,saved
train,fake,01_02__walk_down_hall_angry__YVGY8LOK_frame_6.jpg,01_02__walk_down_hall_angry__YVGY8LOK_frame_6.jpg,saved
train,fake,01_02__walk_down_hall_angry__YVGY8LOK_frame_7.jpg,01_02__walk_down_hall_angry__YVGY8LOK_frame_7.jpg,saved
train,fake,01_02__walk_down_hall_angry__YVGY8LOK_frame_8.jpg,01_02__walk_down_hall_angry__YVGY8LOK_frame_8.jpg,saved
train,fake,01_02__walk_down_hall_angry__YVGY8LOK_frame_9.jpg,01_02__walk_down_hall_angry__YVGY8LOK_frame_9.jpg,saved
train,fake,01_03__hugging_happy__ISF9SP4G_frame_0.jpg,01_03__hugging_happy__ISF9SP4G_frame_0.jpg,saved
train,fake,01_03__hugging_happy__ISF9SP4G_frame_1.jpg,01_03__hugging_happy__ISF9SP4G_frame_1.jpg,saved
train,fake,01_03__hugging_happy__ISF9SP4G_frame_2.jpg,01_03__hugging_happy__ISF9SP4G_frame_2.jpg,saved
train,fake,01_03__hugging_happy__ISF9SP4G_frame_3.jpg,01_03__hugging_happy__ISF9SP4G_frame_3.jpg,saved
train,fake,01_03__hugging_happy__ISF9SP4G_frame_4.jpg,01_03__hugging_happy__ISF9SP4G_frame_4.jpg,saved
train,fake,01_03__hugging_happy__ISF9SP4G_frame_5.jpg,01_03__hugging_happy__ISF9SP4G_frame_5.jpg,saved
train,fake,01_03__hugging_happy__ISF9SP4G_frame_6.jpg,01_03__hugging_happy__ISF9SP4G_frame_6.jpg,saved
train,fake,01_03__hugging_happy__ISF9SP4G_frame_7.jpg,01_03__hugging_happy__ISF9SP4G_frame_7.jpg,saved
train,fake,01_03__hugging_happy__ISF9SP4G_frame_8.jpg,01_03__hugging_happy__ISF9SP4G_frame_8.jpg,saved
train,fake,01_03__hugging_happy__ISF9SP4G_frame_9.jpg,01_03__hugging_happy__ISF9SP4G_frame_9.jpg,saved
train,fake,01_03__podium_speech_happy__480LQD1C_frame_0.jpg,01_03__podium_speech_happy__480LQD1C_frame_0.jpg,saved
train,fake,01_03__podium_speech_happy__480LQD1C_frame_1.jpg,01_03__podium_speech_happy__480LQD1C_frame_1.jpg,saved
train,fake,01_03__podium_speech_happy__480LQD1C_frame_2.jpg,01_03__podium_speech_happy__480LQD1C_frame_2.jpg,saved
train,fake,01_03__podium_speech_happy__480LQD1C_frame_3.jpg,01_03__podium_speech_happy__480LQD1C_frame_3.jpg,saved
train,fake,01_03__podium_speech_happy__480LQD1C_frame_4.jpg,01_03__podium_speech_happy__480LQD1C_frame_4.jpg,saved
train,fake,01_03__podium_speech_happy__480LQD1C_frame_5.jpg,01_03__podium_speech_happy__480LQD1C_frame_5.jpg,saved
train,fake,01_03__podium_speech_happy__480LQD1C_frame_6.jpg,01_03__podium_speech_happy__480LQD1C_frame_6.jpg,saved
train,fake,01_03__podium_speech_happy__480LQD1C_frame_7.jpg,01_03__podium_speech_happy__480LQD1C_frame_7.jpg,saved
train,fake,01_03__podium_speech_happy__480LQD1C_frame_8.jpg,01_03__podium_speech_happy__480LQD1C_frame_8.jpg,saved
train,fake,01_03__podium_speech_happy__480LQD1C_frame_9.jpg,01_03__podium_speech_happy__480LQD1C_frame_9.jpg,saved
train,fake,01_11__meeting_serious__9OM3VE0Y_frame_0.jpg,01_11__meeting_serious__9OM3VE0Y_frame_0.jpg,saved
train,fake,01_11__meeting_serious__9OM3VE0Y_frame_1.jpg,01_11__meeting_serious__9OM3VE0Y_frame_1.jpg,saved
train,fake,01_11__meeting_serious__9OM3VE0Y_frame_2.jpg,01_11__meeting_serious__9OM3VE0Y_frame_2.jpg,saved
train,fake,01_11__meeting_serious__9OM3VE0Y_frame_3.jpg,01_11__meeting_serious__9OM3VE0Y_frame_3.jpg,saved
train,fake,01_11__meeting_serious__9OM3VE0Y_frame_4.jpg,01_11__meeting_serious__9OM3VE0Y_frame_4.jpg,saved
train,fake,01_11__meeting_serious__9OM3VE0Y_frame_5.jpg,01_11__meeting_serious__9OM3VE0Y_frame_5.jpg,saved
train,fake,01_11__meeting_serious__9OM3VE0Y_frame_6.jpg,01_11__meeting_serious__9OM3VE0Y_frame_6.jpg,saved
train,fake,01_11__meeting_serious__9OM3VE0Y_frame_7.jpg,01_11__meeting_serious__9OM3VE0Y_frame_7.jpg,saved
train,fake,01_11__meeting_serious__9OM3VE0Y_frame_8.jpg,01_11__meeting_serious__9OM3VE0Y_frame_8.jpg,saved
train,fake,01_11__meeting_serious__9OM3VE0Y_frame_9.jpg,01_11__meeting_serious__9OM3VE0Y_frame_9.jpg,saved
train,fake,01_11__secret_conversation__4OJNJLOO_frame_0.jpg,01_11__secret_conversation__4OJNJLOO_frame_0.jpg,saved
train,fake,01_11__secret_conversation__4OJNJLOO_frame_1.jpg,01_11__secret_conversation__4OJNJLOO_frame_1.jpg,saved
train,fake,01_11__secret_conversation__4OJNJLOO_frame_2.jpg,01_11__secret_conversation__4OJNJLOO_frame_2.jpg,saved
train,fake,01_11__secret_conversation__4OJNJLOO_frame_3.jpg,01_11__secret_conversation__4OJNJLOO_frame_3.jpg,saved
train,fake,01_11__secret_conversation__4OJNJLOO_frame_4.jpg,01_11__secret_conversation__4OJNJLOO_frame_4.jpg,saved
train,fake,01_11__secret_conversation__4OJNJLOO_frame_5.jpg,01_11__secret_conversation__4OJNJLOO_frame_5.jpg,saved
train,fake,01_11__secret_conversation__4OJNJLOO_frame_6.jpg,01_11__secret_conversation__4OJNJLOO_frame_6.jpg,saved
train,fake,01_11__secret_conversation__4OJNJLOO_frame_7.jpg,01_11__secret_conversation__4OJNJLOO_frame_7.jpg,saved
train,fake,01_11__secret_conversation__4OJNJLOO_frame_8.jpg,01_11__secret_conversation__4OJNJLOO_frame_8.jpg,saved
train,fake,01_11__secret_conversation__4OJNJLOO_frame_9.jpg,01_11__secret_conversation__4OJNJLOO_frame_9.jpg,saved
train,fake,01_11__talking_against_wall__9229VVZ3_frame_0.jpg,01_11__talking_against_wall__9229VVZ3_frame_0.jpg,saved
train,fake,01_11__talking_against_wall__9229VVZ3_frame_1.jpg,01_11__talking_against_wall__9229VVZ3_frame_1.jpg,saved
train,fake,01_11__talking_against_wall__9229VVZ3_frame_2.jpg,01_11__talking_against_wall__9229VVZ3_frame_2.jpg,saved
train,fake,01_11__talking_against_wall__9229VVZ3_frame_3.jpg,01_11__talking_against_wall__9229VVZ3_frame_3.jpg,saved
train,fake,01_11__talking_against_wall__9229VVZ3_frame_4.jpg,01_11__talking_against_wall__9229VVZ3_frame_4.jpg,saved
train,fake,01_11__talking_against_wall__9229VVZ3_frame_5.jpg,01_11__talking_against_wall__9229VVZ3_frame_5.jpg,saved
train,fake,01_11__talking_against_wall__9229VVZ3_frame_6.jpg,01_11__talking_against_wall__9229VVZ3_frame_6.jpg,saved
train,fake,01_11__talking_against_wall__9229VVZ3_frame_7.jpg,01_11__talking_against_wall__9229VVZ3_frame_7.jpg,saved
train,fake,01_11__talking_against_wall__9229VVZ3_frame_8.jpg,01_11__talking_against_wall__9229VVZ3_frame_8.jpg,saved
train,fake,01_11__talking_against_wall__9229VVZ3_frame_9.jpg,01_11__talking_against_wall__9229VVZ3_frame_9.jpg,saved
train,fake,01_11__walking_outside_cafe_disgusted__FAFWDR4W_frame_0.jpg,01_11__walking_outside_cafe_disgusted__FAFWDR4W_frame_0.jpg,saved
train,fake,01_11__walking_outside_cafe_disgusted__FAFWDR4W_frame_1.jpg,01_11__walking_outside_cafe_disgusted__FAFWDR4W_frame_1.jpg,saved
train,fake,01_11__walking_outside_cafe_disgusted__FAFWDR4W_frame_2.jpg,01_11__walking_outside_cafe_disgusted__FAFWDR4W_frame_2.jpg,saved
train,fake,01_11__walking_outside_cafe_disgusted__FAFWDR4W_frame_3.jpg,01_11__walking_outside_cafe_disgusted__FAFWDR4W_frame_3.jpg,saved
train,fake,01_11__walking_outside_cafe_disgusted__FAFWDR4W_frame_4.jpg,01_11__walking_outside_cafe_disgusted__FAFWDR4W_frame_4.jpg,saved
train,fake,01_11__walking_outside_cafe_disgusted__FAFWDR4W_frame_5.jpg,01_11__walking_outside_cafe_disgusted__FAFWDR4W_frame_5.jpg,saved
train,fake,01_11__walking_outside_cafe_disgusted__FAFWDR4W_frame_6.jpg,01_11__walking_outside_cafe_disgusted__FAFWDR4W_frame_6.jpg,saved
train,fake,01_11__walking_outside_cafe_disgusted__FAFWDR4W_frame_7.jpg,01_11__walking_outside_cafe_disgusted__FAFWDR4W_frame_7.jpg,saved
train,fake,01_11__walking_outside_cafe_disgusted__FAFWDR4W_frame_8.jpg,01_11__walking_outside_cafe_disgusted__FAFWDR4W_frame_8.jpg,saved
train,fake,01_11__walking_outside_cafe_disgusted__FAFWDR4W_frame_9.jpg,01_11__walking_outside_cafe_disgusted__FAFWDR4W_frame_9.jpg,saved
train,fake,01_20__outside_talking_pan_laughing__OTGHOG4Z_frame_0.jpg,01_20__outside_talking_pan_laughing__OTGHOG4Z_frame_0.jpg,saved
train,fake,01_20__outside_talking_pan_laughing__OTGHOG4Z_frame_1.jpg,01_20__outside_talking_pan_laughing__OTGHOG4Z_frame_1.jpg,saved
train,fake,01_20__outside_talking_pan_laughing__OTGHOG4Z_frame_2.jpg,01_20__outside_talking_pan_laughing__OTGHOG4Z_frame_2.jpg,saved
train,fake,01_20__outside_talking_pan_laughing__OTGHOG4Z_frame_3.jpg,01_20__outside_talking_pan_laughing__OTGHOG4Z_frame_3.jpg,saved
train,fake,01_20__outside_talking_pan_laughing__OTGHOG4Z_frame_4.jpg,01_20__outside_talking_pan_laughing__OTGHOG4Z_frame_4.jpg,saved
train,fake,01_20__outside_talking_pan_laughing__OTGHOG4Z_frame_5.jpg,01_20__outside_talking_pan_laughing__OTGHOG4Z_frame_5.jpg,saved
train,fake,01_20__outside_talking_pan_laughing__OTGHOG4Z_frame_6.jpg,01_20__outside_talking_pan_laughing__OTGHOG4Z_frame_6.jpg,saved
train,fake,01_20__outside_talking_pan_laughing__OTGHOG4Z_frame_7.jpg,01_20__outside_talking_pan_laughing__OTGHOG4Z_frame_7.jpg,saved
train,fake,01_20__outside_talking_pan_laughing__OTGHOG4Z_frame_8.jpg,01_20__outside_talking_pan_laughing__OTGHOG4Z_frame_8.jpg,saved
train,fake,01_20__outside_talking_pan_laughing__OTGHOG4Z_frame_9.jpg,01_20__outside_talking_pan_laughing__OTGHOG4Z_frame_9.jpg,saved
train,fake,01_20__outside_talking_still_laughing__FW94AIMJ_frame_0.jpg,01_20__outside_talking_still_laughing__FW94AIMJ_frame_0.jpg,saved
train,fake,01_20__outside_talking_still_laughing__FW94AIMJ_frame_1.jpg,01_20__outside_talking_still_laughing__FW94AIMJ_frame_1.jpg,saved
train,fake,01_20__outside_talking_still_laughing__FW94AIMJ_frame_2.jpg,01_20__outside_talking_still_laughing__FW94AIMJ_frame_2.jpg,saved
train,fake,01_20__outside_talking_still_laughing__FW94AIMJ_frame_3.jpg,01_20__outside_talking_still_laughing__FW94AIMJ_frame_3.jpg,saved
train,fake,01_20__outside_talking_still_laughing__FW94AIMJ_frame_4.jpg,01_20__outside_talking_still_laughing__FW94AIMJ_frame_4.jpg,saved
train,fake,01_20__outside_talking_still_laughing__FW94AIMJ_frame_5.jpg,01_20__outside_talking_still_laughing__FW94AIMJ_frame_5.jpg,saved
train,fake,01_20__outside_talking_still_laughing__FW94AIMJ_frame_6.jpg,01_20__outside_talking_still_laughing__FW94AIMJ_frame_6.jpg,saved
train,fake,01_20__outside_talking_still_laughing__FW94AIMJ_frame_7.jpg,01_20__outside_talking_still_laughing__FW94AIMJ_frame_7.jpg,saved
train,fake,01_20__outside_talking_still_laughing__FW94AIMJ_frame_8.jpg,01_20__outside_talking_still_laughing__FW94AIMJ_frame_8.jpg,saved
train,fake,01_20__outside_talking_still_laughing__FW94AIMJ_frame_9.jpg,01_20__outside_talking_still_laughing__FW94AIMJ_frame_9.jpg,saved
train,fake,01_27__hugging_happy__ZYCZ30C0_frame_0.jpg,01_27__hugging_happy__ZYCZ30C0_frame_0.jpg,saved
train,fake,01_27__hugging_happy__ZYCZ30C0_frame_1.jpg,01_27__hugging_happy__ZYCZ30C0_frame_1.jpg,saved
train,fake,01_27__hugging_happy__ZYCZ30C0_frame_2.jpg,01_27__hugging_happy__ZYCZ30C0_frame_2.jpg,saved
train,fake,01_27__hugging_happy__ZYCZ30C0_frame_3.jpg,01_27__hugging_happy__ZYCZ30C0_frame_3.jpg,saved
train,fake,01_27__hugging_happy__ZYCZ30C0_frame_4.jpg,01_27__hugging_happy__ZYCZ30C0_frame_4.jpg,saved
train,fake,01_27__hugging_happy__ZYCZ30C0_frame_5.jpg,01_27__hugging_happy__ZYCZ30C0_frame_5.jpg,saved
train,fake,01_27__hugging_happy__ZYCZ30C0_frame_6.jpg,01_27__hugging_happy__ZYCZ30C0_frame_6.jpg,saved
train,fake,01_27__hugging_happy__ZYCZ30C0_frame_7.jpg,01_27__hugging_happy__ZYCZ30C0_frame_7.jpg,saved
train,fake,01_27__hugging_happy__ZYCZ30C0_frame_8.jpg,01_27__hugging_happy__ZYCZ30C0_frame_8.jpg,saved
train,fake,01_27__hugging_happy__ZYCZ30C0_frame_9.jpg,01_27__hugging_happy__ZYCZ30C0_frame_9.jpg,saved
train,fake,02_03__walking_down_street_outside_angry__QH3Y0IG0_frame_0.jpg,02_03__walking_down_street_outside_angry__QH3Y0IG0_frame_0.jpg,saved
train,fake,02_03__walking_down_street_outside_angry__QH3Y0IG0_frame_1.jpg,02_03__walking_down_street_outside_angry__QH3Y0IG0_frame_1.jpg,saved
train,fake,02_03__walking_down_street_outside_angry__QH3Y0IG0_frame_2.jpg,02_03__walking_down_street_outside_angry__QH3Y0IG0_frame_2.jpg,saved
train,fake,02_03__walking_down_street_outside_angry__QH3Y0IG0_frame_3.jpg,02_03__walking_down_street_outside_angry__QH3Y0IG0_frame_3.jpg,saved
train,fake,02_03__walking_down_street_outside_angry__QH3Y0IG0_frame_4.jpg,02_03__walking_down_street_outside_angry__QH3Y0IG0_frame_4.jpg,saved
train,fake,02_03__walking_down_street_outside_angry__QH3Y0IG0_frame_5.jpg,02_03__walking_down_street_outside_angry__QH3Y0IG0_frame_5.jpg,saved
train,fake,02_03__walking_down_street_outside_angry__QH3Y0IG0_frame_6.jpg,02_03__walking_down_street_outside_angry__QH3Y0IG0_frame_6.jpg,saved
train,fake,02_03__walking_down_street_outside_angry__QH3Y0IG0_frame_7.jpg,02_03__walking_down_street_outside_angry__QH3Y0IG0_frame_7.jpg,saved
train,fake,02_03__walking_down_street_outside_angry__QH3Y0IG0_frame_8.jpg,02_03__walking_down_street_outside_angry__QH3Y0IG0_frame_8.jpg,saved
train,fake,02_03__walking_down_street_outside_angry__QH3Y0IG0_frame_9.jpg,02_03__walking_down_street_outside_angry__QH3Y0IG0_frame_9.jpg,saved
train,fake,02_03__walking_outside_cafe_disgusted__QH3Y0IG0_frame_0.jpg,02_03__walking_outside_cafe_disgusted__QH3Y0IG0_frame_0.jpg,saved
train,fake,02_03__walking_outside_cafe_disgusted__QH3Y0IG0_frame_1.jpg,02_03__walking_outside_cafe_disgusted__QH3Y0IG0_frame_1.jpg,saved
train,fake,02_03__walking_outside_cafe_disgusted__QH3Y0IG0_frame_2.jpg,02_03__walking_outside_cafe_disgusted__QH3Y0IG0_frame_2.jpg,saved
train,fake,02_03__walking_outside_cafe_disgusted__QH3Y0IG0_frame_3.jpg,02_03__walking_outside_cafe_disgusted__QH3Y0IG0_frame_3.jpg,saved
train,fake,02_03__walking_outside_cafe_disgusted__QH3Y0IG0_frame_4.jpg,02_03__walking_outside_cafe_disgusted__QH3Y0IG0_frame_4.jpg,saved
train,fake,02_03__walking_outside_cafe_disgusted__QH3Y0IG0_frame_5.jpg,02_03__walking_outside_cafe_disgusted__QH3Y0IG0_frame_5.jpg,saved
train,fake,02_03__walking_outside_cafe_disgusted__QH3Y0IG0_frame_6.jpg,02_03__walking_outside_cafe_disgusted__QH3Y0IG0_frame_6.jpg,saved
train,fake,02_03__walking_outside_cafe_disgusted__QH3Y0IG0_frame_7.jpg,02_03__walking_outside_cafe_disgusted__QH3Y0IG0_frame_7.jpg,saved
train,fake,02_03__walking_outside_cafe_disgusted__QH3Y0IG0_frame_8.jpg,02_03__walking_outside_cafe_disgusted__QH3Y0IG0_frame_8.jpg,saved
train,fake,02_03__walking_outside_cafe_disgusted__QH3Y0IG0_frame_9.jpg,02_03__walking_outside_cafe_disgusted__QH3Y0IG0_frame_9.jpg,saved
train,fake,02_06__talking_angry_couch__GH8TGTBS_frame_0.jpg,02_06__talking_angry_couch__GH8TGTBS_frame_0.jpg,saved
train,fake,02_06__talking_angry_couch__GH8TGTBS_frame_1.jpg,02_06__talking_angry_couch__GH8TGTBS_frame_1.jpg,saved
train,fake,02_06__talking_angry_couch__GH8TGTBS_frame_2.jpg,02_06__talking_angry_couch__GH8TGTBS_frame_2.jpg,saved
train,fake,02_06__talking_angry_couch__GH8TGTBS_frame_3.jpg,02_06__talking_angry_couch__GH8TGTBS_frame_3.jpg,saved
train,fake,02_06__talking_angry_couch__GH8TGTBS_frame_4.jpg,02_06__talking_angry_couch__GH8TGTBS_frame_4.jpg,saved
train,fake,02_06__talking_angry_couch__GH8TGTBS_frame_5.jpg,02_06__talking_angry_couch__GH8TGTBS_frame_5.jpg,saved
train,fake,02_06__talking_angry_couch__GH8TGTBS_frame_6.jpg,02_06__talking_angry_couch__GH8TGTBS_frame_6.jpg,saved
train,fake,02_06__talking_angry_couch__GH8TGTBS_frame_7.jpg,02_06__talking_angry_couch__GH8TGTBS_frame_7.jpg,saved
train,fake,02_06__talking_angry_couch__GH8TGTBS_frame_8.jpg,02_06__talking_angry_couch__GH8TGTBS_frame_8.jpg,saved
train,fake,02_06__talking_angry_couch__GH8TGTBS_frame_9.jpg,02_06__talking_angry_couch__GH8TGTBS_frame_9.jpg,saved
train,fake,02_06__talking_angry_couch__MKZTXQ2T_frame_0.jpg,02_06__talking_angry_couch__MKZTXQ2T_frame_0.jpg,saved
train,fake,02_06__talking_angry_couch__MKZTXQ2T_frame_1.jpg,02_06__talking_angry_couch__MKZTXQ2T_frame_1.jpg,saved
train,fake,02_06__talking_angry_couch__MKZTXQ2T_frame_2.jpg,02_06__talking_angry_couch__MKZTXQ2T_frame_2.jpg,saved
train,fake,02_06__talking_angry_couch__MKZTXQ2T_frame_3.jpg,02_06__talking_angry_couch__MKZTXQ2T_frame_3.jpg,saved
train,fake,02_06__talking_angry_couch__MKZTXQ2T_frame_4.jpg,02_06__talking_angry_couch__MKZTXQ2T_frame_4.jpg,saved
train,fake,02_06__talking_angry_couch__MKZTXQ2T_frame_5.jpg,02_06__talking_angry_couch__MKZTXQ2T_frame_5.jpg,saved
train,fake,02_06__talking_angry_couch__MKZTXQ2T_frame_6.jpg,02_06__talking_angry_couch__MKZTXQ2T_frame_6.jpg,saved
train,fake,02_06__talking_angry_couch__MKZTXQ2T_frame_7.jpg,02_06__talking_angry_couch__MKZTXQ2T_frame_7.jpg,saved
train,fake,02_06__talking_angry_couch__MKZTXQ2T_frame_8.jpg,02_06__talking_angry_couch__MKZTXQ2T_frame_8.jpg,saved
train,fake,02_06__talking_angry_couch__MKZTXQ2T_frame_9.jpg,02_06__talking_angry_couch__MKZTXQ2T_frame_9.jpg,saved
train,fake,02_06__walking_and_outside_surprised__N8OSN8P6_frame_0.jpg,02_06__walking_and_outside_surprised__N8OSN8P6_frame_0.jpg,saved
train,fake,02_06__walking_and_outside_surprised__N8OSN8P6_frame_1.jpg,02_06__walking_and_outside_surprised__N8OSN8P6_frame_1.jpg,saved
train,fake,02_06__walking_and_outside_surprised__N8OSN8P6_frame_2.jpg,02_06__walking_and_outside_surprised__N8OSN8P6_frame_2.jpg,saved
train,fake,02_06__walking_and_outside_surprised__N8OSN8P6_frame_3.jpg,02_06__walking_and_outside_surprised__N8OSN8P6_frame_3.jpg,saved
train,fake,02_06__walking_and_outside_surprised__N8OSN8P6_frame_4.jpg,02_06__walking_and_outside_surprised__N8OSN8P6_frame_4.jpg,saved
train,fake,02_06__walking_and_outside_surprised__N8OSN8P6_frame_5.jpg,02_06__walking_and_outside_surprised__N8OSN8P6_frame_5.jpg,saved
train,fake,02_06__walking_and_outside_surprised__N8OSN8P6_frame_6.jpg,02_06__walking_and_outside_surprised__N8OSN8P6_frame_6.jpg,saved
train,fake,02_06__walking_and_outside_surprised__N8OSN8P6_frame_7.jpg,02_06__walking_and_outside_surprised__N8OSN8P6_frame_7.jpg,saved
train,fake,02_06__walking_and_outside_surprised__N8OSN8P6_frame_8.jpg,02_06__walking_and_outside_surprised__N8OSN8P6_frame_8.jpg,saved
train,fake,02_06__walking_and_outside_surprised__N8OSN8P6_frame_9.jpg,02_06__walking_and_outside_surprised__N8OSN8P6_frame_9.jpg,saved
train,fake,02_06__walking_down_indoor_hall_disgust__U6MDWIHG_frame_0.jpg,02_06__walking_down_indoor_hall_disgust__U6MDWIHG_frame_0.jpg,saved
train,fake,02_06__walking_down_indoor_hall_disgust__U6MDWIHG_frame_1.jpg,02_06__walking_down_indoor_hall_disgust__U6MDWIHG_frame_1.jpg,saved
train,fake,02_06__walking_down_indoor_hall_disgust__U6MDWIHG_frame_2.jpg,02_06__walking_down_indoor_hall_disgust__U6MDWIHG_frame_2.jpg,saved
train,fake,02_06__walking_down_indoor_hall_disgust__U6MDWIHG_frame_3.jpg,02_06__walking_down_indoor_hall_disgust__U6MDWIHG_frame_3.jpg,saved
train,fake,02_06__walking_down_indoor_hall_disgust__U6MDWIHG_frame_4.jpg,02_06__walking_down_indoor_hall_disgust__U6MDWIHG_frame_4.jpg,saved
train,fake,02_06__walking_down_indoor_hall_disgust__U6MDWIHG_frame_5.jpg,02_06__walking_down_indoor_hall_disgust__U6MDWIHG_frame_5.jpg,saved
train,fake,02_06__walking_down_indoor_hall_disgust__U6MDWIHG_frame_6.jpg,02_06__walking_down_indoor_hall_disgust__U6MDWIHG_frame_6.jpg,saved
train,fake,02_06__walking_down_indoor_hall_disgust__U6MDWIHG_frame_7.jpg,02_06__walking_down_indoor_hall_disgust__U6MDWIHG_frame_7.jpg,saved
train,fake,02_06__walking_down_indoor_hall_disgust__U6MDWIHG_frame_8.jpg,02_06__walking_down_indoor_hall_disgust__U6MDWIHG_frame_8.jpg,saved
train,fake,02_06__walking_down_indoor_hall_disgust__U6MDWIHG_frame_9.jpg,02_06__walking_down_indoor_hall_disgust__U6MDWIHG_frame_9.jpg,saved
train,fake,02_07__walk_down_hall_angry__U7DEOZNV_frame_0.jpg,02_07__walk_down_hall_angry__U7DEOZNV_frame_0.jpg,saved
train,fake,02_07__walk_down_hall_angry__U7DEOZNV_frame_1.jpg,02_07__walk_down_hall_angry__U7DEOZNV_frame_1.jpg,saved
train,fake,02_07__walk_down_hall_angry__U7DEOZNV_frame_2.jpg,02_07__walk_down_hall_angry__U7DEOZNV_frame_2.jpg,saved
train,fake,02_07__walk_down_hall_angry__U7DEOZNV_frame_3.jpg,02_07__walk_down_hall_angry__U7DEOZNV_frame_3.jpg,saved
train,fake,02_07__walk_down_hall_angry__U7DEOZNV_frame_4.jpg,02_07__walk_down_hall_angry__U7DEOZNV_frame_4.jpg,saved
train,fake,02_07__walk_down_hall_angry__U7DEOZNV_frame_5.jpg,02_07__walk_down_hall_angry__U7DEOZNV_frame_5.jpg,saved
train,fake,02_07__walk_down_hall_angry__U7DEOZNV_frame_6.jpg,02_07__walk_down_hall_angry__U7DEOZNV_frame_6.jpg,saved
train,fake,02_07__walk_down_hall_angry__U7DEOZNV_frame_7.jpg,02_07__walk_down_hall_angry__U7DEOZNV_frame_7.jpg,saved
train,fake,02_07__walk_down_hall_angry__U7DEOZNV_frame_8.jpg,02_07__walk_down_hall_angry__U7DEOZNV_frame_8.jpg,saved
train,fake,02_07__walk_down_hall_angry__U7DEOZNV_frame_9.jpg,02_07__walk_down_hall_angry__U7DEOZNV_frame_9.jpg,saved
train,fake,02_09__exit_phone_room__HIH8YA82_frame_0.jpg,02_09__exit_phone_room__HIH8YA82_frame_0.jpg,saved
train,fake,02_09__exit_phone_room__HIH8YA82_frame_1.jpg,02_09__exit_phone_room__HIH8YA82_frame_1.jpg,saved
train,fake,02_09__exit_phone_room__HIH8YA82_frame_2.jpg,02_09__exit_phone_room__HIH8YA82_frame_2.jpg,saved
train,fake,02_09__exit_phone_room__HIH8YA82_frame_3.jpg,02_09__exit_phone_room__HIH8YA82_frame_3.jpg,saved
train,fake,02_09__exit_phone_room__HIH8YA82_frame_4.jpg,02_09__exit_phone_room__HIH8YA82_frame_4.jpg,saved
train,fake,02_09__exit_phone_room__HIH8YA82_frame_5.jpg,02_09__exit_phone_room__HIH8YA82_frame_5.jpg,saved
train,fake,02_09__exit_phone_room__HIH8YA82_frame_6.jpg,02_09__exit_phone_room__HIH8YA82_frame_6.jpg,saved
train,fake,02_09__exit_phone_room__HIH8YA82_frame_7.jpg,02_09__exit_phone_room__HIH8YA82_frame_7.jpg,saved
train,fake,02_09__exit_phone_room__HIH8YA82_frame_8.jpg,02_09__exit_phone_room__HIH8YA82_frame_8.jpg,saved
train,fake,02_09__exit_phone_room__HIH8YA82_frame_9.jpg,02_09__exit_phone_room__HIH8YA82_frame_9.jpg,saved
train,fake,02_09__kitchen_pan__HIH8YA82_frame_0.jpg,02_09__kitchen_pan__HIH8YA82_frame_0.jpg,saved
train,fake,02_09__kitchen_pan__HIH8YA82_frame_1.jpg,02_09__kitchen_pan__HIH8YA82_frame_1.jpg,saved
train,fake,02_09__kitchen_pan__HIH8YA82_frame_2.jpg,02_09__kitchen_pan__HIH8YA82_frame_2.jpg,saved
train,fake,02_09__kitchen_pan__HIH8YA82_frame_3.jpg,02_09__kitchen_pan__HIH8YA82_frame_3.jpg,saved
train,fake,02_09__kitchen_pan__HIH8YA82_frame_4.jpg,02_09__kitchen_pan__HIH8YA82_frame_4.jpg,saved
train,fake,02_09__kitchen_pan__HIH8YA82_frame_5.jpg,02_09__kitchen_pan__HIH8YA82_frame_5.jpg,saved
train,fake,02_09__kitchen_pan__HIH8YA82_frame_6.jpg,02_09__kitchen_pan__HIH8YA82_frame_6.jpg,saved
train,fake,02_09__kitchen_pan__HIH8YA82_frame_7.jpg,02_09__kitchen_pan__HIH8YA82_frame_7.jpg,saved
train,fake,02_09__kitchen_pan__HIH8YA82_frame_8.jpg,02_09__kitchen_pan__HIH8YA82_frame_8.jpg,saved
train,fake,02_09__kitchen_pan__HIH8YA82_frame_9.jpg,02_09__kitchen_pan__HIH8YA82_frame_9.jpg,saved
train,fake,02_12__podium_speech_happy__9D2ZHEKW_frame_0.jpg,02_12__podium_speech_happy__9D2ZHEKW_frame_0.jpg,saved
train,fake,02_12__podium_speech_happy__9D2ZHEKW_frame_1.jpg,02_12__podium_speech_happy__9D2ZHEKW_frame_1.jpg,saved
train,fake,02_12__podium_speech_happy__9D2ZHEKW_frame_2.jpg,02_12__podium_speech_happy__9D2ZHEKW_frame_2.jpg,saved
train,fake,02_12__podium_speech_happy__9D2ZHEKW_frame_3.jpg,02_12__podium_speech_happy__9D2ZHEKW_frame_3.jpg,saved
train,fake,02_12__podium_speech_happy__9D2ZHEKW_frame_4.jpg,02_12__podium_speech_happy__9D2ZHEKW_frame_4.jpg,saved
train,fake,02_12__podium_speech_happy__9D2ZHEKW_frame_5.jpg,02_12__podium_speech_happy__9D2ZHEKW_frame_5.jpg,saved
train,fake,02_12__podium_speech_happy__9D2ZHEKW_frame_6.jpg,02_12__podium_speech_happy__9D2ZHEKW_frame_6.jpg,saved
train,fake,02_12__podium_speech_happy__9D2ZHEKW_frame_7.jpg,02_12__podium_speech_happy__9D2ZHEKW_frame_7.jpg,saved
train,fake,02_12__podium_speech_happy__9D2ZHEKW_frame_8.jpg,02_12__podium_speech_happy__9D2ZHEKW_frame_8.jpg,saved
train,fake,02_12__podium_speech_happy__9D2ZHEKW_frame_9.jpg,02_12__podium_speech_happy__9D2ZHEKW_frame_9.jpg,saved
train,fake,02_13__podium_speech_happy__2YSYT2N3_frame_0.jpg,02_13__podium_speech_happy__2YSYT2N3_frame_0.jpg,saved
train,fake,02_13__podium_speech_happy__2YSYT2N3_frame_1.jpg,02_13__podium_speech_happy__2YSYT2N3_frame_1.jpg,saved
train,fake,02_13__podium_speech_happy__2YSYT2N3_frame_2.jpg,02_13__podium_speech_happy__2YSYT2N3_frame_2.jpg,saved
train,fake,02_13__podium_speech_happy__2YSYT2N3_frame_3.jpg,02_13__podium_speech_happy__2YSYT2N3_frame_3.jpg,saved
train,fake,02_13__podium_speech_happy__2YSYT2N3_frame_4.jpg,02_13__podium_speech_happy__2YSYT2N3_frame_4.jpg,saved
train,fake,02_13__podium_speech_happy__2YSYT2N3_frame_5.jpg,02_13__podium_speech_happy__2YSYT2N3_frame_5.jpg,saved
train,fake,02_13__podium_speech_happy__2YSYT2N3_frame_6.jpg,02_13__podium_speech_happy__2YSYT2N3_frame_6.jpg,saved
train,fake,02_13__podium_speech_happy__2YSYT2N3_frame_7.jpg,02_13__podium_speech_happy__2YSYT2N3_frame_7.jpg,saved
train,fake,02_13__podium_speech_happy__2YSYT2N3_frame_8.jpg,02_13__podium_speech_happy__2YSYT2N3_frame_8.jpg,saved
train,fake,02_13__podium_speech_happy__2YSYT2N3_frame_9.jpg,02_13__podium_speech_happy__2YSYT2N3_frame_9.jpg,saved
train,fake,02_13__secret_conversation__CP5HFV3K_frame_0.jpg,02_13__secret_conversation__CP5HFV3K_frame_0.jpg,saved
train,fake,02_13__secret_conversation__CP5HFV3K_frame_1.jpg,02_13__secret_conversation__CP5HFV3K_frame_1.jpg,saved
train,fake,02_13__secret_conversation__CP5HFV3K_frame_2.jpg,02_13__secret_conversation__CP5HFV3K_frame_2.jpg,saved
train,fake,02_13__secret_conversation__CP5HFV3K_frame_3.jpg,02_13__secret_conversation__CP5HFV3K_frame_3.jpg,saved
train,fake,02_13__secret_conversation__CP5HFV3K_frame_4.jpg,02_13__secret_conversation__CP5HFV3K_frame_4.jpg,saved
train,fake,02_13__secret_conversation__CP5HFV3K_frame_5.jpg,02_13__secret_conversation__CP5HFV3K_frame_5.jpg,saved
train,fake,02_13__secret_conversation__CP5HFV3K_frame_6.jpg,02_13__secret_conversation__CP5HFV3K_frame_6.jpg,saved
train,fake,02_13__secret_conversation__CP5HFV3K_frame_7.jpg,02_13__secret_conversation__CP5HFV3K_frame_7.jpg,saved
train,fake,02_13__secret_conversation__CP5HFV3K_frame_8.jpg,02_13__secret_conversation__CP5HFV3K_frame_8.jpg,saved
train,fake,02_13__secret_conversation__CP5HFV3K_frame_9.jpg,02_13__secret_conversation__CP5HFV3K_frame_9.jpg,saved
train,fake,02_14__outside_talking_pan_laughing__3IUBEKCT_frame_0.jpg,02_14__outside_talking_pan_laughing__3IUBEKCT_frame_0.jpg,saved
train,fake,02_14__outside_talking_pan_laughing__3IUBEKCT_frame_1.jpg,02_14__outside_talking_pan_laughing__3IUBEKCT_frame_1.jpg,saved
train,fake,02_14__outside_talking_pan_laughing__3IUBEKCT_frame_2.jpg,02_14__outside_talking_pan_laughing__3IUBEKCT_frame_2.jpg,saved
train,fake,02_14__outside_talking_pan_laughing__3IUBEKCT_frame_3.jpg,02_14__outside_talking_pan_laughing__3IUBEKCT_frame_3.jpg,saved
train,fake,02_14__outside_talking_pan_laughing__3IUBEKCT_frame_4.jpg,02_14__outside_talking_pan_laughing__3IUBEKCT_frame_4.jpg,saved
train,fake,02_14__outside_talking_pan_laughing__3IUBEKCT_frame_5.jpg,02_14__outside_talking_pan_laughing__3IUBEKCT_frame_5.jpg,saved
train,fake,02_14__outside_talking_pan_laughing__3IUBEKCT_frame_6.jpg,02_14__outside_talking_pan_laughing__3IUBEKCT_frame_6.jpg,saved
train,fake,02_14__outside_talking_pan_laughing__3IUBEKCT_frame_7.jpg,02_14__outside_talking_pan_laughing__3IUBEKCT_frame_7.jpg,saved
train,fake,02_14__outside_talking_pan_laughing__3IUBEKCT_frame_8.jpg,02_14__outside_talking_pan_laughing__3IUBEKCT_frame_8.jpg,saved
train,fake,02_14__outside_talking_pan_laughing__3IUBEKCT_frame_9.jpg,02_14__outside_talking_pan_laughing__3IUBEKCT_frame_9.jpg,saved
train,fake,02_15__exit_phone_room__MZWH8ATN_frame_0.jpg,02_15__exit_phone_room__MZWH8ATN_frame_0.jpg,saved
train,fake,02_15__exit_phone_room__MZWH8ATN_frame_1.jpg,02_15__exit_phone_room__MZWH8ATN_frame_1.jpg,saved
train,fake,02_15__exit_phone_room__MZWH8ATN_frame_2.jpg,02_15__exit_phone_room__MZWH8ATN_frame_2.jpg,saved
train,fake,02_15__exit_phone_room__MZWH8ATN_frame_3.jpg,02_15__exit_phone_room__MZWH8ATN_frame_3.jpg,saved
train,fake,02_15__exit_phone_room__MZWH8ATN_frame_4.jpg,02_15__exit_phone_room__MZWH8ATN_frame_4.jpg,saved
train,fake,02_15__exit_phone_room__MZWH8ATN_frame_5.jpg,02_15__exit_phone_room__MZWH8ATN_frame_5.jpg,saved
train,fake,02_15__exit_phone_room__MZWH8ATN_frame_6.jpg,02_15__exit_phone_room__MZWH8ATN_frame_6.jpg,saved
train,fake,02_15__exit_phone_room__MZWH8ATN_frame_7.jpg,02_15__exit_phone_room__MZWH8ATN_frame_7.jpg,saved
train,fake,02_15__exit_phone_room__MZWH8ATN_frame_8.jpg,02_15__exit_phone_room__MZWH8ATN_frame_8.jpg,saved
train,fake,02_15__exit_phone_room__MZWH8ATN_frame_9.jpg,02_15__exit_phone_room__MZWH8ATN_frame_9.jpg,saved
train,fake,02_15__outside_talking_pan_laughing__I8G2LWD1_frame_0.jpg,02_15__outside_talking_pan_laughing__I8G2LWD1_frame_0.jpg,saved
train,fake,02_15__outside_talking_pan_laughing__I8G2LWD1_frame_1.jpg,02_15__outside_talking_pan_laughing__I8G2LWD1_frame_1.jpg,saved
train,fake,02_15__outside_talking_pan_laughing__I8G2LWD1_frame_2.jpg,02_15__outside_talking_pan_laughing__I8G2LWD1_frame_2.jpg,saved
train,fake,02_15__outside_talking_pan_laughing__I8G2LWD1_frame_3.jpg,02_15__outside_talking_pan_laughing__I8G2LWD1_frame_3.jpg,saved
train,fake,02_15__outside_talking_pan_laughing__I8G2LWD1_frame_4.jpg,02_15__outside_talking_pan_laughing__I8G2LWD1_frame_4.jpg,saved
train,fake,02_15__outside_talking_pan_laughing__I8G2LWD1_frame_5.jpg,02_15__outside_talking_pan_laughing__I8G2LWD1_frame_5.jpg,saved
train,fake,02_15__outside_talking_pan_laughing__I8G2LWD1_frame_6.jpg,02_15__outside_talking_pan_laughing__I8G2LWD1_frame_6.jpg,saved
train,fake,02_15__outside_talking_pan_laughing__I8G2LWD1_frame_7.jpg,02_15__outside_talking_pan_laughing__I8G2LWD1_frame_7.jpg,saved
train,fake,02_15__outside_talking_pan_laughing__I8G2LWD1_frame_8.jpg,02_15__outside_talking_pan_laughing__I8G2LWD1_frame_8.jpg,saved
train,fake,02_15__outside_talking_pan_laughing__I8G2LWD1_frame_9.jpg,02_15__outside_talking_pan_laughing__I8G2LWD1_frame_9.jpg,saved
train,fake,02_15__secret_conversation__MZWH8ATN_frame_0.jpg,02_15__secret_conversation__MZWH8ATN_frame_0.jpg,saved
train,fake,02_15__secret_conversation__MZWH8ATN_frame_1.jpg,02_15__secret_conversation__MZWH8ATN_frame_1.jpg,saved
train,fake,02_15__secret_conversation__MZWH8ATN_frame_2.jpg,02_15__secret_conversation__MZWH8ATN_frame_2.jpg,saved
train,fake,02_15__secret_conversation__MZWH8ATN_frame_3.jpg,02_15__secret_conversation__MZWH8ATN_frame_3.jpg,saved
train,fake,02_15__secret_conversation__MZWH8ATN_frame_4.jpg,02_15__secret_conversation__MZWH8ATN_frame_4.jpg,saved
train,fake,02_15__secret_conversation__MZWH8ATN_frame_5.jpg,02_15__secret_conversation__MZWH8ATN_frame_5.jpg,saved
train,fake,02_15__secret_conversation__MZWH8ATN_frame_6.jpg,02_15__secret_conversation__MZWH8ATN_frame_6.jpg,saved
train,fake,02_15__secret_conversation__MZWH8ATN_frame_7.jpg,02_15__secret_conversation__MZWH8ATN_frame_7.jpg,saved
train,fake,02_15__secret_conversation__MZWH8ATN_frame_8.jpg,02_15__secret_conversation__MZWH8ATN_frame_8.jpg,saved
train,fake,02_15__secret_conversation__MZWH8ATN_frame_9.jpg,02_15__secret_conversation__MZWH8ATN_frame_9.jpg,saved
train,fake,02_15__talking_angry_couch__I8G2LWD1_frame_0.jpg,02_15__talking_angry_couch__I8G2LWD1_frame_0.jpg,saved
train,fake,02_15__talking_angry_couch__I8G2LWD1_frame_1.jpg,02_15__talking_angry_couch__I8G2LWD1_frame_1.jpg,saved
train,fake,02_15__talking_angry_couch__I8G2LWD1_frame_2.jpg,02_15__talking_angry_couch__I8G2LWD1_frame_2.jpg,saved
train,fake,02_15__talking_angry_couch__I8G2LWD1_frame_3.jpg,02_15__talking_angry_couch__I8G2LWD1_frame_3.jpg,saved
train,fake,02_15__talking_angry_couch__I8G2LWD1_frame_4.jpg,02_15__talking_angry_couch__I8G2LWD1_frame_4.jpg,saved
train,fake,02_15__talking_angry_couch__I8G2LWD1_frame_5.jpg,02_15__talking_angry_couch__I8G2LWD1_frame_5.jpg,saved
train,fake,02_15__talking_angry_couch__I8G2LWD1_frame_6.jpg,02_15__talking_angry_couch__I8G2LWD1_frame_6.jpg,saved
train,fake,02_15__talking_angry_couch__I8G2LWD1_frame_7.jpg,02_15__talking_angry_couch__I8G2LWD1_frame_7.jpg,saved
train,fake,02_15__talking_angry_couch__I8G2LWD1_frame_8.jpg,02_15__talking_angry_couch__I8G2LWD1_frame_8.jpg,saved
train,fake,02_15__talking_angry_couch__I8G2LWD1_frame_9.jpg,02_15__talking_angry_couch__I8G2LWD1_frame_9.jpg,saved
train,fake,02_15__walk_down_hall_angry__TN2CWM3K_frame_0.jpg,02_15__walk_down_hall_angry__TN2CWM3K_frame_0.jpg,saved
train,fake,02_15__walk_down_hall_angry__TN2CWM3K_frame_1.jpg,02_15__walk_down_hall_angry__TN2CWM3K_frame_1.jpg,saved
train,fake,02_15__walk_down_hall_angry__TN2CWM3K_frame_2.jpg,02_15__walk_down_hall_angry__TN2CWM3K_frame_2.jpg,saved
train,fake,02_15__walk_down_hall_angry__TN2CWM3K_frame_3.jpg,02_15__walk_down_hall_angry__TN2CWM3K_frame_3.jpg,saved
train,fake,02_15__walk_down_hall_angry__TN2CWM3K_frame_4.jpg,02_15__walk_down_hall_angry__TN2CWM3K_frame_4.jpg,saved
train,fake,02_15__walk_down_hall_angry__TN2CWM3K_frame_5.jpg,02_15__walk_down_hall_angry__TN2CWM3K_frame_5.jpg,saved
train,fake,02_15__walk_down_hall_angry__TN2CWM3K_frame_6.jpg,02_15__walk_down_hall_angry__TN2CWM3K_frame_6.jpg,saved
train,fake,02_15__walk_down_hall_angry__TN2CWM3K_frame_7.jpg,02_15__walk_down_hall_angry__TN2CWM3K_frame_7.jpg,saved
train,fake,02_15__walk_down_hall_angry__TN2CWM3K_frame_8.jpg,02_15__walk_down_hall_angry__TN2CWM3K_frame_8.jpg,saved
train,fake,02_15__walk_down_hall_angry__TN2CWM3K_frame_9.jpg,02_15__walk_down_hall_angry__TN2CWM3K_frame_9.jpg,saved
train,fake,02_18__exit_phone_room__OXMEEFUQ_frame_0.jpg,02_18__exit_phone_room__OXMEEFUQ_frame_0.jpg,saved
train,fake,02_18__exit_phone_room__OXMEEFUQ_frame_1.jpg,02_18__exit_phone_room__OXMEEFUQ_frame_1.jpg,saved
train,fake,02_18__exit_phone_room__OXMEEFUQ_frame_2.jpg,02_18__exit_phone_room__OXMEEFUQ_frame_2.jpg,saved
train,fake,02_18__exit_phone_room__OXMEEFUQ_frame_3.jpg,02_18__exit_phone_room__OXMEEFUQ_frame_3.jpg,saved
train,fake,02_18__exit_phone_room__OXMEEFUQ_frame_4.jpg,02_18__exit_phone_room__OXMEEFUQ_frame_4.jpg,saved
train,fake,02_18__exit_phone_room__OXMEEFUQ_frame_5.jpg,02_18__exit_phone_room__OXMEEFUQ_frame_5.jpg,saved
train,fake,02_18__exit_phone_room__OXMEEFUQ_frame_6.jpg,02_18__exit_phone_room__OXMEEFUQ_frame_6.jpg,saved
train,fake,02_18__exit_phone_room__OXMEEFUQ_frame_7.jpg,02_18__exit_phone_room__OXMEEFUQ_frame_7.jpg,saved
train,fake,02_18__exit_phone_room__OXMEEFUQ_frame_8.jpg,02_18__exit_phone_room__OXMEEFUQ_frame_8.jpg,saved
train,fake,02_18__exit_phone_room__OXMEEFUQ_frame_9.jpg,02_18__exit_phone_room__OXMEEFUQ_frame_9.jpg,saved
train,fake,02_18__outside_talking_pan_laughing__OXMEEFUQ_frame_0.jpg,02_18__outside_talking_pan_laughing__OXMEEFUQ_frame_0.jpg,saved
train,fake,02_18__outside_talking_pan_laughing__OXMEEFUQ_frame_1.jpg,02_18__outside_talking_pan_laughing__OXMEEFUQ_frame_1.jpg,saved
train,fake,02_18__outside_talking_pan_laughing__OXMEEFUQ_frame_2.jpg,02_18__outside_talking_pan_laughing__OXMEEFUQ_frame_2.jpg,saved
train,fake,02_18__outside_talking_pan_laughing__OXMEEFUQ_frame_3.jpg,02_18__outside_talking_pan_laughing__OXMEEFUQ_frame_3.jpg,saved
train,fake,02_18__outside_talking_pan_laughing__OXMEEFUQ_frame_4.jpg,02_18__outside_talking_pan_laughing__OXMEEFUQ_frame_4.jpg,saved
train,fake,02_18__outside_talking_pan_laughing__OXMEEFUQ_frame_5.jpg,02_18__outside_talking_pan_laughing__OXMEEFUQ_frame_5.jpg,saved
train,fake,02_18__outside_talking_pan_laughing__OXMEEFUQ_frame_6.jpg,02_18__outside_talking_pan_laughing__OXMEEFUQ_frame_6.jpg,saved
train,fake,02_18__outside_talking_pan_laughing__OXMEEFUQ_frame_7.jpg,02_18__outside_talking_pan_laughing__OXMEEFUQ_frame_7.jpg,saved
train,fake,02_18__outside_talking_pan_laughing__OXMEEFUQ_frame_8.jpg,02_18__outside_talking_pan_laughing__OXMEEFUQ_frame_8.jpg,saved
train,fake,02_18__outside_talking_pan_laughing__OXMEEFUQ_frame_9.jpg,02_18__outside_talking_pan_laughing__OXMEEFUQ_frame_9.jpg,saved
train,fake,02_18__walking_down_street_outside_angry__21JTDDEL_frame_0.jpg,02_18__walking_down_street_outside_angry__21JTDDEL_frame_0.jpg,saved
train,fake,02_18__walking_down_street_outside_angry__21JTDDEL_frame_1.jpg,02_18__walking_down_street_outside_angry__21JTDDEL_frame_1.jpg,saved
train,fake,02_18__walking_down_street_outside_angry__21JTDDEL_frame_2.jpg,02_18__walking_down_street_outside_angry__21JTDDEL_frame_2.jpg,saved
train,fake,02_18__walking_down_street_outside_angry__21JTDDEL_frame_3.jpg,02_18__walking_down_street_outside_angry__21JTDDEL_frame_3.jpg,saved
train,fake,02_18__walking_down_street_outside_angry__21JTDDEL_frame_4.jpg,02_18__walking_down_street_outside_angry__21JTDDEL_frame_4.jpg,saved
train,fake,02_18__walking_down_street_outside_angry__21JTDDEL_frame_5.jpg,02_18__walking_down_street_outside_angry__21JTDDEL_frame_5.jpg,saved
train,fake,02_18__walking_down_street_outside_angry__21JTDDEL_frame_6.jpg,02_18__walking_down_street_outside_angry__21JTDDEL_frame_6.jpg,saved
train,fake,02_18__walking_down_street_outside_angry__21JTDDEL_frame_7.jpg,02_18__walking_down_street_outside_angry__21JTDDEL_frame_7.jpg,saved
train,fake,02_18__walking_down_street_outside_angry__21JTDDEL_frame_8.jpg,02_18__walking_down_street_outside_angry__21JTDDEL_frame_8.jpg,saved
train,fake,02_18__walking_down_street_outside_angry__21JTDDEL_frame_9.jpg,02_18__walking_down_street_outside_angry__21JTDDEL_frame_9.jpg,saved
train,fake,02_21__kitchen_pan__Z0XHPQAR_frame_0.jpg,02_21__kitchen_pan__Z0XHPQAR_frame_0.jpg,saved
train,fake,02_21__kitchen_pan__Z0XHPQAR_frame_1.jpg,02_21__kitchen_pan__Z0XHPQAR_frame_1.jpg,saved
train,fake,02_21__kitchen_pan__Z0XHPQAR_frame_2.jpg,02_21__kitchen_pan__Z0XHPQAR_frame_2.jpg,saved
train,fake,02_21__kitchen_pan__Z0XHPQAR_frame_3.jpg,02_21__kitchen_pan__Z0XHPQAR_frame_3.jpg,saved
train,fake,02_21__kitchen_pan__Z0XHPQAR_frame_4.jpg,02_21__kitchen_pan__Z0XHPQAR_frame_4.jpg,saved
train,fake,02_21__kitchen_pan__Z0XHPQAR_frame_5.jpg,02_21__kitchen_pan__Z0XHPQAR_frame_5.jpg,saved
train,fake,02_21__kitchen_pan__Z0XHPQAR_frame_6.jpg,02_21__kitchen_pan__Z0XHPQAR_frame_6.jpg,saved
train,fake,02_21__kitchen_pan__Z0XHPQAR_frame_7.jpg,02_21__kitchen_pan__Z0XHPQAR_frame_7.jpg,saved
train,fake,02_21__kitchen_pan__Z0XHPQAR_frame_8.jpg,02_21__kitchen_pan__Z0XHPQAR_frame_8.jpg,saved
train,fake,02_21__kitchen_pan__Z0XHPQAR_frame_9.jpg,02_21__kitchen_pan__Z0XHPQAR_frame_9.jpg,saved
train,fake,02_21__talking_angry_couch__Z0XHPQAR_frame_0.jpg,02_21__talking_angry_couch__Z0XHPQAR_frame_0.jpg,saved
train,fake,02_21__talking_angry_couch__Z0XHPQAR_frame_1.jpg,02_21__talking_angry_couch__Z0XHPQAR_frame_1.jpg,saved
train,fake,02_21__talking_angry_couch__Z0XHPQAR_frame_2.jpg,02_21__talking_angry_couch__Z0XHPQAR_frame_2.jpg,saved
train,fake,02_21__talking_angry_couch__Z0XHPQAR_frame_3.jpg,02_21__talking_angry_couch__Z0XHPQAR_frame_3.jpg,saved
train,fake,02_21__talking_angry_couch__Z0XHPQAR_frame_4.jpg,02_21__talking_angry_couch__Z0XHPQAR_frame_4.jpg,saved
train,fake,02_21__talking_angry_couch__Z0XHPQAR_frame_5.jpg,02_21__talking_angry_couch__Z0XHPQAR_frame_5.jpg,saved
train,fake,02_21__talking_angry_couch__Z0XHPQAR_frame_6.jpg,02_21__talking_angry_couch__Z0XHPQAR_frame_6.jpg,saved
train,fake,02_21__talking_angry_couch__Z0XHPQAR_frame_7.jpg,02_21__talking_angry_couch__Z0XHPQAR_frame_7.jpg,saved
train,fake,02_21__talking_angry_couch__Z0XHPQAR_frame_8.jpg,02_21__talking_angry_couch__Z0XHPQAR_frame_8.jpg,saved
train,fake,02_21__talking_angry_couch__Z0XHPQAR_frame_9.jpg,02_21__talking_angry_couch__Z0XHPQAR_frame_9.jpg,saved
train,fake,02_25__talking_against_wall__Z7FQ69VP_frame_0.jpg,02_25__talking_against_wall__Z7FQ69VP_frame_0.jpg,saved
train,fake,02_25__talking_against_wall__Z7FQ69VP_frame_1.jpg,02_25__talking_against_wall__Z7FQ69VP_frame_1.jpg,saved
train,fake,02_25__talking_against_wall__Z7FQ69VP_frame_2.jpg,02_25__talking_against_wall__Z7FQ69VP_frame_2.jpg,saved
train,fake,02_25__talking_against_wall__Z7FQ69VP_frame_3.jpg,02_25__talking_against_wall__Z7FQ69VP_frame_3.jpg,saved
train,fake,02_25__talking_against_wall__Z7FQ69VP_frame_4.jpg,02_25__talking_against_wall__Z7FQ69VP_frame_4.jpg,saved
train,fake,02_25__talking_against_wall__Z7FQ69VP_frame_5.jpg,02_25__talking_against_wall__Z7FQ69VP_frame_5.jpg,saved
train,fake,02_25__talking_against_wall__Z7FQ69VP_frame_6.jpg,02_25__talking_against_wall__Z7FQ69VP_frame_6.jpg,saved
train,fake,02_25__talking_against_wall__Z7FQ69VP_frame_7.jpg,02_25__talking_against_wall__Z7FQ69VP_frame_7.jpg,saved
train,fake,02_25__talking_against_wall__Z7FQ69VP_frame_8.jpg,02_25__talking_against_wall__Z7FQ69VP_frame_8.jpg,saved
train,fake,02_25__talking_against_wall__Z7FQ69VP_frame_9.jpg,02_25__talking_against_wall__Z7FQ69VP_frame_9.jpg,saved
train,fake,02_27__hugging_happy__GVFLSZD5_frame_0.jpg,02_27__hugging_happy__GVFLSZD5_frame_0.jpg,saved
train,fake,02_27__hugging_happy__GVFLSZD5_frame_1.jpg,02_27__hugging_happy__GVFLSZD5_frame_1.jpg,saved
train,fake,02_27__hugging_happy__GVFLSZD5_frame_2.jpg,02_27__hugging_happy__GVFLSZD5_frame_2.jpg,saved
train,fake,02_27__hugging_happy__GVFLSZD5_frame_3.jpg,02_27__hugging_happy__GVFLSZD5_frame_3.jpg,saved
train,fake,02_27__hugging_happy__GVFLSZD5_frame_4.jpg,02_27__hugging_happy__GVFLSZD5_frame_4.jpg,saved
train,fake,02_27__hugging_happy__GVFLSZD5_frame_5.jpg,02_27__hugging_happy__GVFLSZD5_frame_5.jpg,saved
train,fake,02_27__hugging_happy__GVFLSZD5_frame_6.jpg,02_27__hugging_happy__GVFLSZD5_frame_6.jpg,saved
train,fake,02_27__hugging_happy__GVFLSZD5_frame_7.jpg,02_27__hugging_happy__GVFLSZD5_frame_7.jpg,saved
train,fake,02_27__hugging_happy__GVFLSZD5_frame_8.jpg,02_27__hugging_happy__GVFLSZD5_frame_8.jpg,saved
train,fake,02_27__hugging_happy__GVFLSZD5_frame_9.jpg,02_27__hugging_happy__GVFLSZD5_frame_9.jpg,saved
train,fake,02_27__walk_down_hall_angry__78M8S6M6_frame_0.jpg,02_27__walk_down_hall_angry__78M8S6M6_frame_0.jpg,saved
train,fake,02_27__walk_down_hall_angry__78M8S6M6_frame_1.jpg,02_27__walk_down_hall_angry__78M8S6M6_frame_1.jpg,saved
train,fake,02_27__walk_down_hall_angry__78M8S6M6_frame_2.jpg,02_27__walk_down_hall_angry__78M8S6M6_frame_2.jpg,saved
train,fake,02_27__walk_down_hall_angry__78M8S6M6_frame_3.jpg,02_27__walk_down_hall_angry__78M8S6M6_frame_3.jpg,saved
train,fake,02_27__walk_down_hall_angry__78M8S6M6_frame_4.jpg,02_27__walk_down_hall_angry__78M8S6M6_frame_4.jpg,saved
train,fake,02_27__walk_down_hall_angry__78M8S6M6_frame_5.jpg,02_27__walk_down_hall_angry__78M8S6M6_frame_5.jpg,saved
train,fake,02_27__walk_down_hall_angry__78M8S6M6_frame_6.jpg,02_27__walk_down_hall_angry__78M8S6M6_frame_6.jpg,saved
train,fake,02_27__walk_down_hall_angry__78M8S6M6_frame_7.jpg,02_27__walk_down_hall_angry__78M8S6M6_frame_7.jpg,saved
train,fake,02_27__walk_down_hall_angry__78M8S6M6_frame_8.jpg,02_27__walk_down_hall_angry__78M8S6M6_frame_8.jpg,saved
train,fake,02_27__walk_down_hall_angry__78M8S6M6_frame_9.jpg,02_27__walk_down_hall_angry__78M8S6M6_frame_9.jpg,saved
train,fake,03_01__walking_and_outside_surprised__JZUXXFRB_frame_0.jpg,03_01__walking_and_outside_surprised__JZUXXFRB_frame_0.jpg,saved
train,fake,03_01__walking_and_outside_surprised__JZUXXFRB_frame_1.jpg,03_01__walking_and_outside_surprised__JZUXXFRB_frame_1.jpg,saved
train,fake,03_01__walking_and_outside_surprised__JZUXXFRB_frame_2.jpg,03_01__walking_and_outside_surprised__JZUXXFRB_frame_2.jpg,saved
train,fake,03_01__walking_and_outside_surprised__JZUXXFRB_frame_3.jpg,03_01__walking_and_outside_surprised__JZUXXFRB_frame_3.jpg,saved
train,fake,03_01__walking_and_outside_surprised__JZUXXFRB_frame_4.jpg,03_01__walking_and_outside_surprised__JZUXXFRB_frame_4.jpg,saved
train,fake,03_01__walking_and_outside_surprised__JZUXXFRB_frame_5.jpg,03_01__walking_and_outside_surprised__JZUXXFRB_frame_5.jpg,saved
train,fake,03_01__walking_and_outside_surprised__JZUXXFRB_frame_6.jpg,03_01__walking_and_outside_surprised__JZUXXFRB_frame_6.jpg,saved
train,fake,03_01__walking_and_outside_surprised__JZUXXFRB_frame_7.jpg,03_01__walking_and_outside_surprised__JZUXXFRB_frame_7.jpg,saved
train,fake,03_01__walking_and_outside_surprised__JZUXXFRB_frame_8.jpg,03_01__walking_and_outside_surprised__JZUXXFRB_frame_8.jpg,saved
train,fake,03_01__walking_and_outside_surprised__JZUXXFRB_frame_9.jpg,03_01__walking_and_outside_surprised__JZUXXFRB_frame_9.jpg,saved
train,fake,03_04__outside_talking_pan_laughing__T04P6ELC_frame_0.jpg,03_04__outside_talking_pan_laughing__T04P6ELC_frame_0.jpg,saved
train,fake,03_04__outside_talking_pan_laughing__T04P6ELC_frame_1.jpg,03_04__outside_talking_pan_laughing__T04P6ELC_frame_1.jpg,saved
train,fake,03_04__outside_talking_pan_laughing__T04P6ELC_frame_2.jpg,03_04__outside_talking_pan_laughing__T04P6ELC_frame_2.jpg,saved
train,fake,03_04__outside_talking_pan_laughing__T04P6ELC_frame_3.jpg,03_04__outside_talking_pan_laughing__T04P6ELC_frame_3.jpg,saved
train,fake,03_04__outside_talking_pan_laughing__T04P6ELC_frame_4.jpg,03_04__outside_talking_pan_laughing__T04P6ELC_frame_4.jpg,saved
train,fake,03_04__outside_talking_pan_laughing__T04P6ELC_frame_5.jpg,03_04__outside_talking_pan_laughing__T04P6ELC_frame_5.jpg,saved
train,fake,03_04__outside_talking_pan_laughing__T04P6ELC_frame_6.jpg,03_04__outside_talking_pan_laughing__T04P6ELC_frame_6.jpg,saved
train,fake,03_04__outside_talking_pan_laughing__T04P6ELC_frame_7.jpg,03_04__outside_talking_pan_laughing__T04P6ELC_frame_7.jpg,saved
train,fake,03_04__outside_talking_pan_laughing__T04P6ELC_frame_8.jpg,03_04__outside_talking_pan_laughing__T04P6ELC_frame_8.jpg,saved
train,fake,03_04__outside_talking_pan_laughing__T04P6ELC_frame_9.jpg,03_04__outside_talking_pan_laughing__T04P6ELC_frame_9.jpg,saved
train,fake,03_04__talking_angry_couch__T04P6ELC_frame_0.jpg,03_04__talking_angry_couch__T04P6ELC_frame_0.jpg,saved
train,fake,03_04__talking_angry_couch__T04P6ELC_frame_1.jpg,03_04__talking_angry_couch__T04P6ELC_frame_1.jpg,saved
train,fake,03_04__talking_angry_couch__T04P6ELC_frame_2.jpg,03_04__talking_angry_couch__T04P6ELC_frame_2.jpg,saved
train,fake,03_04__talking_angry_couch__T04P6ELC_frame_3.jpg,03_04__talking_angry_couch__T04P6ELC_frame_3.jpg,saved
train,fake,03_04__talking_angry_couch__T04P6ELC_frame_4.jpg,03_04__talking_angry_couch__T04P6ELC_frame_4.jpg,saved
train,fake,03_04__talking_angry_couch__T04P6ELC_frame_5.jpg,03_04__talking_angry_couch__T04P6ELC_frame_5.jpg,saved
train,fake,03_04__talking_angry_couch__T04P6ELC_frame_6.jpg,03_04__talking_angry_couch__T04P6ELC_frame_6.jpg,saved
train,fake,03_04__talking_angry_couch__T04P6ELC_frame_7.jpg,03_04__talking_angry_couch__T04P6ELC_frame_7.jpg,saved
train,fake,03_04__talking_angry_couch__T04P6ELC_frame_8.jpg,03_04__talking_angry_couch__T04P6ELC_frame_8.jpg,saved
train,fake,03_04__talking_angry_couch__T04P6ELC_frame_9.jpg,03_04__talking_angry_couch__T04P6ELC_frame_9.jpg,saved
train,fake,03_06__meeting_serious__83ABVHC3_frame_0.jpg,03_06__meeting_serious__83ABVHC3_frame_0.jpg,saved
train,fake,03_06__meeting_serious__83ABVHC3_frame_1.jpg,03_06__meeting_serious__83ABVHC3_frame_1.jpg,saved
train,fake,03_06__meeting_serious__83ABVHC3_frame_2.jpg,03_06__meeting_serious__83ABVHC3_frame_2.jpg,saved
train,fake,03_06__meeting_serious__83ABVHC3_frame_3.jpg,03_06__meeting_serious__83ABVHC3_frame_3.jpg,saved
train,fake,03_06__meeting_serious__83ABVHC3_frame_4.jpg,03_06__meeting_serious__83ABVHC3_frame_4.jpg,saved
train,fake,03_06__meeting_serious__83ABVHC3_frame_5.jpg,03_06__meeting_serious__83ABVHC3_frame_5.jpg,saved
train,fake,03_06__meeting_serious__83ABVHC3_frame_6.jpg,03_06__meeting_serious__83ABVHC3_frame_6.jpg,saved
train,fake,03_06__meeting_serious__83ABVHC3_frame_7.jpg,03_06__meeting_serious__83ABVHC3_frame_7.jpg,saved
train,fake,03_06__meeting_serious__83ABVHC3_frame_8.jpg,03_06__meeting_serious__83ABVHC3_frame_8.jpg,saved
train,fake,03_06__meeting_serious__83ABVHC3_frame_9.jpg,03_06__meeting_serious__83ABVHC3_frame_9.jpg,saved
train,fake,03_06__podium_speech_happy__83ABVHC3_frame_0.jpg,03_06__podium_speech_happy__83ABVHC3_frame_0.jpg,saved
train,fake,03_06__podium_speech_happy__83ABVHC3_frame_1.jpg,03_06__podium_speech_happy__83ABVHC3_frame_1.jpg,saved
train,fake,03_06__podium_speech_happy__83ABVHC3_frame_2.jpg,03_06__podium_speech_happy__83ABVHC3_frame_2.jpg,saved
train,fake,03_06__podium_speech_happy__83ABVHC3_frame_3.jpg,03_06__podium_speech_happy__83ABVHC3_frame_3.jpg,saved
train,fake,03_06__podium_speech_happy__83ABVHC3_frame_4.jpg,03_06__podium_speech_happy__83ABVHC3_frame_4.jpg,saved
train,fake,03_06__podium_speech_happy__83ABVHC3_frame_5.jpg,03_06__podium_speech_happy__83ABVHC3_frame_5.jpg,saved
train,fake,03_06__podium_speech_happy__83ABVHC3_frame_6.jpg,03_06__podium_speech_happy__83ABVHC3_frame_6.jpg,saved
train,fake,03_06__podium_speech_happy__83ABVHC3_frame_7.jpg,03_06__podium_speech_happy__83ABVHC3_frame_7.jpg,saved
train,fake,03_06__podium_speech_happy__83ABVHC3_frame_8.jpg,03_06__podium_speech_happy__83ABVHC3_frame_8.jpg,saved
train,fake,03_06__podium_speech_happy__83ABVHC3_frame_9.jpg,03_06__podium_speech_happy__83ABVHC3_frame_9.jpg,saved
train,fake,03_07__hugging_happy__BKLOCI1M_frame_0.jpg,03_07__hugging_happy__BKLOCI1M_frame_0.jpg,saved
train,fake,03_07__hugging_happy__BKLOCI1M_frame_1.jpg,03_07__hugging_happy__BKLOCI1M_frame_1.jpg,saved
train,fake,03_07__hugging_happy__BKLOCI1M_frame_2.jpg,03_07__hugging_happy__BKLOCI1M_frame_2.jpg,saved
train,fake,03_07__hugging_happy__BKLOCI1M_frame_3.jpg,03_07__hugging_happy__BKLOCI1M_frame_3.jpg,saved
train,fake,03_07__hugging_happy__BKLOCI1M_frame_4.jpg,03_07__hugging_happy__BKLOCI1M_frame_4.jpg,saved
train,fake,03_07__hugging_happy__BKLOCI1M_frame_5.jpg,03_07__hugging_happy__BKLOCI1M_frame_5.jpg,saved
train,fake,03_07__hugging_happy__BKLOCI1M_frame_6.jpg,03_07__hugging_happy__BKLOCI1M_frame_6.jpg,saved
train,fake,03_07__hugging_happy__BKLOCI1M_frame_7.jpg,03_07__hugging_happy__BKLOCI1M_frame_7.jpg,saved
train,fake,03_07__hugging_happy__BKLOCI1M_frame_8.jpg,03_07__hugging_happy__BKLOCI1M_frame_8.jpg,saved
train,fake,03_07__hugging_happy__BKLOCI1M_frame_9.jpg,03_07__hugging_happy__BKLOCI1M_frame_9.jpg,saved
train,fake,03_07__walk_down_hall_angry__6PHZRQ4H_frame_0.jpg,03_07__walk_down_hall_angry__6PHZRQ4H_frame_0.jpg,saved
train,fake,03_07__walk_down_hall_angry__6PHZRQ4H_frame_1.jpg,03_07__walk_down_hall_angry__6PHZRQ4H_frame_1.jpg,saved
train,fake,03_07__walk_down_hall_angry__6PHZRQ4H_frame_2.jpg,03_07__walk_down_hall_angry__6PHZRQ4H_frame_2.jpg,saved
train,fake,03_07__walk_down_hall_angry__6PHZRQ4H_frame_3.jpg,03_07__walk_down_hall_angry__6PHZRQ4H_frame_3.jpg,saved
train,fake,03_07__walk_down_hall_angry__6PHZRQ4H_frame_4.jpg,03_07__walk_down_hall_angry__6PHZRQ4H_frame_4.jpg,saved
train,fake,03_07__walk_down_hall_angry__6PHZRQ4H_frame_5.jpg,03_07__walk_down_hall_angry__6PHZRQ4H_frame_5.jpg,saved
train,fake,03_07__walk_down_hall_angry__6PHZRQ4H_frame_6.jpg,03_07__walk_down_hall_angry__6PHZRQ4H_frame_6.jpg,saved
train,fake,03_07__walk_down_hall_angry__6PHZRQ4H_frame_7.jpg,03_07__walk_down_hall_angry__6PHZRQ4H_frame_7.jpg,saved
train,fake,03_07__walk_down_hall_angry__6PHZRQ4H_frame_8.jpg,03_07__walk_down_hall_angry__6PHZRQ4H_frame_8.jpg,saved
train,fake,03_07__walk_down_hall_angry__6PHZRQ4H_frame_9.jpg,03_07__walk_down_hall_angry__6PHZRQ4H_frame_9.jpg,saved
train,fake,03_07__walk_down_hall_angry__IFSURI9X_frame_0.jpg,03_07__walk_down_hall_angry__IFSURI9X_frame_0.jpg,saved
train,fake,03_07__walk_down_hall_angry__IFSURI9X_frame_1.jpg,03_07__walk_down_hall_angry__IFSURI9X_frame_1.jpg,saved
train,fake,03_07__walk_down_hall_angry__IFSURI9X_frame_2.jpg,03_07__walk_down_hall_angry__IFSURI9X_frame_2.jpg,saved
train,fake,03_07__walk_down_hall_angry__IFSURI9X_frame_3.jpg,03_07__walk_down_hall_angry__IFSURI9X_frame_3.jpg,saved
train,fake,03_07__walk_down_hall_angry__IFSURI9X_frame_4.jpg,03_07__walk_down_hall_angry__IFSURI9X_frame_4.jpg,saved
train,fake,03_07__walk_down_hall_angry__IFSURI9X_frame_5.jpg,03_07__walk_down_hall_angry__IFSURI9X_frame_5.jpg,saved
train,fake,03_07__walk_down_hall_angry__IFSURI9X_frame_6.jpg,03_07__walk_down_hall_angry__IFSURI9X_frame_6.jpg,saved
train,fake,03_07__walk_down_hall_angry__IFSURI9X_frame_7.jpg,03_07__walk_down_hall_angry__IFSURI9X_frame_7.jpg,saved
train,fake,03_07__walk_down_hall_angry__IFSURI9X_frame_8.jpg,03_07__walk_down_hall_angry__IFSURI9X_frame_8.jpg,saved
train,fake,03_07__walk_down_hall_angry__IFSURI9X_frame_9.jpg,03_07__walk_down_hall_angry__IFSURI9X_frame_9.jpg,saved
train,fake,03_07__walking_down_indoor_hall_disgust__PWXXULHR_frame_0.jpg,03_07__walking_down_indoor_hall_disgust__PWXXULHR_frame_0.jpg,saved
train,fake,03_07__walking_down_indoor_hall_disgust__PWXXULHR_frame_1.jpg,03_07__walking_down_indoor_hall_disgust__PWXXULHR_frame_1.jpg,saved
train,fake,03_07__walking_down_indoor_hall_disgust__PWXXULHR_frame_2.jpg,03_07__walking_down_indoor_hall_disgust__PWXXULHR_frame_2.jpg,saved
train,fake,03_07__walking_down_indoor_hall_disgust__PWXXULHR_frame_3.jpg,03_07__walking_down_indoor_hall_disgust__PWXXULHR_frame_3.jpg,saved
train,fake,03_07__walking_down_indoor_hall_disgust__PWXXULHR_frame_4.jpg,03_07__walking_down_indoor_hall_disgust__PWXXULHR_frame_4.jpg,saved
train,fake,03_07__walking_down_indoor_hall_disgust__PWXXULHR_frame_5.jpg,03_07__walking_down_indoor_hall_disgust__PWXXULHR_frame_5.jpg,saved
train,fake,03_07__walking_down_indoor_hall_disgust__PWXXULHR_frame_6.jpg,03_07__walking_down_indoor_hall_disgust__PWXXULHR_frame_6.jpg,saved
train,fake,03_07__walking_down_indoor_hall_disgust__PWXXULHR_frame_7.jpg,03_07__walking_down_indoor_hall_disgust__PWXXULHR_frame_7.jpg,saved
train,fake,03_07__walking_down_indoor_hall_disgust__PWXXULHR_frame_8.jpg,03_07__walking_down_indoor_hall_disgust__PWXXULHR_frame_8.jpg,saved
train,fake,03_07__walking_down_indoor_hall_disgust__PWXXULHR_frame_9.jpg,03_07__walking_down_indoor_hall_disgust__PWXXULHR_frame_9.jpg,saved
train,fake,03_07__walking_outside_cafe_disgusted__CDSNLDQ8_frame_0.jpg,03_07__walking_outside_cafe_disgusted__CDSNLDQ8_frame_0.jpg,saved
train,fake,03_07__walking_outside_cafe_disgusted__CDSNLDQ8_frame_1.jpg,03_07__walking_outside_cafe_disgusted__CDSNLDQ8_frame_1.jpg,saved
train,fake,03_07__walking_outside_cafe_disgusted__CDSNLDQ8_frame_2.jpg,03_07__walking_outside_cafe_disgusted__CDSNLDQ8_frame_2.jpg,saved
train,fake,03_07__walking_outside_cafe_disgusted__CDSNLDQ8_frame_3.jpg,03_07__walking_outside_cafe_disgusted__CDSNLDQ8_frame_3.jpg,saved
train,fake,03_07__walking_outside_cafe_disgusted__CDSNLDQ8_frame_4.jpg,03_07__walking_outside_cafe_disgusted__CDSNLDQ8_frame_4.jpg,saved
train,fake,03_07__walking_outside_cafe_disgusted__CDSNLDQ8_frame_5.jpg,03_07__walking_outside_cafe_disgusted__CDSNLDQ8_frame_5.jpg,saved
train,fake,03_07__walking_outside_cafe_disgusted__CDSNLDQ8_frame_6.jpg,03_07__walking_outside_cafe_disgusted__CDSNLDQ8_frame_6.jpg,saved
train,fake,03_07__walking_outside_cafe_disgusted__CDSNLDQ8_frame_7.jpg,03_07__walking_outside_cafe_disgusted__CDSNLDQ8_frame_7.jpg,saved
train,fake,03_07__walking_outside_cafe_disgusted__CDSNLDQ8_frame_8.jpg,03_07__walking_outside_cafe_disgusted__CDSNLDQ8_frame_8.jpg,saved
train,fake,03_07__walking_outside_cafe_disgusted__CDSNLDQ8_frame_9.jpg,03_07__walking_outside_cafe_disgusted__CDSNLDQ8_frame_9.jpg,saved
train,fake,03_07__walking_outside_cafe_disgusted__IFSURI9X_frame_0.jpg,03_07__walking_outside_cafe_disgusted__IFSURI9X_frame_0.jpg,saved
train,fake,03_07__walking_outside_cafe_disgusted__IFSURI9X_frame_1.jpg,03_07__walking_outside_cafe_disgusted__IFSURI9X_frame_1.jpg,saved
train,fake,03_07__walking_outside_cafe_disgusted__IFSURI9X_frame_2.jpg,03_07__walking_outside_cafe_disgusted__IFSURI9X_frame_2.jpg,saved
train,fake,03_07__walking_outside_cafe_disgusted__IFSURI9X_frame_3.jpg,03_07__walking_outside_cafe_disgusted__IFSURI9X_frame_3.jpg,saved
train,fake,03_07__walking_outside_cafe_disgusted__IFSURI9X_frame_4.jpg,03_07__walking_outside_cafe_disgusted__IFSURI9X_frame_4.jpg,saved
train,fake,03_07__walking_outside_cafe_disgusted__IFSURI9X_frame_5.jpg,03_07__walking_outside_cafe_disgusted__IFSURI9X_frame_5.jpg,saved
train,fake,03_07__walking_outside_cafe_disgusted__IFSURI9X_frame_6.jpg,03_07__walking_outside_cafe_disgusted__IFSURI9X_frame_6.jpg,saved
train,fake,03_07__walking_outside_cafe_disgusted__IFSURI9X_frame_7.jpg,03_07__walking_outside_cafe_disgusted__IFSURI9X_frame_7.jpg,saved
train,fake,03_07__walking_outside_cafe_disgusted__IFSURI9X_frame_8.jpg,03_07__walking_outside_cafe_disgusted__IFSURI9X_frame_8.jpg,saved
train,fake,03_07__walking_outside_cafe_disgusted__IFSURI9X_frame_9.jpg,03_07__walking_outside_cafe_disgusted__IFSURI9X_frame_9.jpg,saved
train,fake,03_07__walking_outside_cafe_disgusted__PWXXULHR_frame_0.jpg,03_07__walking_outside_cafe_disgusted__PWXXULHR_frame_0.jpg,no face detected
train,fake,03_07__walking_outside_cafe_disgusted__PWXXULHR_frame_1.jpg,03_07__walking_outside_cafe_disgusted__PWXXULHR_frame_1.jpg,saved
train,fake,03_07__walking_outside_cafe_disgusted__PWXXULHR_frame_2.jpg,03_07__walking_outside_cafe_disgusted__PWXXULHR_frame_2.jpg,saved
train,fake,03_07__walking_outside_cafe_disgusted__PWXXULHR_frame_3.jpg,03_07__walking_outside_cafe_disgusted__PWXXULHR_frame_3.jpg,saved
train,fake,03_07__walking_outside_cafe_disgusted__PWXXULHR_frame_4.jpg,03_07__walking_outside_cafe_disgusted__PWXXULHR_frame_4.jpg,saved
train,fake,03_07__walking_outside_cafe_disgusted__PWXXULHR_frame_5.jpg,03_07__walking_outside_cafe_disgusted__PWXXULHR_frame_5.jpg,saved
train,fake,03_07__walking_outside_cafe_disgusted__PWXXULHR_frame_6.jpg,03_07__walking_outside_cafe_disgusted__PWXXULHR_frame_6.jpg,saved
train,fake,03_07__walking_outside_cafe_disgusted__PWXXULHR_frame_7.jpg,03_07__walking_outside_cafe_disgusted__PWXXULHR_frame_7.jpg,saved
train,fake,03_07__walking_outside_cafe_disgusted__PWXXULHR_frame_8.jpg,03_07__walking_outside_cafe_disgusted__PWXXULHR_frame_8.jpg,saved
train,fake,03_07__walking_outside_cafe_disgusted__PWXXULHR_frame_9.jpg,03_07__walking_outside_cafe_disgusted__PWXXULHR_frame_9.jpg,saved
train,fake,03_09__outside_talking_still_laughing__RCETIXYL_frame_0.jpg,03_09__outside_talking_still_laughing__RCETIXYL_frame_0.jpg,saved
train,fake,03_09__outside_talking_still_laughing__RCETIXYL_frame_1.jpg,03_09__outside_talking_still_laughing__RCETIXYL_frame_1.jpg,saved
train,fake,03_09__outside_talking_still_laughing__RCETIXYL_frame_2.jpg,03_09__outside_talking_still_laughing__RCETIXYL_frame_2.jpg,saved
train,fake,03_09__outside_talking_still_laughing__RCETIXYL_frame_3.jpg,03_09__outside_talking_still_laughing__RCETIXYL_frame_3.jpg,saved
train,fake,03_09__outside_talking_still_laughing__RCETIXYL_frame_4.jpg,03_09__outside_talking_still_laughing__RCETIXYL_frame_4.jpg,saved
train,fake,03_09__outside_talking_still_laughing__RCETIXYL_frame_5.jpg,03_09__outside_talking_still_laughing__RCETIXYL_frame_5.jpg,saved
train,fake,03_09__outside_talking_still_laughing__RCETIXYL_frame_6.jpg,03_09__outside_talking_still_laughing__RCETIXYL_frame_6.jpg,saved
train,fake,03_09__outside_talking_still_laughing__RCETIXYL_frame_7.jpg,03_09__outside_talking_still_laughing__RCETIXYL_frame_7.jpg,saved
train,fake,03_09__outside_talking_still_laughing__RCETIXYL_frame_8.jpg,03_09__outside_talking_still_laughing__RCETIXYL_frame_8.jpg,saved
train,fake,03_09__outside_talking_still_laughing__RCETIXYL_frame_9.jpg,03_09__outside_talking_still_laughing__RCETIXYL_frame_9.jpg,saved
train,fake,03_11__talking_against_wall__P08VGHTA_frame_0.jpg,03_11__talking_against_wall__P08VGHTA_frame_0.jpg,saved
train,fake,03_11__talking_against_wall__P08VGHTA_frame_1.jpg,03_11__talking_against_wall__P08VGHTA_frame_1.jpg,saved
train,fake,03_11__talking_against_wall__P08VGHTA_frame_2.jpg,03_11__talking_against_wall__P08VGHTA_frame_2.jpg,saved
train,fake,03_11__talking_against_wall__P08VGHTA_frame_3.jpg,03_11__talking_against_wall__P08VGHTA_frame_3.jpg,saved
train,fake,03_11__talking_against_wall__P08VGHTA_frame_4.jpg,03_11__talking_against_wall__P08VGHTA_frame_4.jpg,saved
train,fake,03_11__talking_against_wall__P08VGHTA_frame_5.jpg,03_11__talking_against_wall__P08VGHTA_frame_5.jpg,saved
train,fake,03_11__talking_against_wall__P08VGHTA_frame_6.jpg,03_11__talking_against_wall__P08VGHTA_frame_6.jpg,saved
train,fake,03_11__talking_against_wall__P08VGHTA_frame_7.jpg,03_11__talking_against_wall__P08VGHTA_frame_7.jpg,saved
train,fake,03_11__talking_against_wall__P08VGHTA_frame_8.jpg,03_11__talking_against_wall__P08VGHTA_frame_8.jpg,saved
train,fake,03_11__talking_against_wall__P08VGHTA_frame_9.jpg,03_11__talking_against_wall__P08VGHTA_frame_9.jpg,saved
train,fake,03_13__kitchen_pan__GBYWJW06_frame_0.jpg,03_13__kitchen_pan__GBYWJW06_frame_0.jpg,saved
train,fake,03_13__kitchen_pan__GBYWJW06_frame_1.jpg,03_13__kitchen_pan__GBYWJW06_frame_1.jpg,saved
train,fake,03_13__kitchen_pan__GBYWJW06_frame_2.jpg,03_13__kitchen_pan__GBYWJW06_frame_2.jpg,saved
train,fake,03_13__kitchen_pan__GBYWJW06_frame_3.jpg,03_13__kitchen_pan__GBYWJW06_frame_3.jpg,saved
train,fake,03_13__kitchen_pan__GBYWJW06_frame_4.jpg,03_13__kitchen_pan__GBYWJW06_frame_4.jpg,saved
train,fake,03_13__kitchen_pan__GBYWJW06_frame_5.jpg,03_13__kitchen_pan__GBYWJW06_frame_5.jpg,saved
train,fake,03_13__kitchen_pan__GBYWJW06_frame_6.jpg,03_13__kitchen_pan__GBYWJW06_frame_6.jpg,saved
train,fake,03_13__kitchen_pan__GBYWJW06_frame_7.jpg,03_13__kitchen_pan__GBYWJW06_frame_7.jpg,saved
train,fake,03_13__kitchen_pan__GBYWJW06_frame_8.jpg,03_13__kitchen_pan__GBYWJW06_frame_8.jpg,saved
train,fake,03_13__kitchen_pan__GBYWJW06_frame_9.jpg,03_13__kitchen_pan__GBYWJW06_frame_9.jpg,saved
train,fake,03_13__meeting_serious__T3MZOI8X_frame_0.jpg,03_13__meeting_serious__T3MZOI8X_frame_0.jpg,saved
train,fake,03_13__meeting_serious__T3MZOI8X_frame_1.jpg,03_13__meeting_serious__T3MZOI8X_frame_1.jpg,saved
train,fake,03_13__meeting_serious__T3MZOI8X_frame_2.jpg,03_13__meeting_serious__T3MZOI8X_frame_2.jpg,saved
train,fake,03_13__meeting_serious__T3MZOI8X_frame_3.jpg,03_13__meeting_serious__T3MZOI8X_frame_3.jpg,saved
train,fake,03_13__meeting_serious__T3MZOI8X_frame_4.jpg,03_13__meeting_serious__T3MZOI8X_frame_4.jpg,saved
train,fake,03_13__meeting_serious__T3MZOI8X_frame_5.jpg,03_13__meeting_serious__T3MZOI8X_frame_5.jpg,saved
train,fake,03_13__meeting_serious__T3MZOI8X_frame_6.jpg,03_13__meeting_serious__T3MZOI8X_frame_6.jpg,saved
train,fake,03_13__meeting_serious__T3MZOI8X_frame_7.jpg,03_13__meeting_serious__T3MZOI8X_frame_7.jpg,saved
train,fake,03_13__meeting_serious__T3MZOI8X_frame_8.jpg,03_13__meeting_serious__T3MZOI8X_frame_8.jpg,saved
train,fake,03_13__meeting_serious__T3MZOI8X_frame_9.jpg,03_13__meeting_serious__T3MZOI8X_frame_9.jpg,saved
train,fake,03_14__podium_speech_happy__Q9NSXM88_frame_0.jpg,03_14__podium_speech_happy__Q9NSXM88_frame_0.jpg,saved
train,fake,03_14__podium_speech_happy__Q9NSXM88_frame_1.jpg,03_14__podium_speech_happy__Q9NSXM88_frame_1.jpg,saved
train,fake,03_14__podium_speech_happy__Q9NSXM88_frame_2.jpg,03_14__podium_speech_happy__Q9NSXM88_frame_2.jpg,saved
train,fake,03_14__podium_speech_happy__Q9NSXM88_frame_3.jpg,03_14__podium_speech_happy__Q9NSXM88_frame_3.jpg,saved
train,fake,03_14__podium_speech_happy__Q9NSXM88_frame_4.jpg,03_14__podium_speech_happy__Q9NSXM88_frame_4.jpg,saved
train,fake,03_14__podium_speech_happy__Q9NSXM88_frame_5.jpg,03_14__podium_speech_happy__Q9NSXM88_frame_5.jpg,saved
train,fake,03_14__podium_speech_happy__Q9NSXM88_frame_6.jpg,03_14__podium_speech_happy__Q9NSXM88_frame_6.jpg,saved
train,fake,03_14__podium_speech_happy__Q9NSXM88_frame_7.jpg,03_14__podium_speech_happy__Q9NSXM88_frame_7.jpg,saved
train,fake,03_14__podium_speech_happy__Q9NSXM88_frame_8.jpg,03_14__podium_speech_happy__Q9NSXM88_frame_8.jpg,saved
train,fake,03_14__podium_speech_happy__Q9NSXM88_frame_9.jpg,03_14__podium_speech_happy__Q9NSXM88_frame_9.jpg,saved
train,fake,03_14__talking_against_wall__ZC2KYASW_frame_0.jpg,03_14__talking_against_wall__ZC2KYASW_frame_0.jpg,saved
train,fake,03_14__talking_against_wall__ZC2KYASW_frame_1.jpg,03_14__talking_against_wall__ZC2KYASW_frame_1.jpg,saved
train,fake,03_14__talking_against_wall__ZC2KYASW_frame_2.jpg,03_14__talking_against_wall__ZC2KYASW_frame_2.jpg,saved
train,fake,03_14__talking_against_wall__ZC2KYASW_frame_3.jpg,03_14__talking_against_wall__ZC2KYASW_frame_3.jpg,saved
train,fake,03_14__talking_against_wall__ZC2KYASW_frame_4.jpg,03_14__talking_against_wall__ZC2KYASW_frame_4.jpg,saved
train,fake,03_14__talking_against_wall__ZC2KYASW_frame_5.jpg,03_14__talking_against_wall__ZC2KYASW_frame_5.jpg,saved
train,fake,03_14__talking_against_wall__ZC2KYASW_frame_6.jpg,03_14__talking_against_wall__ZC2KYASW_frame_6.jpg,saved
train,fake,03_14__talking_against_wall__ZC2KYASW_frame_7.jpg,03_14__talking_against_wall__ZC2KYASW_frame_7.jpg,saved
train,fake,03_14__talking_against_wall__ZC2KYASW_frame_8.jpg,03_14__talking_against_wall__ZC2KYASW_frame_8.jpg,saved
train,fake,03_14__talking_against_wall__ZC2KYASW_frame_9.jpg,03_14__talking_against_wall__ZC2KYASW_frame_9.jpg,saved
train,fake,03_14__walk_down_hall_angry__P1L5PF4I_frame_0.jpg,03_14__walk_down_hall_angry__P1L5PF4I_frame_0.jpg,saved
train,fake,03_14__walk_down_hall_angry__P1L5PF4I_frame_1.jpg,03_14__walk_down_hall_angry__P1L5PF4I_frame_1.jpg,saved
train,fake,03_14__walk_down_hall_angry__P1L5PF4I_frame_2.jpg,03_14__walk_down_hall_angry__P1L5PF4I_frame_2.jpg,saved
train,fake,03_14__walk_down_hall_angry__P1L5PF4I_frame_3.jpg,03_14__walk_down_hall_angry__P1L5PF4I_frame_3.jpg,saved
train,fake,03_14__walk_down_hall_angry__P1L5PF4I_frame_4.jpg,03_14__walk_down_hall_angry__P1L5PF4I_frame_4.jpg,saved
train,fake,03_14__walk_down_hall_angry__P1L5PF4I_frame_5.jpg,03_14__walk_down_hall_angry__P1L5PF4I_frame_5.jpg,saved
train,fake,03_14__walk_down_hall_angry__P1L5PF4I_frame_6.jpg,03_14__walk_down_hall_angry__P1L5PF4I_frame_6.jpg,saved
train,fake,03_14__walk_down_hall_angry__P1L5PF4I_frame_7.jpg,03_14__walk_down_hall_angry__P1L5PF4I_frame_7.jpg,saved
train,fake,03_14__walk_down_hall_angry__P1L5PF4I_frame_8.jpg,03_14__walk_down_hall_angry__P1L5PF4I_frame_8.jpg,saved
train,fake,03_14__walk_down_hall_angry__P1L5PF4I_frame_9.jpg,03_14__walk_down_hall_angry__P1L5PF4I_frame_9.jpg,saved
train,fake,03_14__walking_down_street_outside_angry__H0VQHGS3_frame_0.jpg,03_14__walking_down_street_outside_angry__H0VQHGS3_frame_0.jpg,saved
train,fake,03_14__walking_down_street_outside_angry__H0VQHGS3_frame_1.jpg,03_14__walking_down_street_outside_angry__H0VQHGS3_frame_1.jpg,saved
train,fake,03_14__walking_down_street_outside_angry__H0VQHGS3_frame_2.jpg,03_14__walking_down_street_outside_angry__H0VQHGS3_frame_2.jpg,saved
train,fake,03_14__walking_down_street_outside_angry__H0VQHGS3_frame_3.jpg,03_14__walking_down_street_outside_angry__H0VQHGS3_frame_3.jpg,saved
train,fake,03_14__walking_down_street_outside_angry__H0VQHGS3_frame_4.jpg,03_14__walking_down_street_outside_angry__H0VQHGS3_frame_4.jpg,saved
train,fake,03_14__walking_down_street_outside_angry__H0VQHGS3_frame_5.jpg,03_14__walking_down_street_outside_angry__H0VQHGS3_frame_5.jpg,saved
train,fake,03_14__walking_down_street_outside_angry__H0VQHGS3_frame_6.jpg,03_14__walking_down_street_outside_angry__H0VQHGS3_frame_6.jpg,saved
train,fake,03_14__walking_down_street_outside_angry__H0VQHGS3_frame_7.jpg,03_14__walking_down_street_outside_angry__H0VQHGS3_frame_7.jpg,saved
train,fake,03_14__walking_down_street_outside_angry__H0VQHGS3_frame_8.jpg,03_14__walking_down_street_outside_angry__H0VQHGS3_frame_8.jpg,saved
train,fake,03_14__walking_down_street_outside_angry__H0VQHGS3_frame_9.jpg,03_14__walking_down_street_outside_angry__H0VQHGS3_frame_9.jpg,saved
train,fake,03_15__kitchen_pan__AIOM1U5V_frame_0.jpg,03_15__kitchen_pan__AIOM1U5V_frame_0.jpg,saved
train,fake,03_15__kitchen_pan__AIOM1U5V_frame_1.jpg,03_15__kitchen_pan__AIOM1U5V_frame_1.jpg,saved
train,fake,03_15__kitchen_pan__AIOM1U5V_frame_2.jpg,03_15__kitchen_pan__AIOM1U5V_frame_2.jpg,saved
train,fake,03_15__kitchen_pan__AIOM1U5V_frame_3.jpg,03_15__kitchen_pan__AIOM1U5V_frame_3.jpg,saved
train,fake,03_15__kitchen_pan__AIOM1U5V_frame_4.jpg,03_15__kitchen_pan__AIOM1U5V_frame_4.jpg,saved
train,fake,03_15__kitchen_pan__AIOM1U5V_frame_5.jpg,03_15__kitchen_pan__AIOM1U5V_frame_5.jpg,saved
train,fake,03_15__kitchen_pan__AIOM1U5V_frame_6.jpg,03_15__kitchen_pan__AIOM1U5V_frame_6.jpg,saved
train,fake,03_15__kitchen_pan__AIOM1U5V_frame_7.jpg,03_15__kitchen_pan__AIOM1U5V_frame_7.jpg,saved
train,fake,03_15__kitchen_pan__AIOM1U5V_frame_8.jpg,03_15__kitchen_pan__AIOM1U5V_frame_8.jpg,saved
train,fake,03_15__kitchen_pan__AIOM1U5V_frame_9.jpg,03_15__kitchen_pan__AIOM1U5V_frame_9.jpg,saved
train,fake,03_15__kitchen_pan__DNUJD8M2_frame_0.jpg,03_15__kitchen_pan__DNUJD8M2_frame_0.jpg,saved
train,fake,03_15__kitchen_pan__DNUJD8M2_frame_1.jpg,03_15__kitchen_pan__DNUJD8M2_frame_1.jpg,saved
train,fake,03_15__kitchen_pan__DNUJD8M2_frame_2.jpg,03_15__kitchen_pan__DNUJD8M2_frame_2.jpg,saved
train,fake,03_15__kitchen_pan__DNUJD8M2_frame_3.jpg,03_15__kitchen_pan__DNUJD8M2_frame_3.jpg,saved
train,fake,03_15__kitchen_pan__DNUJD8M2_frame_4.jpg,03_15__kitchen_pan__DNUJD8M2_frame_4.jpg,saved
train,fake,03_15__kitchen_pan__DNUJD8M2_frame_5.jpg,03_15__kitchen_pan__DNUJD8M2_frame_5.jpg,saved
train,fake,03_15__kitchen_pan__DNUJD8M2_frame_6.jpg,03_15__kitchen_pan__DNUJD8M2_frame_6.jpg,saved
train,fake,03_15__kitchen_pan__DNUJD8M2_frame_7.jpg,03_15__kitchen_pan__DNUJD8M2_frame_7.jpg,saved
train,fake,03_15__kitchen_pan__DNUJD8M2_frame_8.jpg,03_15__kitchen_pan__DNUJD8M2_frame_8.jpg,saved
train,fake,03_15__kitchen_pan__DNUJD8M2_frame_9.jpg,03_15__kitchen_pan__DNUJD8M2_frame_9.jpg,saved
train,fake,03_15__outside_talking_pan_laughing__Y11NT1YX_frame_0.jpg,03_15__outside_talking_pan_laughing__Y11NT1YX_frame_0.jpg,saved
train,fake,03_15__outside_talking_pan_laughing__Y11NT1YX_frame_1.jpg,03_15__outside_talking_pan_laughing__Y11NT1YX_frame_1.jpg,saved
train,fake,03_15__outside_talking_pan_laughing__Y11NT1YX_frame_2.jpg,03_15__outside_talking_pan_laughing__Y11NT1YX_frame_2.jpg,saved
train,fake,03_15__outside_talking_pan_laughing__Y11NT1YX_frame_3.jpg,03_15__outside_talking_pan_laughing__Y11NT1YX_frame_3.jpg,saved
train,fake,03_15__outside_talking_pan_laughing__Y11NT1YX_frame_4.jpg,03_15__outside_talking_pan_laughing__Y11NT1YX_frame_4.jpg,saved
train,fake,03_15__outside_talking_pan_laughing__Y11NT1YX_frame_5.jpg,03_15__outside_talking_pan_laughing__Y11NT1YX_frame_5.jpg,saved
train,fake,03_15__outside_talking_pan_laughing__Y11NT1YX_frame_6.jpg,03_15__outside_talking_pan_laughing__Y11NT1YX_frame_6.jpg,saved
train,fake,03_15__outside_talking_pan_laughing__Y11NT1YX_frame_7.jpg,03_15__outside_talking_pan_laughing__Y11NT1YX_frame_7.jpg,saved
train,fake,03_15__outside_talking_pan_laughing__Y11NT1YX_frame_8.jpg,03_15__outside_talking_pan_laughing__Y11NT1YX_frame_8.jpg,saved
train,fake,03_15__outside_talking_pan_laughing__Y11NT1YX_frame_9.jpg,03_15__outside_talking_pan_laughing__Y11NT1YX_frame_9.jpg,saved
train,fake,03_15__outside_talking_still_laughing__DNUJD8M2_frame_0.jpg,03_15__outside_talking_still_laughing__DNUJD8M2_frame_0.jpg,saved
train,fake,03_15__outside_talking_still_laughing__DNUJD8M2_frame_1.jpg,03_15__outside_talking_still_laughing__DNUJD8M2_frame_1.jpg,saved
train,fake,03_15__outside_talking_still_laughing__DNUJD8M2_frame_2.jpg,03_15__outside_talking_still_laughing__DNUJD8M2_frame_2.jpg,saved
train,fake,03_15__outside_talking_still_laughing__DNUJD8M2_frame_3.jpg,03_15__outside_talking_still_laughing__DNUJD8M2_frame_3.jpg,saved
train,fake,03_15__outside_talking_still_laughing__DNUJD8M2_frame_4.jpg,03_15__outside_talking_still_laughing__DNUJD8M2_frame_4.jpg,saved
train,fake,03_15__outside_talking_still_laughing__DNUJD8M2_frame_5.jpg,03_15__outside_talking_still_laughing__DNUJD8M2_frame_5.jpg,saved
train,fake,03_15__outside_talking_still_laughing__DNUJD8M2_frame_6.jpg,03_15__outside_talking_still_laughing__DNUJD8M2_frame_6.jpg,saved
train,fake,03_15__outside_talking_still_laughing__DNUJD8M2_frame_7.jpg,03_15__outside_talking_still_laughing__DNUJD8M2_frame_7.jpg,saved
train,fake,03_15__outside_talking_still_laughing__DNUJD8M2_frame_8.jpg,03_15__outside_talking_still_laughing__DNUJD8M2_frame_8.jpg,saved
train,fake,03_15__outside_talking_still_laughing__DNUJD8M2_frame_9.jpg,03_15__outside_talking_still_laughing__DNUJD8M2_frame_9.jpg,saved
train,fake,03_18__walking_and_outside_surprised__8HNSXOBW_frame_0.jpg,03_18__walking_and_outside_surprised__8HNSXOBW_frame_0.jpg,saved
train,fake,03_18__walking_and_outside_surprised__8HNSXOBW_frame_1.jpg,03_18__walking_and_outside_surprised__8HNSXOBW_frame_1.jpg,saved
train,fake,03_18__walking_and_outside_surprised__8HNSXOBW_frame_2.jpg,03_18__walking_and_outside_surprised__8HNSXOBW_frame_2.jpg,saved
train,fake,03_18__walking_and_outside_surprised__8HNSXOBW_frame_3.jpg,03_18__walking_and_outside_surprised__8HNSXOBW_frame_3.jpg,saved
train,fake,03_18__walking_and_outside_surprised__8HNSXOBW_frame_4.jpg,03_18__walking_and_outside_surprised__8HNSXOBW_frame_4.jpg,saved
train,fake,03_18__walking_and_outside_surprised__8HNSXOBW_frame_5.jpg,03_18__walking_and_outside_surprised__8HNSXOBW_frame_5.jpg,saved
train,fake,03_18__walking_and_outside_surprised__8HNSXOBW_frame_6.jpg,03_18__walking_and_outside_surprised__8HNSXOBW_frame_6.jpg,saved
train,fake,03_18__walking_and_outside_surprised__8HNSXOBW_frame_7.jpg,03_18__walking_and_outside_surprised__8HNSXOBW_frame_7.jpg,saved
train,fake,03_18__walking_and_outside_surprised__8HNSXOBW_frame_8.jpg,03_18__walking_and_outside_surprised__8HNSXOBW_frame_8.jpg,saved
train,fake,03_18__walking_and_outside_surprised__8HNSXOBW_frame_9.jpg,03_18__walking_and_outside_surprised__8HNSXOBW_frame_9.jpg,saved
train,fake,03_18__walking_outside_cafe_disgusted__22UBC0BS_frame_0.jpg,03_18__walking_outside_cafe_disgusted__22UBC0BS_frame_0.jpg,saved
train,fake,03_18__walking_outside_cafe_disgusted__22UBC0BS_frame_1.jpg,03_18__walking_outside_cafe_disgusted__22UBC0BS_frame_1.jpg,saved
train,fake,03_18__walking_outside_cafe_disgusted__22UBC0BS_frame_2.jpg,03_18__walking_outside_cafe_disgusted__22UBC0BS_frame_2.jpg,saved
train,fake,03_18__walking_outside_cafe_disgusted__22UBC0BS_frame_3.jpg,03_18__walking_outside_cafe_disgusted__22UBC0BS_frame_3.jpg,saved
train,fake,03_18__walking_outside_cafe_disgusted__22UBC0BS_frame_4.jpg,03_18__walking_outside_cafe_disgusted__22UBC0BS_frame_4.jpg,saved
train,fake,03_18__walking_outside_cafe_disgusted__22UBC0BS_frame_5.jpg,03_18__walking_outside_cafe_disgusted__22UBC0BS_frame_5.jpg,saved
train,fake,03_18__walking_outside_cafe_disgusted__22UBC0BS_frame_6.jpg,03_18__walking_outside_cafe_disgusted__22UBC0BS_frame_6.jpg,saved
train,fake,03_18__walking_outside_cafe_disgusted__22UBC0BS_frame_7.jpg,03_18__walking_outside_cafe_disgusted__22UBC0BS_frame_7.jpg,saved
train,fake,03_18__walking_outside_cafe_disgusted__22UBC0BS_frame_8.jpg,03_18__walking_outside_cafe_disgusted__22UBC0BS_frame_8.jpg,saved
train,fake,03_18__walking_outside_cafe_disgusted__22UBC0BS_frame_9.jpg,03_18__walking_outside_cafe_disgusted__22UBC0BS_frame_9.jpg,saved
train,fake,03_21__exit_phone_room__YCSEBZO4_frame_0.jpg,03_21__exit_phone_room__YCSEBZO4_frame_0.jpg,saved
train,fake,03_21__exit_phone_room__YCSEBZO4_frame_1.jpg,03_21__exit_phone_room__YCSEBZO4_frame_1.jpg,saved
train,fake,03_21__exit_phone_room__YCSEBZO4_frame_2.jpg,03_21__exit_phone_room__YCSEBZO4_frame_2.jpg,saved
train,fake,03_21__exit_phone_room__YCSEBZO4_frame_3.jpg,03_21__exit_phone_room__YCSEBZO4_frame_3.jpg,saved
train,fake,03_21__exit_phone_room__YCSEBZO4_frame_4.jpg,03_21__exit_phone_room__YCSEBZO4_frame_4.jpg,saved
train,fake,03_21__exit_phone_room__YCSEBZO4_frame_5.jpg,03_21__exit_phone_room__YCSEBZO4_frame_5.jpg,saved
train,fake,03_21__exit_phone_room__YCSEBZO4_frame_6.jpg,03_21__exit_phone_room__YCSEBZO4_frame_6.jpg,saved
train,fake,03_21__exit_phone_room__YCSEBZO4_frame_7.jpg,03_21__exit_phone_room__YCSEBZO4_frame_7.jpg,saved
train,fake,03_21__exit_phone_room__YCSEBZO4_frame_8.jpg,03_21__exit_phone_room__YCSEBZO4_frame_8.jpg,saved
train,fake,03_21__exit_phone_room__YCSEBZO4_frame_9.jpg,03_21__exit_phone_room__YCSEBZO4_frame_9.jpg,saved
train,fake,03_21__kitchen_pan__YCSEBZO4_frame_0.jpg,03_21__kitchen_pan__YCSEBZO4_frame_0.jpg,saved
train,fake,03_21__kitchen_pan__YCSEBZO4_frame_1.jpg,03_21__kitchen_pan__YCSEBZO4_frame_1.jpg,saved
train,fake,03_21__kitchen_pan__YCSEBZO4_frame_2.jpg,03_21__kitchen_pan__YCSEBZO4_frame_2.jpg,saved
train,fake,03_21__kitchen_pan__YCSEBZO4_frame_3.jpg,03_21__kitchen_pan__YCSEBZO4_frame_3.jpg,saved
train,fake,03_21__kitchen_pan__YCSEBZO4_frame_4.jpg,03_21__kitchen_pan__YCSEBZO4_frame_4.jpg,saved
train,fake,03_21__kitchen_pan__YCSEBZO4_frame_5.jpg,03_21__kitchen_pan__YCSEBZO4_frame_5.jpg,saved
train,fake,03_21__kitchen_pan__YCSEBZO4_frame_6.jpg,03_21__kitchen_pan__YCSEBZO4_frame_6.jpg,saved
train,fake,03_21__kitchen_pan__YCSEBZO4_frame_7.jpg,03_21__kitchen_pan__YCSEBZO4_frame_7.jpg,saved
train,fake,03_21__kitchen_pan__YCSEBZO4_frame_8.jpg,03_21__kitchen_pan__YCSEBZO4_frame_8.jpg,saved
train,fake,03_21__kitchen_pan__YCSEBZO4_frame_9.jpg,03_21__kitchen_pan__YCSEBZO4_frame_9.jpg,saved
train,fake,03_21__meeting_serious__V53E3RVB_frame_0.jpg,03_21__meeting_serious__V53E3RVB_frame_0.jpg,saved
train,fake,03_21__meeting_serious__V53E3RVB_frame_1.jpg,03_21__meeting_serious__V53E3RVB_frame_1.jpg,saved
train,fake,03_21__meeting_serious__V53E3RVB_frame_2.jpg,03_21__meeting_serious__V53E3RVB_frame_2.jpg,saved
train,fake,03_21__meeting_serious__V53E3RVB_frame_3.jpg,03_21__meeting_serious__V53E3RVB_frame_3.jpg,saved
train,fake,03_21__meeting_serious__V53E3RVB_frame_4.jpg,03_21__meeting_serious__V53E3RVB_frame_4.jpg,saved
train,fake,03_21__meeting_serious__V53E3RVB_frame_5.jpg,03_21__meeting_serious__V53E3RVB_frame_5.jpg,saved
train,fake,03_21__meeting_serious__V53E3RVB_frame_6.jpg,03_21__meeting_serious__V53E3RVB_frame_6.jpg,saved
train,fake,03_21__meeting_serious__V53E3RVB_frame_7.jpg,03_21__meeting_serious__V53E3RVB_frame_7.jpg,saved
train,fake,03_21__meeting_serious__V53E3RVB_frame_8.jpg,03_21__meeting_serious__V53E3RVB_frame_8.jpg,saved
train,fake,03_21__meeting_serious__V53E3RVB_frame_9.jpg,03_21__meeting_serious__V53E3RVB_frame_9.jpg,saved
train,fake,03_21__secret_conversation__YCSEBZO4_frame_0.jpg,03_21__secret_conversation__YCSEBZO4_frame_0.jpg,saved
train,fake,03_21__secret_conversation__YCSEBZO4_frame_1.jpg,03_21__secret_conversation__YCSEBZO4_frame_1.jpg,saved
train,fake,03_21__secret_conversation__YCSEBZO4_frame_2.jpg,03_21__secret_conversation__YCSEBZO4_frame_2.jpg,saved
train,fake,03_21__secret_conversation__YCSEBZO4_frame_3.jpg,03_21__secret_conversation__YCSEBZO4_frame_3.jpg,saved
train,fake,03_21__secret_conversation__YCSEBZO4_frame_4.jpg,03_21__secret_conversation__YCSEBZO4_frame_4.jpg,saved
train,fake,03_21__secret_conversation__YCSEBZO4_frame_5.jpg,03_21__secret_conversation__YCSEBZO4_frame_5.jpg,saved
train,fake,03_21__secret_conversation__YCSEBZO4_frame_6.jpg,03_21__secret_conversation__YCSEBZO4_frame_6.jpg,saved
train,fake,03_21__secret_conversation__YCSEBZO4_frame_7.jpg,03_21__secret_conversation__YCSEBZO4_frame_7.jpg,saved
train,fake,03_21__secret_conversation__YCSEBZO4_frame_8.jpg,03_21__secret_conversation__YCSEBZO4_frame_8.jpg,saved
train,fake,03_21__secret_conversation__YCSEBZO4_frame_9.jpg,03_21__secret_conversation__YCSEBZO4_frame_9.jpg,saved
train,fake,03_26__kitchen_pan__WBSXBL82_frame_0.jpg,03_26__kitchen_pan__WBSXBL82_frame_0.jpg,saved
train,fake,03_26__kitchen_pan__WBSXBL82_frame_1.jpg,03_26__kitchen_pan__WBSXBL82_frame_1.jpg,saved
train,fake,03_26__kitchen_pan__WBSXBL82_frame_2.jpg,03_26__kitchen_pan__WBSXBL82_frame_2.jpg,saved
train,fake,03_26__kitchen_pan__WBSXBL82_frame_3.jpg,03_26__kitchen_pan__WBSXBL82_frame_3.jpg,saved
train,fake,03_26__kitchen_pan__WBSXBL82_frame_4.jpg,03_26__kitchen_pan__WBSXBL82_frame_4.jpg,saved
train,fake,03_26__kitchen_pan__WBSXBL82_frame_5.jpg,03_26__kitchen_pan__WBSXBL82_frame_5.jpg,saved
train,fake,03_26__kitchen_pan__WBSXBL82_frame_6.jpg,03_26__kitchen_pan__WBSXBL82_frame_6.jpg,saved
train,fake,03_26__kitchen_pan__WBSXBL82_frame_7.jpg,03_26__kitchen_pan__WBSXBL82_frame_7.jpg,saved
train,fake,03_26__kitchen_pan__WBSXBL82_frame_8.jpg,03_26__kitchen_pan__WBSXBL82_frame_8.jpg,saved
train,fake,03_26__kitchen_pan__WBSXBL82_frame_9.jpg,03_26__kitchen_pan__WBSXBL82_frame_9.jpg,saved
train,fake,03_26__kitchen_still__WBSXBL82_frame_0.jpg,03_26__kitchen_still__WBSXBL82_frame_0.jpg,saved
train,fake,03_26__kitchen_still__WBSXBL82_frame_1.jpg,03_26__kitchen_still__WBSXBL82_frame_1.jpg,saved
train,fake,03_26__kitchen_still__WBSXBL82_frame_2.jpg,03_26__kitchen_still__WBSXBL82_frame_2.jpg,saved
train,fake,03_26__kitchen_still__WBSXBL82_frame_3.jpg,03_26__kitchen_still__WBSXBL82_frame_3.jpg,saved
train,fake,03_26__kitchen_still__WBSXBL82_frame_4.jpg,03_26__kitchen_still__WBSXBL82_frame_4.jpg,saved
train,fake,03_26__kitchen_still__WBSXBL82_frame_5.jpg,03_26__kitchen_still__WBSXBL82_frame_5.jpg,saved
train,fake,03_26__kitchen_still__WBSXBL82_frame_6.jpg,03_26__kitchen_still__WBSXBL82_frame_6.jpg,saved
train,fake,03_26__kitchen_still__WBSXBL82_frame_7.jpg,03_26__kitchen_still__WBSXBL82_frame_7.jpg,saved
train,fake,03_26__kitchen_still__WBSXBL82_frame_8.jpg,03_26__kitchen_still__WBSXBL82_frame_8.jpg,saved
train,fake,03_26__kitchen_still__WBSXBL82_frame_9.jpg,03_26__kitchen_still__WBSXBL82_frame_9.jpg,saved
train,fake,03_26__talking_against_wall__WBSXBL82_frame_0.jpg,03_26__talking_against_wall__WBSXBL82_frame_0.jpg,saved
train,fake,03_26__talking_against_wall__WBSXBL82_frame_1.jpg,03_26__talking_against_wall__WBSXBL82_frame_1.jpg,saved
train,fake,03_26__talking_against_wall__WBSXBL82_frame_2.jpg,03_26__talking_against_wall__WBSXBL82_frame_2.jpg,saved
train,fake,03_26__talking_against_wall__WBSXBL82_frame_3.jpg,03_26__talking_against_wall__WBSXBL82_frame_3.jpg,saved
train,fake,03_26__talking_against_wall__WBSXBL82_frame_4.jpg,03_26__talking_against_wall__WBSXBL82_frame_4.jpg,saved
train,fake,03_26__talking_against_wall__WBSXBL82_frame_5.jpg,03_26__talking_against_wall__WBSXBL82_frame_5.jpg,saved
train,fake,03_26__talking_against_wall__WBSXBL82_frame_6.jpg,03_26__talking_against_wall__WBSXBL82_frame_6.jpg,saved
train,fake,03_26__talking_against_wall__WBSXBL82_frame_7.jpg,03_26__talking_against_wall__WBSXBL82_frame_7.jpg,saved
train,fake,03_26__talking_against_wall__WBSXBL82_frame_8.jpg,03_26__talking_against_wall__WBSXBL82_frame_8.jpg,saved
train,fake,03_26__talking_against_wall__WBSXBL82_frame_9.jpg,03_26__talking_against_wall__WBSXBL82_frame_9.jpg,saved
train,fake,04_01__kitchen_still__6I623VU9_frame_0.jpg,04_01__kitchen_still__6I623VU9_frame_0.jpg,saved
train,fake,04_01__kitchen_still__6I623VU9_frame_1.jpg,04_01__kitchen_still__6I623VU9_frame_1.jpg,saved
train,fake,04_01__kitchen_still__6I623VU9_frame_2.jpg,04_01__kitchen_still__6I623VU9_frame_2.jpg,saved
train,fake,04_01__kitchen_still__6I623VU9_frame_3.jpg,04_01__kitchen_still__6I623VU9_frame_3.jpg,saved
train,fake,04_01__kitchen_still__6I623VU9_frame_4.jpg,04_01__kitchen_still__6I623VU9_frame_4.jpg,saved
train,fake,04_01__kitchen_still__6I623VU9_frame_5.jpg,04_01__kitchen_still__6I623VU9_frame_5.jpg,saved
train,fake,04_01__kitchen_still__6I623VU9_frame_6.jpg,04_01__kitchen_still__6I623VU9_frame_6.jpg,saved
train,fake,04_01__kitchen_still__6I623VU9_frame_7.jpg,04_01__kitchen_still__6I623VU9_frame_7.jpg,saved
train,fake,04_01__kitchen_still__6I623VU9_frame_8.jpg,04_01__kitchen_still__6I623VU9_frame_8.jpg,saved
train,fake,04_01__kitchen_still__6I623VU9_frame_9.jpg,04_01__kitchen_still__6I623VU9_frame_9.jpg,saved
train,fake,04_01__outside_talking_still_laughing__0XUW13RW_frame_0.jpg,04_01__outside_talking_still_laughing__0XUW13RW_frame_0.jpg,saved
train,fake,04_01__outside_talking_still_laughing__0XUW13RW_frame_1.jpg,04_01__outside_talking_still_laughing__0XUW13RW_frame_1.jpg,saved
train,fake,04_01__outside_talking_still_laughing__0XUW13RW_frame_2.jpg,04_01__outside_talking_still_laughing__0XUW13RW_frame_2.jpg,saved
train,fake,04_01__outside_talking_still_laughing__0XUW13RW_frame_3.jpg,04_01__outside_talking_still_laughing__0XUW13RW_frame_3.jpg,saved
train,fake,04_01__outside_talking_still_laughing__0XUW13RW_frame_4.jpg,04_01__outside_talking_still_laughing__0XUW13RW_frame_4.jpg,saved
train,fake,04_01__outside_talking_still_laughing__0XUW13RW_frame_5.jpg,04_01__outside_talking_still_laughing__0XUW13RW_frame_5.jpg,saved
train,fake,04_01__outside_talking_still_laughing__0XUW13RW_frame_6.jpg,04_01__outside_talking_still_laughing__0XUW13RW_frame_6.jpg,saved
train,fake,04_01__outside_talking_still_laughing__0XUW13RW_frame_7.jpg,04_01__outside_talking_still_laughing__0XUW13RW_frame_7.jpg,saved
train,fake,04_01__outside_talking_still_laughing__0XUW13RW_frame_8.jpg,04_01__outside_talking_still_laughing__0XUW13RW_frame_8.jpg,saved
train,fake,04_01__outside_talking_still_laughing__0XUW13RW_frame_9.jpg,04_01__outside_talking_still_laughing__0XUW13RW_frame_9.jpg,saved
train,fake,04_06__kitchen_still__ZK95PQDE_frame_0.jpg,04_06__kitchen_still__ZK95PQDE_frame_0.jpg,saved
train,fake,04_06__kitchen_still__ZK95PQDE_frame_1.jpg,04_06__kitchen_still__ZK95PQDE_frame_1.jpg,saved
train,fake,04_06__kitchen_still__ZK95PQDE_frame_2.jpg,04_06__kitchen_still__ZK95PQDE_frame_2.jpg,saved
train,fake,04_06__kitchen_still__ZK95PQDE_frame_3.jpg,04_06__kitchen_still__ZK95PQDE_frame_3.jpg,saved
train,fake,04_06__kitchen_still__ZK95PQDE_frame_4.jpg,04_06__kitchen_still__ZK95PQDE_frame_4.jpg,saved
train,fake,04_06__kitchen_still__ZK95PQDE_frame_5.jpg,04_06__kitchen_still__ZK95PQDE_frame_5.jpg,saved
train,fake,04_06__kitchen_still__ZK95PQDE_frame_6.jpg,04_06__kitchen_still__ZK95PQDE_frame_6.jpg,saved
train,fake,04_06__kitchen_still__ZK95PQDE_frame_7.jpg,04_06__kitchen_still__ZK95PQDE_frame_7.jpg,saved
train,fake,04_06__kitchen_still__ZK95PQDE_frame_8.jpg,04_06__kitchen_still__ZK95PQDE_frame_8.jpg,saved
train,fake,04_06__kitchen_still__ZK95PQDE_frame_9.jpg,04_06__kitchen_still__ZK95PQDE_frame_9.jpg,saved
train,fake,04_07__exit_phone_room__ITC0C48B_frame_0.jpg,04_07__exit_phone_room__ITC0C48B_frame_0.jpg,saved
train,fake,04_07__exit_phone_room__ITC0C48B_frame_1.jpg,04_07__exit_phone_room__ITC0C48B_frame_1.jpg,saved
train,fake,04_07__exit_phone_room__ITC0C48B_frame_2.jpg,04_07__exit_phone_room__ITC0C48B_frame_2.jpg,saved
train,fake,04_07__exit_phone_room__ITC0C48B_frame_3.jpg,04_07__exit_phone_room__ITC0C48B_frame_3.jpg,saved
train,fake,04_07__exit_phone_room__ITC0C48B_frame_4.jpg,04_07__exit_phone_room__ITC0C48B_frame_4.jpg,saved
train,fake,04_07__exit_phone_room__ITC0C48B_frame_5.jpg,04_07__exit_phone_room__ITC0C48B_frame_5.jpg,saved
train,fake,04_07__exit_phone_room__ITC0C48B_frame_6.jpg,04_07__exit_phone_room__ITC0C48B_frame_6.jpg,saved
train,fake,04_07__exit_phone_room__ITC0C48B_frame_7.jpg,04_07__exit_phone_room__ITC0C48B_frame_7.jpg,saved
train,fake,04_07__exit_phone_room__ITC0C48B_frame_8.jpg,04_07__exit_phone_room__ITC0C48B_frame_8.jpg,saved
train,fake,04_07__exit_phone_room__ITC0C48B_frame_9.jpg,04_07__exit_phone_room__ITC0C48B_frame_9.jpg,saved
train,fake,04_07__kitchen_pan__XRK7FGZX_frame_0.jpg,04_07__kitchen_pan__XRK7FGZX_frame_0.jpg,saved
train,fake,04_07__kitchen_pan__XRK7FGZX_frame_1.jpg,04_07__kitchen_pan__XRK7FGZX_frame_1.jpg,saved
train,fake,04_07__kitchen_pan__XRK7FGZX_frame_2.jpg,04_07__kitchen_pan__XRK7FGZX_frame_2.jpg,saved
train,fake,04_07__kitchen_pan__XRK7FGZX_frame_3.jpg,04_07__kitchen_pan__XRK7FGZX_frame_3.jpg,saved
train,fake,04_07__kitchen_pan__XRK7FGZX_frame_4.jpg,04_07__kitchen_pan__XRK7FGZX_frame_4.jpg,saved
train,fake,04_07__kitchen_pan__XRK7FGZX_frame_5.jpg,04_07__kitchen_pan__XRK7FGZX_frame_5.jpg,saved
train,fake,04_07__kitchen_pan__XRK7FGZX_frame_6.jpg,04_07__kitchen_pan__XRK7FGZX_frame_6.jpg,saved
train,fake,04_07__kitchen_pan__XRK7FGZX_frame_7.jpg,04_07__kitchen_pan__XRK7FGZX_frame_7.jpg,saved
train,fake,04_07__kitchen_pan__XRK7FGZX_frame_8.jpg,04_07__kitchen_pan__XRK7FGZX_frame_8.jpg,saved
train,fake,04_07__kitchen_pan__XRK7FGZX_frame_9.jpg,04_07__kitchen_pan__XRK7FGZX_frame_9.jpg,saved
train,fake,04_12__walking_down_street_outside_angry__96TQKDFJ_frame_0.jpg,04_12__walking_down_street_outside_angry__96TQKDFJ_frame_0.jpg,saved
train,fake,04_12__walking_down_street_outside_angry__96TQKDFJ_frame_1.jpg,04_12__walking_down_street_outside_angry__96TQKDFJ_frame_1.jpg,saved
train,fake,04_12__walking_down_street_outside_angry__96TQKDFJ_frame_2.jpg,04_12__walking_down_street_outside_angry__96TQKDFJ_frame_2.jpg,saved
train,fake,04_12__walking_down_street_outside_angry__96TQKDFJ_frame_3.jpg,04_12__walking_down_street_outside_angry__96TQKDFJ_frame_3.jpg,saved
train,fake,04_12__walking_down_street_outside_angry__96TQKDFJ_frame_4.jpg,04_12__walking_down_street_outside_angry__96TQKDFJ_frame_4.jpg,saved
train,fake,04_12__walking_down_street_outside_angry__96TQKDFJ_frame_5.jpg,04_12__walking_down_street_outside_angry__96TQKDFJ_frame_5.jpg,saved
train,fake,04_12__walking_down_street_outside_angry__96TQKDFJ_frame_6.jpg,04_12__walking_down_street_outside_angry__96TQKDFJ_frame_6.jpg,saved
train,fake,04_12__walking_down_street_outside_angry__96TQKDFJ_frame_7.jpg,04_12__walking_down_street_outside_angry__96TQKDFJ_frame_7.jpg,saved
train,fake,04_12__walking_down_street_outside_angry__96TQKDFJ_frame_8.jpg,04_12__walking_down_street_outside_angry__96TQKDFJ_frame_8.jpg,saved
train,fake,04_12__walking_down_street_outside_angry__96TQKDFJ_frame_9.jpg,04_12__walking_down_street_outside_angry__96TQKDFJ_frame_9.jpg,saved
train,fake,04_13__podium_speech_happy__00T3UYOR_frame_0.jpg,04_13__podium_speech_happy__00T3UYOR_frame_0.jpg,saved
train,fake,04_13__podium_speech_happy__00T3UYOR_frame_1.jpg,04_13__podium_speech_happy__00T3UYOR_frame_1.jpg,saved
train,fake,04_13__podium_speech_happy__00T3UYOR_frame_2.jpg,04_13__podium_speech_happy__00T3UYOR_frame_2.jpg,saved
train,fake,04_13__podium_speech_happy__00T3UYOR_frame_3.jpg,04_13__podium_speech_happy__00T3UYOR_frame_3.jpg,saved
train,fake,04_13__podium_speech_happy__00T3UYOR_frame_4.jpg,04_13__podium_speech_happy__00T3UYOR_frame_4.jpg,saved
train,fake,04_13__podium_speech_happy__00T3UYOR_frame_5.jpg,04_13__podium_speech_happy__00T3UYOR_frame_5.jpg,saved
train,fake,04_13__podium_speech_happy__00T3UYOR_frame_6.jpg,04_13__podium_speech_happy__00T3UYOR_frame_6.jpg,saved
train,fake,04_13__podium_speech_happy__00T3UYOR_frame_7.jpg,04_13__podium_speech_happy__00T3UYOR_frame_7.jpg,saved
train,fake,04_13__podium_speech_happy__00T3UYOR_frame_8.jpg,04_13__podium_speech_happy__00T3UYOR_frame_8.jpg,saved
train,fake,04_13__podium_speech_happy__00T3UYOR_frame_9.jpg,04_13__podium_speech_happy__00T3UYOR_frame_9.jpg,saved
train,fake,04_13__secret_conversation__00T3UYOR_frame_0.jpg,04_13__secret_conversation__00T3UYOR_frame_0.jpg,saved
train,fake,04_13__secret_conversation__00T3UYOR_frame_1.jpg,04_13__secret_conversation__00T3UYOR_frame_1.jpg,saved
train,fake,04_13__secret_conversation__00T3UYOR_frame_2.jpg,04_13__secret_conversation__00T3UYOR_frame_2.jpg,saved
train,fake,04_13__secret_conversation__00T3UYOR_frame_3.jpg,04_13__secret_conversation__00T3UYOR_frame_3.jpg,saved
train,fake,04_13__secret_conversation__00T3UYOR_frame_4.jpg,04_13__secret_conversation__00T3UYOR_frame_4.jpg,saved
train,fake,04_13__secret_conversation__00T3UYOR_frame_5.jpg,04_13__secret_conversation__00T3UYOR_frame_5.jpg,saved
train,fake,04_13__secret_conversation__00T3UYOR_frame_6.jpg,04_13__secret_conversation__00T3UYOR_frame_6.jpg,saved
train,fake,04_13__secret_conversation__00T3UYOR_frame_7.jpg,04_13__secret_conversation__00T3UYOR_frame_7.jpg,saved
train,fake,04_13__secret_conversation__00T3UYOR_frame_8.jpg,04_13__secret_conversation__00T3UYOR_frame_8.jpg,saved
train,fake,04_13__secret_conversation__00T3UYOR_frame_9.jpg,04_13__secret_conversation__00T3UYOR_frame_9.jpg,saved
train,fake,04_13__walking_down_street_outside_angry__00T3UYOR_frame_0.jpg,04_13__walking_down_street_outside_angry__00T3UYOR_frame_0.jpg,saved
train,fake,04_13__walking_down_street_outside_angry__00T3UYOR_frame_1.jpg,04_13__walking_down_street_outside_angry__00T3UYOR_frame_1.jpg,saved
train,fake,04_13__walking_down_street_outside_angry__00T3UYOR_frame_2.jpg,04_13__walking_down_street_outside_angry__00T3UYOR_frame_2.jpg,saved
train,fake,04_13__walking_down_street_outside_angry__00T3UYOR_frame_3.jpg,04_13__walking_down_street_outside_angry__00T3UYOR_frame_3.jpg,saved
train,fake,04_13__walking_down_street_outside_angry__00T3UYOR_frame_4.jpg,04_13__walking_down_street_outside_angry__00T3UYOR_frame_4.jpg,saved
train,fake,04_13__walking_down_street_outside_angry__00T3UYOR_frame_5.jpg,04_13__walking_down_street_outside_angry__00T3UYOR_frame_5.jpg,saved
train,fake,04_13__walking_down_street_outside_angry__00T3UYOR_frame_6.jpg,04_13__walking_down_street_outside_angry__00T3UYOR_frame_6.jpg,saved
train,fake,04_13__walking_down_street_outside_angry__00T3UYOR_frame_7.jpg,04_13__walking_down_street_outside_angry__00T3UYOR_frame_7.jpg,saved
train,fake,04_13__walking_down_street_outside_angry__00T3UYOR_frame_8.jpg,04_13__walking_down_street_outside_angry__00T3UYOR_frame_8.jpg,saved
train,fake,04_13__walking_down_street_outside_angry__00T3UYOR_frame_9.jpg,04_13__walking_down_street_outside_angry__00T3UYOR_frame_9.jpg,saved
train,fake,04_13__walking_outside_cafe_disgusted__00T3UYOR_frame_0.jpg,04_13__walking_outside_cafe_disgusted__00T3UYOR_frame_0.jpg,saved
train,fake,04_13__walking_outside_cafe_disgusted__00T3UYOR_frame_1.jpg,04_13__walking_outside_cafe_disgusted__00T3UYOR_frame_1.jpg,saved
train,fake,04_13__walking_outside_cafe_disgusted__00T3UYOR_frame_2.jpg,04_13__walking_outside_cafe_disgusted__00T3UYOR_frame_2.jpg,saved
train,fake,04_13__walking_outside_cafe_disgusted__00T3UYOR_frame_3.jpg,04_13__walking_outside_cafe_disgusted__00T3UYOR_frame_3.jpg,saved
train,fake,04_13__walking_outside_cafe_disgusted__00T3UYOR_frame_4.jpg,04_13__walking_outside_cafe_disgusted__00T3UYOR_frame_4.jpg,saved
train,fake,04_13__walking_outside_cafe_disgusted__00T3UYOR_frame_5.jpg,04_13__walking_outside_cafe_disgusted__00T3UYOR_frame_5.jpg,saved
train,fake,04_13__walking_outside_cafe_disgusted__00T3UYOR_frame_6.jpg,04_13__walking_outside_cafe_disgusted__00T3UYOR_frame_6.jpg,saved
train,fake,04_13__walking_outside_cafe_disgusted__00T3UYOR_frame_7.jpg,04_13__walking_outside_cafe_disgusted__00T3UYOR_frame_7.jpg,saved
train,fake,04_13__walking_outside_cafe_disgusted__00T3UYOR_frame_8.jpg,04_13__walking_outside_cafe_disgusted__00T3UYOR_frame_8.jpg,saved
train,fake,04_13__walking_outside_cafe_disgusted__00T3UYOR_frame_9.jpg,04_13__walking_outside_cafe_disgusted__00T3UYOR_frame_9.jpg,saved
train,fake,04_18__kitchen_still__NAXINA1N_frame_0.jpg,04_18__kitchen_still__NAXINA1N_frame_0.jpg,saved
train,fake,04_18__kitchen_still__NAXINA1N_frame_1.jpg,04_18__kitchen_still__NAXINA1N_frame_1.jpg,saved
train,fake,04_18__kitchen_still__NAXINA1N_frame_2.jpg,04_18__kitchen_still__NAXINA1N_frame_2.jpg,saved
train,fake,04_18__kitchen_still__NAXINA1N_frame_3.jpg,04_18__kitchen_still__NAXINA1N_frame_3.jpg,saved
train,fake,04_18__kitchen_still__NAXINA1N_frame_4.jpg,04_18__kitchen_still__NAXINA1N_frame_4.jpg,saved
train,fake,04_18__kitchen_still__NAXINA1N_frame_5.jpg,04_18__kitchen_still__NAXINA1N_frame_5.jpg,saved
train,fake,04_18__kitchen_still__NAXINA1N_frame_6.jpg,04_18__kitchen_still__NAXINA1N_frame_6.jpg,saved
train,fake,04_18__kitchen_still__NAXINA1N_frame_7.jpg,04_18__kitchen_still__NAXINA1N_frame_7.jpg,saved
train,fake,04_18__kitchen_still__NAXINA1N_frame_8.jpg,04_18__kitchen_still__NAXINA1N_frame_8.jpg,saved
train,fake,04_18__kitchen_still__NAXINA1N_frame_9.jpg,04_18__kitchen_still__NAXINA1N_frame_9.jpg,saved
train,fake,05_16__exit_phone_room__B62WCGUN_frame_0.jpg,05_16__exit_phone_room__B62WCGUN_frame_0.jpg,saved
train,fake,05_16__exit_phone_room__B62WCGUN_frame_1.jpg,05_16__exit_phone_room__B62WCGUN_frame_1.jpg,saved
train,fake,05_16__exit_phone_room__B62WCGUN_frame_2.jpg,05_16__exit_phone_room__B62WCGUN_frame_2.jpg,saved
train,fake,05_16__exit_phone_room__B62WCGUN_frame_3.jpg,05_16__exit_phone_room__B62WCGUN_frame_3.jpg,saved
train,fake,05_16__exit_phone_room__B62WCGUN_frame_4.jpg,05_16__exit_phone_room__B62WCGUN_frame_4.jpg,saved
train,fake,05_16__exit_phone_room__B62WCGUN_frame_5.jpg,05_16__exit_phone_room__B62WCGUN_frame_5.jpg,saved
train,fake,05_16__exit_phone_room__B62WCGUN_frame_6.jpg,05_16__exit_phone_room__B62WCGUN_frame_6.jpg,saved
train,fake,05_16__exit_phone_room__B62WCGUN_frame_7.jpg,05_16__exit_phone_room__B62WCGUN_frame_7.jpg,saved
train,fake,05_16__exit_phone_room__B62WCGUN_frame_8.jpg,05_16__exit_phone_room__B62WCGUN_frame_8.jpg,saved
train,fake,05_16__exit_phone_room__B62WCGUN_frame_9.jpg,05_16__exit_phone_room__B62WCGUN_frame_9.jpg,saved
train,fake,05_16__walk_down_hall_angry__OSXCUOHX_frame_0.jpg,05_16__walk_down_hall_angry__OSXCUOHX_frame_0.jpg,saved
train,fake,05_16__walk_down_hall_angry__OSXCUOHX_frame_1.jpg,05_16__walk_down_hall_angry__OSXCUOHX_frame_1.jpg,saved
train,fake,05_16__walk_down_hall_angry__OSXCUOHX_frame_2.jpg,05_16__walk_down_hall_angry__OSXCUOHX_frame_2.jpg,saved
train,fake,05_16__walk_down_hall_angry__OSXCUOHX_frame_3.jpg,05_16__walk_down_hall_angry__OSXCUOHX_frame_3.jpg,saved
train,fake,05_16__walk_down_hall_angry__OSXCUOHX_frame_4.jpg,05_16__walk_down_hall_angry__OSXCUOHX_frame_4.jpg,saved
train,fake,05_16__walk_down_hall_angry__OSXCUOHX_frame_5.jpg,05_16__walk_down_hall_angry__OSXCUOHX_frame_5.jpg,saved
train,fake,05_16__walk_down_hall_angry__OSXCUOHX_frame_6.jpg,05_16__walk_down_hall_angry__OSXCUOHX_frame_6.jpg,saved
train,fake,05_16__walk_down_hall_angry__OSXCUOHX_frame_7.jpg,05_16__walk_down_hall_angry__OSXCUOHX_frame_7.jpg,saved
train,fake,05_16__walk_down_hall_angry__OSXCUOHX_frame_8.jpg,05_16__walk_down_hall_angry__OSXCUOHX_frame_8.jpg,saved
train,fake,05_16__walk_down_hall_angry__OSXCUOHX_frame_9.jpg,05_16__walk_down_hall_angry__OSXCUOHX_frame_9.jpg,no face detected
train,fake,05_16__walk_down_hall_angry__U9WZI5LK_frame_0.jpg,05_16__walk_down_hall_angry__U9WZI5LK_frame_0.jpg,saved
train,fake,05_16__walk_down_hall_angry__U9WZI5LK_frame_1.jpg,05_16__walk_down_hall_angry__U9WZI5LK_frame_1.jpg,saved
train,fake,05_16__walk_down_hall_angry__U9WZI5LK_frame_2.jpg,05_16__walk_down_hall_angry__U9WZI5LK_frame_2.jpg,saved
train,fake,05_16__walk_down_hall_angry__U9WZI5LK_frame_3.jpg,05_16__walk_down_hall_angry__U9WZI5LK_frame_3.jpg,saved
train,fake,05_16__walk_down_hall_angry__U9WZI5LK_frame_4.jpg,05_16__walk_down_hall_angry__U9WZI5LK_frame_4.jpg,saved
train,fake,05_16__walk_down_hall_angry__U9WZI5LK_frame_5.jpg,05_16__walk_down_hall_angry__U9WZI5LK_frame_5.jpg,saved
train,fake,05_16__walk_down_hall_angry__U9WZI5LK_frame_6.jpg,05_16__walk_down_hall_angry__U9WZI5LK_frame_6.jpg,saved
train,fake,05_16__walk_down_hall_angry__U9WZI5LK_frame_7.jpg,05_16__walk_down_hall_angry__U9WZI5LK_frame_7.jpg,saved
train,fake,05_16__walk_down_hall_angry__U9WZI5LK_frame_8.jpg,05_16__walk_down_hall_angry__U9WZI5LK_frame_8.jpg,saved
train,fake,05_16__walk_down_hall_angry__U9WZI5LK_frame_9.jpg,05_16__walk_down_hall_angry__U9WZI5LK_frame_9.jpg,saved
train,fake,05_28__kitchen_still__W3J028UG_frame_0.jpg,05_28__kitchen_still__W3J028UG_frame_0.jpg,saved
train,fake,05_28__kitchen_still__W3J028UG_frame_1.jpg,05_28__kitchen_still__W3J028UG_frame_1.jpg,saved
train,fake,05_28__kitchen_still__W3J028UG_frame_2.jpg,05_28__kitchen_still__W3J028UG_frame_2.jpg,saved
train,fake,05_28__kitchen_still__W3J028UG_frame_3.jpg,05_28__kitchen_still__W3J028UG_frame_3.jpg,saved
train,fake,05_28__kitchen_still__W3J028UG_frame_4.jpg,05_28__kitchen_still__W3J028UG_frame_4.jpg,saved
train,fake,05_28__kitchen_still__W3J028UG_frame_5.jpg,05_28__kitchen_still__W3J028UG_frame_5.jpg,saved
train,fake,05_28__kitchen_still__W3J028UG_frame_6.jpg,05_28__kitchen_still__W3J028UG_frame_6.jpg,saved
train,fake,05_28__kitchen_still__W3J028UG_frame_7.jpg,05_28__kitchen_still__W3J028UG_frame_7.jpg,saved
train,fake,05_28__kitchen_still__W3J028UG_frame_8.jpg,05_28__kitchen_still__W3J028UG_frame_8.jpg,saved
train,fake,05_28__kitchen_still__W3J028UG_frame_9.jpg,05_28__kitchen_still__W3J028UG_frame_9.jpg,saved
train,fake,06_02__podium_speech_happy__N8OSN8P6_frame_0.jpg,06_02__podium_speech_happy__N8OSN8P6_frame_0.jpg,saved
train,fake,06_02__podium_speech_happy__N8OSN8P6_frame_1.jpg,06_02__podium_speech_happy__N8OSN8P6_frame_1.jpg,saved
train,fake,06_02__podium_speech_happy__N8OSN8P6_frame_2.jpg,06_02__podium_speech_happy__N8OSN8P6_frame_2.jpg,saved
train,fake,06_02__podium_speech_happy__N8OSN8P6_frame_3.jpg,06_02__podium_speech_happy__N8OSN8P6_frame_3.jpg,saved
train,fake,06_02__podium_speech_happy__N8OSN8P6_frame_4.jpg,06_02__podium_speech_happy__N8OSN8P6_frame_4.jpg,saved
train,fake,06_02__podium_speech_happy__N8OSN8P6_frame_5.jpg,06_02__podium_speech_happy__N8OSN8P6_frame_5.jpg,saved
train,fake,06_02__podium_speech_happy__N8OSN8P6_frame_6.jpg,06_02__podium_speech_happy__N8OSN8P6_frame_6.jpg,saved
train,fake,06_02__podium_speech_happy__N8OSN8P6_frame_7.jpg,06_02__podium_speech_happy__N8OSN8P6_frame_7.jpg,saved
train,fake,06_02__podium_speech_happy__N8OSN8P6_frame_8.jpg,06_02__podium_speech_happy__N8OSN8P6_frame_8.jpg,saved
train,fake,06_02__podium_speech_happy__N8OSN8P6_frame_9.jpg,06_02__podium_speech_happy__N8OSN8P6_frame_9.jpg,saved
train,fake,06_02__walk_down_hall_angry__37DH75GQ_frame_0.jpg,06_02__walk_down_hall_angry__37DH75GQ_frame_0.jpg,saved
train,fake,06_02__walk_down_hall_angry__37DH75GQ_frame_1.jpg,06_02__walk_down_hall_angry__37DH75GQ_frame_1.jpg,saved
train,fake,06_02__walk_down_hall_angry__37DH75GQ_frame_2.jpg,06_02__walk_down_hall_angry__37DH75GQ_frame_2.jpg,saved
train,fake,06_02__walk_down_hall_angry__37DH75GQ_frame_3.jpg,06_02__walk_down_hall_angry__37DH75GQ_frame_3.jpg,saved
train,fake,06_02__walk_down_hall_angry__37DH75GQ_frame_4.jpg,06_02__walk_down_hall_angry__37DH75GQ_frame_4.jpg,saved
train,fake,06_02__walk_down_hall_angry__37DH75GQ_frame_5.jpg,06_02__walk_down_hall_angry__37DH75GQ_frame_5.jpg,saved
train,fake,06_02__walk_down_hall_angry__37DH75GQ_frame_6.jpg,06_02__walk_down_hall_angry__37DH75GQ_frame_6.jpg,saved
train,fake,06_02__walk_down_hall_angry__37DH75GQ_frame_7.jpg,06_02__walk_down_hall_angry__37DH75GQ_frame_7.jpg,saved
train,fake,06_02__walk_down_hall_angry__37DH75GQ_frame_8.jpg,06_02__walk_down_hall_angry__37DH75GQ_frame_8.jpg,saved
train,fake,06_02__walk_down_hall_angry__37DH75GQ_frame_9.jpg,06_02__walk_down_hall_angry__37DH75GQ_frame_9.jpg,saved
train,fake,06_03__talking_against_wall__4I8LRXWF_frame_0.jpg,06_03__talking_against_wall__4I8LRXWF_frame_0.jpg,saved
train,fake,06_03__talking_against_wall__4I8LRXWF_frame_1.jpg,06_03__talking_against_wall__4I8LRXWF_frame_1.jpg,saved
train,fake,06_03__talking_against_wall__4I8LRXWF_frame_2.jpg,06_03__talking_against_wall__4I8LRXWF_frame_2.jpg,saved
train,fake,06_03__talking_against_wall__4I8LRXWF_frame_3.jpg,06_03__talking_against_wall__4I8LRXWF_frame_3.jpg,saved
train,fake,06_03__talking_against_wall__4I8LRXWF_frame_4.jpg,06_03__talking_against_wall__4I8LRXWF_frame_4.jpg,saved
train,fake,06_03__talking_against_wall__4I8LRXWF_frame_5.jpg,06_03__talking_against_wall__4I8LRXWF_frame_5.jpg,saved
train,fake,06_03__talking_against_wall__4I8LRXWF_frame_6.jpg,06_03__talking_against_wall__4I8LRXWF_frame_6.jpg,saved
train,fake,06_03__talking_against_wall__4I8LRXWF_frame_7.jpg,06_03__talking_against_wall__4I8LRXWF_frame_7.jpg,saved
train,fake,06_03__talking_against_wall__4I8LRXWF_frame_8.jpg,06_03__talking_against_wall__4I8LRXWF_frame_8.jpg,saved
train,fake,06_03__talking_against_wall__4I8LRXWF_frame_9.jpg,06_03__talking_against_wall__4I8LRXWF_frame_9.jpg,saved
train,fake,06_04__outside_talking_still_laughing__ZK95PQDE_frame_0.jpg,06_04__outside_talking_still_laughing__ZK95PQDE_frame_0.jpg,saved
train,fake,06_04__outside_talking_still_laughing__ZK95PQDE_frame_1.jpg,06_04__outside_talking_still_laughing__ZK95PQDE_frame_1.jpg,saved
train,fake,06_04__outside_talking_still_laughing__ZK95PQDE_frame_2.jpg,06_04__outside_talking_still_laughing__ZK95PQDE_frame_2.jpg,saved
train,fake,06_04__outside_talking_still_laughing__ZK95PQDE_frame_3.jpg,06_04__outside_talking_still_laughing__ZK95PQDE_frame_3.jpg,saved
train,fake,06_04__outside_talking_still_laughing__ZK95PQDE_frame_4.jpg,06_04__outside_talking_still_laughing__ZK95PQDE_frame_4.jpg,saved
train,fake,06_04__outside_talking_still_laughing__ZK95PQDE_frame_5.jpg,06_04__outside_talking_still_laughing__ZK95PQDE_frame_5.jpg,saved
train,fake,06_04__outside_talking_still_laughing__ZK95PQDE_frame_6.jpg,06_04__outside_talking_still_laughing__ZK95PQDE_frame_6.jpg,saved
train,fake,06_04__outside_talking_still_laughing__ZK95PQDE_frame_7.jpg,06_04__outside_talking_still_laughing__ZK95PQDE_frame_7.jpg,saved
train,fake,06_04__outside_talking_still_laughing__ZK95PQDE_frame_8.jpg,06_04__outside_talking_still_laughing__ZK95PQDE_frame_8.jpg,saved
train,fake,06_04__outside_talking_still_laughing__ZK95PQDE_frame_9.jpg,06_04__outside_talking_still_laughing__ZK95PQDE_frame_9.jpg,saved
train,fake,06_04__walking_outside_cafe_disgusted__ZK95PQDE_frame_0.jpg,06_04__walking_outside_cafe_disgusted__ZK95PQDE_frame_0.jpg,saved
train,fake,06_04__walking_outside_cafe_disgusted__ZK95PQDE_frame_1.jpg,06_04__walking_outside_cafe_disgusted__ZK95PQDE_frame_1.jpg,saved
train,fake,06_04__walking_outside_cafe_disgusted__ZK95PQDE_frame_2.jpg,06_04__walking_outside_cafe_disgusted__ZK95PQDE_frame_2.jpg,saved
train,fake,06_04__walking_outside_cafe_disgusted__ZK95PQDE_frame_3.jpg,06_04__walking_outside_cafe_disgusted__ZK95PQDE_frame_3.jpg,saved
train,fake,06_04__walking_outside_cafe_disgusted__ZK95PQDE_frame_4.jpg,06_04__walking_outside_cafe_disgusted__ZK95PQDE_frame_4.jpg,saved
train,fake,06_04__walking_outside_cafe_disgusted__ZK95PQDE_frame_5.jpg,06_04__walking_outside_cafe_disgusted__ZK95PQDE_frame_5.jpg,saved
train,fake,06_04__walking_outside_cafe_disgusted__ZK95PQDE_frame_6.jpg,06_04__walking_outside_cafe_disgusted__ZK95PQDE_frame_6.jpg,saved
train,fake,06_04__walking_outside_cafe_disgusted__ZK95PQDE_frame_7.jpg,06_04__walking_outside_cafe_disgusted__ZK95PQDE_frame_7.jpg,saved
train,fake,06_04__walking_outside_cafe_disgusted__ZK95PQDE_frame_8.jpg,06_04__walking_outside_cafe_disgusted__ZK95PQDE_frame_8.jpg,saved
train,fake,06_04__walking_outside_cafe_disgusted__ZK95PQDE_frame_9.jpg,06_04__walking_outside_cafe_disgusted__ZK95PQDE_frame_9.jpg,saved
train,fake,06_07__exit_phone_room__NMGYPBXE_frame_0.jpg,06_07__exit_phone_room__NMGYPBXE_frame_0.jpg,saved
train,fake,06_07__exit_phone_room__NMGYPBXE_frame_1.jpg,06_07__exit_phone_room__NMGYPBXE_frame_1.jpg,saved
train,fake,06_07__exit_phone_room__NMGYPBXE_frame_2.jpg,06_07__exit_phone_room__NMGYPBXE_frame_2.jpg,saved
train,fake,06_07__exit_phone_room__NMGYPBXE_frame_3.jpg,06_07__exit_phone_room__NMGYPBXE_frame_3.jpg,saved
train,fake,06_07__exit_phone_room__NMGYPBXE_frame_4.jpg,06_07__exit_phone_room__NMGYPBXE_frame_4.jpg,saved
train,fake,06_07__exit_phone_room__NMGYPBXE_frame_5.jpg,06_07__exit_phone_room__NMGYPBXE_frame_5.jpg,saved
train,fake,06_07__exit_phone_room__NMGYPBXE_frame_6.jpg,06_07__exit_phone_room__NMGYPBXE_frame_6.jpg,saved
train,fake,06_07__exit_phone_room__NMGYPBXE_frame_7.jpg,06_07__exit_phone_room__NMGYPBXE_frame_7.jpg,saved
train,fake,06_07__exit_phone_room__NMGYPBXE_frame_8.jpg,06_07__exit_phone_room__NMGYPBXE_frame_8.jpg,saved
train,fake,06_07__exit_phone_room__NMGYPBXE_frame_9.jpg,06_07__exit_phone_room__NMGYPBXE_frame_9.jpg,saved
train,fake,06_11__walking_outside_cafe_disgusted__MX659QU8_frame_0.jpg,06_11__walking_outside_cafe_disgusted__MX659QU8_frame_0.jpg,saved
train,fake,06_11__walking_outside_cafe_disgusted__MX659QU8_frame_1.jpg,06_11__walking_outside_cafe_disgusted__MX659QU8_frame_1.jpg,saved
train,fake,06_11__walking_outside_cafe_disgusted__MX659QU8_frame_2.jpg,06_11__walking_outside_cafe_disgusted__MX659QU8_frame_2.jpg,saved
train,fake,06_11__walking_outside_cafe_disgusted__MX659QU8_frame_3.jpg,06_11__walking_outside_cafe_disgusted__MX659QU8_frame_3.jpg,saved
train,fake,06_11__walking_outside_cafe_disgusted__MX659QU8_frame_4.jpg,06_11__walking_outside_cafe_disgusted__MX659QU8_frame_4.jpg,saved
train,fake,06_11__walking_outside_cafe_disgusted__MX659QU8_frame_5.jpg,06_11__walking_outside_cafe_disgusted__MX659QU8_frame_5.jpg,saved
train,fake,06_11__walking_outside_cafe_disgusted__MX659QU8_frame_6.jpg,06_11__walking_outside_cafe_disgusted__MX659QU8_frame_6.jpg,saved
train,fake,06_11__walking_outside_cafe_disgusted__MX659QU8_frame_7.jpg,06_11__walking_outside_cafe_disgusted__MX659QU8_frame_7.jpg,saved
train,fake,06_11__walking_outside_cafe_disgusted__MX659QU8_frame_8.jpg,06_11__walking_outside_cafe_disgusted__MX659QU8_frame_8.jpg,saved
train,fake,06_11__walking_outside_cafe_disgusted__MX659QU8_frame_9.jpg,06_11__walking_outside_cafe_disgusted__MX659QU8_frame_9.jpg,saved
train,fake,06_12__podium_speech_happy__0VR4Y891_frame_0.jpg,06_12__podium_speech_happy__0VR4Y891_frame_0.jpg,saved
train,fake,06_12__podium_speech_happy__0VR4Y891_frame_1.jpg,06_12__podium_speech_happy__0VR4Y891_frame_1.jpg,saved
train,fake,06_12__podium_speech_happy__0VR4Y891_frame_2.jpg,06_12__podium_speech_happy__0VR4Y891_frame_2.jpg,saved
train,fake,06_12__podium_speech_happy__0VR4Y891_frame_3.jpg,06_12__podium_speech_happy__0VR4Y891_frame_3.jpg,saved
train,fake,06_12__podium_speech_happy__0VR4Y891_frame_4.jpg,06_12__podium_speech_happy__0VR4Y891_frame_4.jpg,saved
train,fake,06_12__podium_speech_happy__0VR4Y891_frame_5.jpg,06_12__podium_speech_happy__0VR4Y891_frame_5.jpg,saved
train,fake,06_12__podium_speech_happy__0VR4Y891_frame_6.jpg,06_12__podium_speech_happy__0VR4Y891_frame_6.jpg,saved
train,fake,06_12__podium_speech_happy__0VR4Y891_frame_7.jpg,06_12__podium_speech_happy__0VR4Y891_frame_7.jpg,saved
train,fake,06_12__podium_speech_happy__0VR4Y891_frame_8.jpg,06_12__podium_speech_happy__0VR4Y891_frame_8.jpg,saved
train,fake,06_12__podium_speech_happy__0VR4Y891_frame_9.jpg,06_12__podium_speech_happy__0VR4Y891_frame_9.jpg,saved
train,fake,06_14__outside_talking_pan_laughing__8U9ULZDT_frame_0.jpg,06_14__outside_talking_pan_laughing__8U9ULZDT_frame_0.jpg,saved
train,fake,06_14__outside_talking_pan_laughing__8U9ULZDT_frame_1.jpg,06_14__outside_talking_pan_laughing__8U9ULZDT_frame_1.jpg,saved
train,fake,06_14__outside_talking_pan_laughing__8U9ULZDT_frame_2.jpg,06_14__outside_talking_pan_laughing__8U9ULZDT_frame_2.jpg,saved
train,fake,06_14__outside_talking_pan_laughing__8U9ULZDT_frame_3.jpg,06_14__outside_talking_pan_laughing__8U9ULZDT_frame_3.jpg,saved
train,fake,06_14__outside_talking_pan_laughing__8U9ULZDT_frame_4.jpg,06_14__outside_talking_pan_laughing__8U9ULZDT_frame_4.jpg,saved
train,fake,06_14__outside_talking_pan_laughing__8U9ULZDT_frame_5.jpg,06_14__outside_talking_pan_laughing__8U9ULZDT_frame_5.jpg,saved
train,fake,06_14__outside_talking_pan_laughing__8U9ULZDT_frame_6.jpg,06_14__outside_talking_pan_laughing__8U9ULZDT_frame_6.jpg,saved
train,fake,06_14__outside_talking_pan_laughing__8U9ULZDT_frame_7.jpg,06_14__outside_talking_pan_laughing__8U9ULZDT_frame_7.jpg,saved
train,fake,06_14__outside_talking_pan_laughing__8U9ULZDT_frame_8.jpg,06_14__outside_talking_pan_laughing__8U9ULZDT_frame_8.jpg,saved
train,fake,06_14__outside_talking_pan_laughing__8U9ULZDT_frame_9.jpg,06_14__outside_talking_pan_laughing__8U9ULZDT_frame_9.jpg,saved
train,fake,06_14__walking_down_indoor_hall_disgust__8U9ULZDT_frame_0.jpg,06_14__walking_down_indoor_hall_disgust__8U9ULZDT_frame_0.jpg,saved
train,fake,06_14__walking_down_indoor_hall_disgust__8U9ULZDT_frame_1.jpg,06_14__walking_down_indoor_hall_disgust__8U9ULZDT_frame_1.jpg,saved
train,fake,06_14__walking_down_indoor_hall_disgust__8U9ULZDT_frame_2.jpg,06_14__walking_down_indoor_hall_disgust__8U9ULZDT_frame_2.jpg,saved
train,fake,06_14__walking_down_indoor_hall_disgust__8U9ULZDT_frame_3.jpg,06_14__walking_down_indoor_hall_disgust__8U9ULZDT_frame_3.jpg,saved
train,fake,06_14__walking_down_indoor_hall_disgust__8U9ULZDT_frame_4.jpg,06_14__walking_down_indoor_hall_disgust__8U9ULZDT_frame_4.jpg,saved
train,fake,06_14__walking_down_indoor_hall_disgust__8U9ULZDT_frame_5.jpg,06_14__walking_down_indoor_hall_disgust__8U9ULZDT_frame_5.jpg,saved
train,fake,06_14__walking_down_indoor_hall_disgust__8U9ULZDT_frame_6.jpg,06_14__walking_down_indoor_hall_disgust__8U9ULZDT_frame_6.jpg,saved
train,fake,06_14__walking_down_indoor_hall_disgust__8U9ULZDT_frame_7.jpg,06_14__walking_down_indoor_hall_disgust__8U9ULZDT_frame_7.jpg,saved
train,fake,06_14__walking_down_indoor_hall_disgust__8U9ULZDT_frame_8.jpg,06_14__walking_down_indoor_hall_disgust__8U9ULZDT_frame_8.jpg,saved
train,fake,06_14__walking_down_indoor_hall_disgust__8U9ULZDT_frame_9.jpg,06_14__walking_down_indoor_hall_disgust__8U9ULZDT_frame_9.jpg,saved
train,fake,06_15__outside_talking_still_laughing__QRCD27P8_frame_0.jpg,06_15__outside_talking_still_laughing__QRCD27P8_frame_0.jpg,saved
train,fake,06_15__outside_talking_still_laughing__QRCD27P8_frame_1.jpg,06_15__outside_talking_still_laughing__QRCD27P8_frame_1.jpg,saved
train,fake,06_15__outside_talking_still_laughing__QRCD27P8_frame_2.jpg,06_15__outside_talking_still_laughing__QRCD27P8_frame_2.jpg,saved
train,fake,06_15__outside_talking_still_laughing__QRCD27P8_frame_3.jpg,06_15__outside_talking_still_laughing__QRCD27P8_frame_3.jpg,saved
train,fake,06_15__outside_talking_still_laughing__QRCD27P8_frame_4.jpg,06_15__outside_talking_still_laughing__QRCD27P8_frame_4.jpg,saved
train,fake,06_15__outside_talking_still_laughing__QRCD27P8_frame_5.jpg,06_15__outside_talking_still_laughing__QRCD27P8_frame_5.jpg,saved
train,fake,06_15__outside_talking_still_laughing__QRCD27P8_frame_6.jpg,06_15__outside_talking_still_laughing__QRCD27P8_frame_6.jpg,saved
train,fake,06_15__outside_talking_still_laughing__QRCD27P8_frame_7.jpg,06_15__outside_talking_still_laughing__QRCD27P8_frame_7.jpg,saved
train,fake,06_15__outside_talking_still_laughing__QRCD27P8_frame_8.jpg,06_15__outside_talking_still_laughing__QRCD27P8_frame_8.jpg,saved
train,fake,06_15__outside_talking_still_laughing__QRCD27P8_frame_9.jpg,06_15__outside_talking_still_laughing__QRCD27P8_frame_9.jpg,saved
train,fake,06_15__walking_and_outside_surprised__QRCD27P8_frame_0.jpg,06_15__walking_and_outside_surprised__QRCD27P8_frame_0.jpg,saved
train,fake,06_15__walking_and_outside_surprised__QRCD27P8_frame_1.jpg,06_15__walking_and_outside_surprised__QRCD27P8_frame_1.jpg,saved
train,fake,06_15__walking_and_outside_surprised__QRCD27P8_frame_2.jpg,06_15__walking_and_outside_surprised__QRCD27P8_frame_2.jpg,saved
train,fake,06_15__walking_and_outside_surprised__QRCD27P8_frame_3.jpg,06_15__walking_and_outside_surprised__QRCD27P8_frame_3.jpg,saved
train,fake,06_15__walking_and_outside_surprised__QRCD27P8_frame_4.jpg,06_15__walking_and_outside_surprised__QRCD27P8_frame_4.jpg,saved
train,fake,06_15__walking_and_outside_surprised__QRCD27P8_frame_5.jpg,06_15__walking_and_outside_surprised__QRCD27P8_frame_5.jpg,saved
train,fake,06_15__walking_and_outside_surprised__QRCD27P8_frame_6.jpg,06_15__walking_and_outside_surprised__QRCD27P8_frame_6.jpg,saved
train,fake,06_15__walking_and_outside_surprised__QRCD27P8_frame_7.jpg,06_15__walking_and_outside_surprised__QRCD27P8_frame_7.jpg,saved
train,fake,06_15__walking_and_outside_surprised__QRCD27P8_frame_8.jpg,06_15__walking_and_outside_surprised__QRCD27P8_frame_8.jpg,saved
train,fake,06_15__walking_and_outside_surprised__QRCD27P8_frame_9.jpg,06_15__walking_and_outside_surprised__QRCD27P8_frame_9.jpg,saved
train,fake,06_18__outside_talking_pan_laughing__DEA1TCLN_frame_0.jpg,06_18__outside_talking_pan_laughing__DEA1TCLN_frame_0.jpg,saved
train,fake,06_18__outside_talking_pan_laughing__DEA1TCLN_frame_1.jpg,06_18__outside_talking_pan_laughing__DEA1TCLN_frame_1.jpg,saved
train,fake,06_18__outside_talking_pan_laughing__DEA1TCLN_frame_2.jpg,06_18__outside_talking_pan_laughing__DEA1TCLN_frame_2.jpg,saved
train,fake,06_18__outside_talking_pan_laughing__DEA1TCLN_frame_3.jpg,06_18__outside_talking_pan_laughing__DEA1TCLN_frame_3.jpg,saved
train,fake,06_18__outside_talking_pan_laughing__DEA1TCLN_frame_4.jpg,06_18__outside_talking_pan_laughing__DEA1TCLN_frame_4.jpg,saved
train,fake,06_18__outside_talking_pan_laughing__DEA1TCLN_frame_5.jpg,06_18__outside_talking_pan_laughing__DEA1TCLN_frame_5.jpg,saved
train,fake,06_18__outside_talking_pan_laughing__DEA1TCLN_frame_6.jpg,06_18__outside_talking_pan_laughing__DEA1TCLN_frame_6.jpg,saved
train,fake,06_18__outside_talking_pan_laughing__DEA1TCLN_frame_7.jpg,06_18__outside_talking_pan_laughing__DEA1TCLN_frame_7.jpg,saved
train,fake,06_18__outside_talking_pan_laughing__DEA1TCLN_frame_8.jpg,06_18__outside_talking_pan_laughing__DEA1TCLN_frame_8.jpg,saved
train,fake,06_18__outside_talking_pan_laughing__DEA1TCLN_frame_9.jpg,06_18__outside_talking_pan_laughing__DEA1TCLN_frame_9.jpg,saved
train,fake,06_18__outside_talking_still_laughing__M36D0OJT_frame_0.jpg,06_18__outside_talking_still_laughing__M36D0OJT_frame_0.jpg,saved
train,fake,06_18__outside_talking_still_laughing__M36D0OJT_frame_1.jpg,06_18__outside_talking_still_laughing__M36D0OJT_frame_1.jpg,saved
train,fake,06_18__outside_talking_still_laughing__M36D0OJT_frame_2.jpg,06_18__outside_talking_still_laughing__M36D0OJT_frame_2.jpg,saved
train,fake,06_18__outside_talking_still_laughing__M36D0OJT_frame_3.jpg,06_18__outside_talking_still_laughing__M36D0OJT_frame_3.jpg,saved
train,fake,06_18__outside_talking_still_laughing__M36D0OJT_frame_4.jpg,06_18__outside_talking_still_laughing__M36D0OJT_frame_4.jpg,saved
train,fake,06_18__outside_talking_still_laughing__M36D0OJT_frame_5.jpg,06_18__outside_talking_still_laughing__M36D0OJT_frame_5.jpg,saved
train,fake,06_18__outside_talking_still_laughing__M36D0OJT_frame_6.jpg,06_18__outside_talking_still_laughing__M36D0OJT_frame_6.jpg,saved
train,fake,06_18__outside_talking_still_laughing__M36D0OJT_frame_7.jpg,06_18__outside_talking_still_laughing__M36D0OJT_frame_7.jpg,saved
train,fake,06_18__outside_talking_still_laughing__M36D0OJT_frame_8.jpg,06_18__outside_talking_still_laughing__M36D0OJT_frame_8.jpg,saved
train,fake,06_18__outside_talking_still_laughing__M36D0OJT_frame_9.jpg,06_18__outside_talking_still_laughing__M36D0OJT_frame_9.jpg,saved
train,fake,06_18__walk_down_hall_angry__LH0KWJKM_frame_0.jpg,06_18__walk_down_hall_angry__LH0KWJKM_frame_0.jpg,saved
train,fake,06_18__walk_down_hall_angry__LH0KWJKM_frame_1.jpg,06_18__walk_down_hall_angry__LH0KWJKM_frame_1.jpg,saved
train,fake,06_18__walk_down_hall_angry__LH0KWJKM_frame_2.jpg,06_18__walk_down_hall_angry__LH0KWJKM_frame_2.jpg,saved
train,fake,06_18__walk_down_hall_angry__LH0KWJKM_frame_3.jpg,06_18__walk_down_hall_angry__LH0KWJKM_frame_3.jpg,saved
train,fake,06_18__walk_down_hall_angry__LH0KWJKM_frame_4.jpg,06_18__walk_down_hall_angry__LH0KWJKM_frame_4.jpg,saved
train,fake,06_18__walk_down_hall_angry__LH0KWJKM_frame_5.jpg,06_18__walk_down_hall_angry__LH0KWJKM_frame_5.jpg,saved
train,fake,06_18__walk_down_hall_angry__LH0KWJKM_frame_6.jpg,06_18__walk_down_hall_angry__LH0KWJKM_frame_6.jpg,saved
train,fake,06_18__walk_down_hall_angry__LH0KWJKM_frame_7.jpg,06_18__walk_down_hall_angry__LH0KWJKM_frame_7.jpg,saved
train,fake,06_18__walk_down_hall_angry__LH0KWJKM_frame_8.jpg,06_18__walk_down_hall_angry__LH0KWJKM_frame_8.jpg,saved
train,fake,06_18__walk_down_hall_angry__LH0KWJKM_frame_9.jpg,06_18__walk_down_hall_angry__LH0KWJKM_frame_9.jpg,saved
train,fake,06_20__kitchen_pan__6SUW7063_frame_0.jpg,06_20__kitchen_pan__6SUW7063_frame_0.jpg,saved
train,fake,06_20__kitchen_pan__6SUW7063_frame_1.jpg,06_20__kitchen_pan__6SUW7063_frame_1.jpg,saved
train,fake,06_20__kitchen_pan__6SUW7063_frame_2.jpg,06_20__kitchen_pan__6SUW7063_frame_2.jpg,saved
train,fake,06_20__kitchen_pan__6SUW7063_frame_3.jpg,06_20__kitchen_pan__6SUW7063_frame_3.jpg,saved
train,fake,06_20__kitchen_pan__6SUW7063_frame_4.jpg,06_20__kitchen_pan__6SUW7063_frame_4.jpg,saved
train,fake,06_20__kitchen_pan__6SUW7063_frame_5.jpg,06_20__kitchen_pan__6SUW7063_frame_5.jpg,saved
train,fake,06_20__kitchen_pan__6SUW7063_frame_6.jpg,06_20__kitchen_pan__6SUW7063_frame_6.jpg,saved
train,fake,06_20__kitchen_pan__6SUW7063_frame_7.jpg,06_20__kitchen_pan__6SUW7063_frame_7.jpg,saved
train,fake,06_20__kitchen_pan__6SUW7063_frame_8.jpg,06_20__kitchen_pan__6SUW7063_frame_8.jpg,saved
train,fake,06_20__kitchen_pan__6SUW7063_frame_9.jpg,06_20__kitchen_pan__6SUW7063_frame_9.jpg,saved
train,fake,06_25__talking_angry_couch__MI9BDQ7M_frame_0.jpg,06_25__talking_angry_couch__MI9BDQ7M_frame_0.jpg,saved
train,fake,06_25__talking_angry_couch__MI9BDQ7M_frame_1.jpg,06_25__talking_angry_couch__MI9BDQ7M_frame_1.jpg,saved
train,fake,06_25__talking_angry_couch__MI9BDQ7M_frame_2.jpg,06_25__talking_angry_couch__MI9BDQ7M_frame_2.jpg,saved
train,fake,06_25__talking_angry_couch__MI9BDQ7M_frame_3.jpg,06_25__talking_angry_couch__MI9BDQ7M_frame_3.jpg,saved
train,fake,06_25__talking_angry_couch__MI9BDQ7M_frame_4.jpg,06_25__talking_angry_couch__MI9BDQ7M_frame_4.jpg,saved
train,fake,06_25__talking_angry_couch__MI9BDQ7M_frame_5.jpg,06_25__talking_angry_couch__MI9BDQ7M_frame_5.jpg,saved
train,fake,06_25__talking_angry_couch__MI9BDQ7M_frame_6.jpg,06_25__talking_angry_couch__MI9BDQ7M_frame_6.jpg,saved
train,fake,06_25__talking_angry_couch__MI9BDQ7M_frame_7.jpg,06_25__talking_angry_couch__MI9BDQ7M_frame_7.jpg,saved
train,fake,06_25__talking_angry_couch__MI9BDQ7M_frame_8.jpg,06_25__talking_angry_couch__MI9BDQ7M_frame_8.jpg,saved
train,fake,06_25__talking_angry_couch__MI9BDQ7M_frame_9.jpg,06_25__talking_angry_couch__MI9BDQ7M_frame_9.jpg,saved
train,fake,06_25__walking_and_outside_surprised__MI9BDQ7M_frame_0.jpg,06_25__walking_and_outside_surprised__MI9BDQ7M_frame_0.jpg,saved
train,fake,06_25__walking_and_outside_surprised__MI9BDQ7M_frame_1.jpg,06_25__walking_and_outside_surprised__MI9BDQ7M_frame_1.jpg,saved
train,fake,06_25__walking_and_outside_surprised__MI9BDQ7M_frame_2.jpg,06_25__walking_and_outside_surprised__MI9BDQ7M_frame_2.jpg,saved
train,fake,06_25__walking_and_outside_surprised__MI9BDQ7M_frame_3.jpg,06_25__walking_and_outside_surprised__MI9BDQ7M_frame_3.jpg,saved
train,fake,06_25__walking_and_outside_surprised__MI9BDQ7M_frame_4.jpg,06_25__walking_and_outside_surprised__MI9BDQ7M_frame_4.jpg,saved
train,fake,06_25__walking_and_outside_surprised__MI9BDQ7M_frame_5.jpg,06_25__walking_and_outside_surprised__MI9BDQ7M_frame_5.jpg,saved
train,fake,06_25__walking_and_outside_surprised__MI9BDQ7M_frame_6.jpg,06_25__walking_and_outside_surprised__MI9BDQ7M_frame_6.jpg,saved
train,fake,06_25__walking_and_outside_surprised__MI9BDQ7M_frame_7.jpg,06_25__walking_and_outside_surprised__MI9BDQ7M_frame_7.jpg,saved
train,fake,06_25__walking_and_outside_surprised__MI9BDQ7M_frame_8.jpg,06_25__walking_and_outside_surprised__MI9BDQ7M_frame_8.jpg,saved
train,fake,06_25__walking_and_outside_surprised__MI9BDQ7M_frame_9.jpg,06_25__walking_and_outside_surprised__MI9BDQ7M_frame_9.jpg,saved
train,fake,06_26__kitchen_pan__L5BVR5L9_frame_0.jpg,06_26__kitchen_pan__L5BVR5L9_frame_0.jpg,saved
train,fake,06_26__kitchen_pan__L5BVR5L9_frame_1.jpg,06_26__kitchen_pan__L5BVR5L9_frame_1.jpg,saved
train,fake,06_26__kitchen_pan__L5BVR5L9_frame_2.jpg,06_26__kitchen_pan__L5BVR5L9_frame_2.jpg,saved
train,fake,06_26__kitchen_pan__L5BVR5L9_frame_3.jpg,06_26__kitchen_pan__L5BVR5L9_frame_3.jpg,saved
train,fake,06_26__kitchen_pan__L5BVR5L9_frame_4.jpg,06_26__kitchen_pan__L5BVR5L9_frame_4.jpg,saved
train,fake,06_26__kitchen_pan__L5BVR5L9_frame_5.jpg,06_26__kitchen_pan__L5BVR5L9_frame_5.jpg,saved
train,fake,06_26__kitchen_pan__L5BVR5L9_frame_6.jpg,06_26__kitchen_pan__L5BVR5L9_frame_6.jpg,saved
train,fake,06_26__kitchen_pan__L5BVR5L9_frame_7.jpg,06_26__kitchen_pan__L5BVR5L9_frame_7.jpg,saved
train,fake,06_26__kitchen_pan__L5BVR5L9_frame_8.jpg,06_26__kitchen_pan__L5BVR5L9_frame_8.jpg,saved
train,fake,06_26__kitchen_pan__L5BVR5L9_frame_9.jpg,06_26__kitchen_pan__L5BVR5L9_frame_9.jpg,saved
train,fake,06_27__walking_and_outside_surprised__O7L5Z9U8_frame_0.jpg,06_27__walking_and_outside_surprised__O7L5Z9U8_frame_0.jpg,saved
train,fake,06_27__walking_and_outside_surprised__O7L5Z9U8_frame_1.jpg,06_27__walking_and_outside_surprised__O7L5Z9U8_frame_1.jpg,saved
train,fake,06_27__walking_and_outside_surprised__O7L5Z9U8_frame_2.jpg,06_27__walking_and_outside_surprised__O7L5Z9U8_frame_2.jpg,saved
train,fake,06_27__walking_and_outside_surprised__O7L5Z9U8_frame_3.jpg,06_27__walking_and_outside_surprised__O7L5Z9U8_frame_3.jpg,saved
train,fake,06_27__walking_and_outside_surprised__O7L5Z9U8_frame_4.jpg,06_27__walking_and_outside_surprised__O7L5Z9U8_frame_4.jpg,saved
train,fake,06_27__walking_and_outside_surprised__O7L5Z9U8_frame_5.jpg,06_27__walking_and_outside_surprised__O7L5Z9U8_frame_5.jpg,saved
train,fake,06_27__walking_and_outside_surprised__O7L5Z9U8_frame_6.jpg,06_27__walking_and_outside_surprised__O7L5Z9U8_frame_6.jpg,saved
train,fake,06_27__walking_and_outside_surprised__O7L5Z9U8_frame_7.jpg,06_27__walking_and_outside_surprised__O7L5Z9U8_frame_7.jpg,saved
train,fake,06_27__walking_and_outside_surprised__O7L5Z9U8_frame_8.jpg,06_27__walking_and_outside_surprised__O7L5Z9U8_frame_8.jpg,saved
train,fake,06_27__walking_and_outside_surprised__O7L5Z9U8_frame_9.jpg,06_27__walking_and_outside_surprised__O7L5Z9U8_frame_9.jpg,saved
train,fake,07_02__talking_angry_couch__1H07DFQJ_frame_0.jpg,07_02__talking_angry_couch__1H07DFQJ_frame_0.jpg,saved
train,fake,07_02__talking_angry_couch__1H07DFQJ_frame_1.jpg,07_02__talking_angry_couch__1H07DFQJ_frame_1.jpg,saved
train,fake,07_02__talking_angry_couch__1H07DFQJ_frame_2.jpg,07_02__talking_angry_couch__1H07DFQJ_frame_2.jpg,saved
train,fake,07_02__talking_angry_couch__1H07DFQJ_frame_3.jpg,07_02__talking_angry_couch__1H07DFQJ_frame_3.jpg,saved
train,fake,07_02__talking_angry_couch__1H07DFQJ_frame_4.jpg,07_02__talking_angry_couch__1H07DFQJ_frame_4.jpg,saved
train,fake,07_02__talking_angry_couch__1H07DFQJ_frame_5.jpg,07_02__talking_angry_couch__1H07DFQJ_frame_5.jpg,saved
train,fake,07_02__talking_angry_couch__1H07DFQJ_frame_6.jpg,07_02__talking_angry_couch__1H07DFQJ_frame_6.jpg,saved
train,fake,07_02__talking_angry_couch__1H07DFQJ_frame_7.jpg,07_02__talking_angry_couch__1H07DFQJ_frame_7.jpg,saved
train,fake,07_02__talking_angry_couch__1H07DFQJ_frame_8.jpg,07_02__talking_angry_couch__1H07DFQJ_frame_8.jpg,saved
train,fake,07_02__talking_angry_couch__1H07DFQJ_frame_9.jpg,07_02__talking_angry_couch__1H07DFQJ_frame_9.jpg,saved
train,fake,07_02__walking_down_street_outside_angry__O4SXNLRL_frame_0.jpg,07_02__walking_down_street_outside_angry__O4SXNLRL_frame_0.jpg,saved
train,fake,07_02__walking_down_street_outside_angry__O4SXNLRL_frame_1.jpg,07_02__walking_down_street_outside_angry__O4SXNLRL_frame_1.jpg,saved
train,fake,07_02__walking_down_street_outside_angry__O4SXNLRL_frame_2.jpg,07_02__walking_down_street_outside_angry__O4SXNLRL_frame_2.jpg,saved
train,fake,07_02__walking_down_street_outside_angry__O4SXNLRL_frame_3.jpg,07_02__walking_down_street_outside_angry__O4SXNLRL_frame_3.jpg,saved
train,fake,07_02__walking_down_street_outside_angry__O4SXNLRL_frame_4.jpg,07_02__walking_down_street_outside_angry__O4SXNLRL_frame_4.jpg,saved
train,fake,07_02__walking_down_street_outside_angry__O4SXNLRL_frame_5.jpg,07_02__walking_down_street_outside_angry__O4SXNLRL_frame_5.jpg,saved
train,fake,07_02__walking_down_street_outside_angry__O4SXNLRL_frame_6.jpg,07_02__walking_down_street_outside_angry__O4SXNLRL_frame_6.jpg,saved
train,fake,07_02__walking_down_street_outside_angry__O4SXNLRL_frame_7.jpg,07_02__walking_down_street_outside_angry__O4SXNLRL_frame_7.jpg,saved
train,fake,07_02__walking_down_street_outside_angry__O4SXNLRL_frame_8.jpg,07_02__walking_down_street_outside_angry__O4SXNLRL_frame_8.jpg,saved
train,fake,07_02__walking_down_street_outside_angry__O4SXNLRL_frame_9.jpg,07_02__walking_down_street_outside_angry__O4SXNLRL_frame_9.jpg,saved
train,fake,07_03__podium_speech_happy__6PHZRQ4H_frame_0.jpg,07_03__podium_speech_happy__6PHZRQ4H_frame_0.jpg,saved
train,fake,07_03__podium_speech_happy__6PHZRQ4H_frame_1.jpg,07_03__podium_speech_happy__6PHZRQ4H_frame_1.jpg,saved
train,fake,07_03__podium_speech_happy__6PHZRQ4H_frame_2.jpg,07_03__podium_speech_happy__6PHZRQ4H_frame_2.jpg,saved
train,fake,07_03__podium_speech_happy__6PHZRQ4H_frame_3.jpg,07_03__podium_speech_happy__6PHZRQ4H_frame_3.jpg,saved
train,fake,07_03__podium_speech_happy__6PHZRQ4H_frame_4.jpg,07_03__podium_speech_happy__6PHZRQ4H_frame_4.jpg,saved
train,fake,07_03__podium_speech_happy__6PHZRQ4H_frame_5.jpg,07_03__podium_speech_happy__6PHZRQ4H_frame_5.jpg,saved
train,fake,07_03__podium_speech_happy__6PHZRQ4H_frame_6.jpg,07_03__podium_speech_happy__6PHZRQ4H_frame_6.jpg,saved
train,fake,07_03__podium_speech_happy__6PHZRQ4H_frame_7.jpg,07_03__podium_speech_happy__6PHZRQ4H_frame_7.jpg,saved
train,fake,07_03__podium_speech_happy__6PHZRQ4H_frame_8.jpg,07_03__podium_speech_happy__6PHZRQ4H_frame_8.jpg,saved
train,fake,07_03__podium_speech_happy__6PHZRQ4H_frame_9.jpg,07_03__podium_speech_happy__6PHZRQ4H_frame_9.jpg,saved
train,fake,07_03__talking_angry_couch__WPT3Z2KN_frame_0.jpg,07_03__talking_angry_couch__WPT3Z2KN_frame_0.jpg,saved
train,fake,07_03__talking_angry_couch__WPT3Z2KN_frame_1.jpg,07_03__talking_angry_couch__WPT3Z2KN_frame_1.jpg,saved
train,fake,07_03__talking_angry_couch__WPT3Z2KN_frame_2.jpg,07_03__talking_angry_couch__WPT3Z2KN_frame_2.jpg,saved
train,fake,07_03__talking_angry_couch__WPT3Z2KN_frame_3.jpg,07_03__talking_angry_couch__WPT3Z2KN_frame_3.jpg,saved
train,fake,07_03__talking_angry_couch__WPT3Z2KN_frame_4.jpg,07_03__talking_angry_couch__WPT3Z2KN_frame_4.jpg,saved
train,fake,07_03__talking_angry_couch__WPT3Z2KN_frame_5.jpg,07_03__talking_angry_couch__WPT3Z2KN_frame_5.jpg,saved
train,fake,07_03__talking_angry_couch__WPT3Z2KN_frame_6.jpg,07_03__talking_angry_couch__WPT3Z2KN_frame_6.jpg,saved
train,fake,07_03__talking_angry_couch__WPT3Z2KN_frame_7.jpg,07_03__talking_angry_couch__WPT3Z2KN_frame_7.jpg,saved
train,fake,07_03__talking_angry_couch__WPT3Z2KN_frame_8.jpg,07_03__talking_angry_couch__WPT3Z2KN_frame_8.jpg,saved
train,fake,07_03__talking_angry_couch__WPT3Z2KN_frame_9.jpg,07_03__talking_angry_couch__WPT3Z2KN_frame_9.jpg,saved
train,fake,07_03__walking_outside_cafe_disgusted__F0YYEA5W_frame_0.jpg,07_03__walking_outside_cafe_disgusted__F0YYEA5W_frame_0.jpg,saved
train,fake,07_03__walking_outside_cafe_disgusted__F0YYEA5W_frame_1.jpg,07_03__walking_outside_cafe_disgusted__F0YYEA5W_frame_1.jpg,saved
train,fake,07_03__walking_outside_cafe_disgusted__F0YYEA5W_frame_2.jpg,07_03__walking_outside_cafe_disgusted__F0YYEA5W_frame_2.jpg,saved
train,fake,07_03__walking_outside_cafe_disgusted__F0YYEA5W_frame_3.jpg,07_03__walking_outside_cafe_disgusted__F0YYEA5W_frame_3.jpg,saved
train,fake,07_03__walking_outside_cafe_disgusted__F0YYEA5W_frame_4.jpg,07_03__walking_outside_cafe_disgusted__F0YYEA5W_frame_4.jpg,saved
train,fake,07_03__walking_outside_cafe_disgusted__F0YYEA5W_frame_5.jpg,07_03__walking_outside_cafe_disgusted__F0YYEA5W_frame_5.jpg,saved
train,fake,07_03__walking_outside_cafe_disgusted__F0YYEA5W_frame_6.jpg,07_03__walking_outside_cafe_disgusted__F0YYEA5W_frame_6.jpg,saved
train,fake,07_03__walking_outside_cafe_disgusted__F0YYEA5W_frame_7.jpg,07_03__walking_outside_cafe_disgusted__F0YYEA5W_frame_7.jpg,saved
train,fake,07_03__walking_outside_cafe_disgusted__F0YYEA5W_frame_8.jpg,07_03__walking_outside_cafe_disgusted__F0YYEA5W_frame_8.jpg,saved
train,fake,07_03__walking_outside_cafe_disgusted__F0YYEA5W_frame_9.jpg,07_03__walking_outside_cafe_disgusted__F0YYEA5W_frame_9.jpg,saved
train,fake,07_06__kitchen_pan__NMGYPBXE_frame_0.jpg,07_06__kitchen_pan__NMGYPBXE_frame_0.jpg,saved
train,fake,07_06__kitchen_pan__NMGYPBXE_frame_1.jpg,07_06__kitchen_pan__NMGYPBXE_frame_1.jpg,saved
train,fake,07_06__kitchen_pan__NMGYPBXE_frame_2.jpg,07_06__kitchen_pan__NMGYPBXE_frame_2.jpg,saved
train,fake,07_06__kitchen_pan__NMGYPBXE_frame_3.jpg,07_06__kitchen_pan__NMGYPBXE_frame_3.jpg,saved
train,fake,07_06__kitchen_pan__NMGYPBXE_frame_4.jpg,07_06__kitchen_pan__NMGYPBXE_frame_4.jpg,saved
train,fake,07_06__kitchen_pan__NMGYPBXE_frame_5.jpg,07_06__kitchen_pan__NMGYPBXE_frame_5.jpg,saved
train,fake,07_06__kitchen_pan__NMGYPBXE_frame_6.jpg,07_06__kitchen_pan__NMGYPBXE_frame_6.jpg,saved
train,fake,07_06__kitchen_pan__NMGYPBXE_frame_7.jpg,07_06__kitchen_pan__NMGYPBXE_frame_7.jpg,saved
train,fake,07_06__kitchen_pan__NMGYPBXE_frame_8.jpg,07_06__kitchen_pan__NMGYPBXE_frame_8.jpg,saved
train,fake,07_06__kitchen_pan__NMGYPBXE_frame_9.jpg,07_06__kitchen_pan__NMGYPBXE_frame_9.jpg,saved
train,fake,07_06__walking_down_street_outside_angry__NMGYPBXE_frame_0.jpg,07_06__walking_down_street_outside_angry__NMGYPBXE_frame_0.jpg,saved
train,fake,07_06__walking_down_street_outside_angry__NMGYPBXE_frame_1.jpg,07_06__walking_down_street_outside_angry__NMGYPBXE_frame_1.jpg,saved
train,fake,07_06__walking_down_street_outside_angry__NMGYPBXE_frame_2.jpg,07_06__walking_down_street_outside_angry__NMGYPBXE_frame_2.jpg,saved
train,fake,07_06__walking_down_street_outside_angry__NMGYPBXE_frame_3.jpg,07_06__walking_down_street_outside_angry__NMGYPBXE_frame_3.jpg,saved
train,fake,07_06__walking_down_street_outside_angry__NMGYPBXE_frame_4.jpg,07_06__walking_down_street_outside_angry__NMGYPBXE_frame_4.jpg,saved
train,fake,07_06__walking_down_street_outside_angry__NMGYPBXE_frame_5.jpg,07_06__walking_down_street_outside_angry__NMGYPBXE_frame_5.jpg,saved
train,fake,07_06__walking_down_street_outside_angry__NMGYPBXE_frame_6.jpg,07_06__walking_down_street_outside_angry__NMGYPBXE_frame_6.jpg,saved
train,fake,07_06__walking_down_street_outside_angry__NMGYPBXE_frame_7.jpg,07_06__walking_down_street_outside_angry__NMGYPBXE_frame_7.jpg,saved
train,fake,07_06__walking_down_street_outside_angry__NMGYPBXE_frame_8.jpg,07_06__walking_down_street_outside_angry__NMGYPBXE_frame_8.jpg,saved
train,fake,07_06__walking_down_street_outside_angry__NMGYPBXE_frame_9.jpg,07_06__walking_down_street_outside_angry__NMGYPBXE_frame_9.jpg,saved
train,fake,07_09__outside_talking_still_laughing__N9CWME71_frame_0.jpg,07_09__outside_talking_still_laughing__N9CWME71_frame_0.jpg,saved
train,fake,07_09__outside_talking_still_laughing__N9CWME71_frame_1.jpg,07_09__outside_talking_still_laughing__N9CWME71_frame_1.jpg,saved
train,fake,07_09__outside_talking_still_laughing__N9CWME71_frame_2.jpg,07_09__outside_talking_still_laughing__N9CWME71_frame_2.jpg,saved
train,fake,07_09__outside_talking_still_laughing__N9CWME71_frame_3.jpg,07_09__outside_talking_still_laughing__N9CWME71_frame_3.jpg,saved
train,fake,07_09__outside_talking_still_laughing__N9CWME71_frame_4.jpg,07_09__outside_talking_still_laughing__N9CWME71_frame_4.jpg,saved
train,fake,07_09__outside_talking_still_laughing__N9CWME71_frame_5.jpg,07_09__outside_talking_still_laughing__N9CWME71_frame_5.jpg,saved
train,fake,07_09__outside_talking_still_laughing__N9CWME71_frame_6.jpg,07_09__outside_talking_still_laughing__N9CWME71_frame_6.jpg,saved
train,fake,07_09__outside_talking_still_laughing__N9CWME71_frame_7.jpg,07_09__outside_talking_still_laughing__N9CWME71_frame_7.jpg,saved
train,fake,07_09__outside_talking_still_laughing__N9CWME71_frame_8.jpg,07_09__outside_talking_still_laughing__N9CWME71_frame_8.jpg,saved
train,fake,07_09__outside_talking_still_laughing__N9CWME71_frame_9.jpg,07_09__outside_talking_still_laughing__N9CWME71_frame_9.jpg,saved
train,fake,07_09__walk_down_hall_angry__N9CWME71_frame_0.jpg,07_09__walk_down_hall_angry__N9CWME71_frame_0.jpg,saved
train,fake,07_09__walk_down_hall_angry__N9CWME71_frame_1.jpg,07_09__walk_down_hall_angry__N9CWME71_frame_1.jpg,saved
train,fake,07_09__walk_down_hall_angry__N9CWME71_frame_2.jpg,07_09__walk_down_hall_angry__N9CWME71_frame_2.jpg,saved
train,fake,07_09__walk_down_hall_angry__N9CWME71_frame_3.jpg,07_09__walk_down_hall_angry__N9CWME71_frame_3.jpg,saved
train,fake,07_09__walk_down_hall_angry__N9CWME71_frame_4.jpg,07_09__walk_down_hall_angry__N9CWME71_frame_4.jpg,saved
train,fake,07_09__walk_down_hall_angry__N9CWME71_frame_5.jpg,07_09__walk_down_hall_angry__N9CWME71_frame_5.jpg,saved
train,fake,07_09__walk_down_hall_angry__N9CWME71_frame_6.jpg,07_09__walk_down_hall_angry__N9CWME71_frame_6.jpg,saved
train,fake,07_09__walk_down_hall_angry__N9CWME71_frame_7.jpg,07_09__walk_down_hall_angry__N9CWME71_frame_7.jpg,saved
train,fake,07_09__walk_down_hall_angry__N9CWME71_frame_8.jpg,07_09__walk_down_hall_angry__N9CWME71_frame_8.jpg,saved
train,fake,07_09__walk_down_hall_angry__N9CWME71_frame_9.jpg,07_09__walk_down_hall_angry__N9CWME71_frame_9.jpg,saved
train,fake,07_12__outside_talking_still_laughing__0VN0A2T3_frame_0.jpg,07_12__outside_talking_still_laughing__0VN0A2T3_frame_0.jpg,saved
train,fake,07_12__outside_talking_still_laughing__0VN0A2T3_frame_1.jpg,07_12__outside_talking_still_laughing__0VN0A2T3_frame_1.jpg,saved
train,fake,07_12__outside_talking_still_laughing__0VN0A2T3_frame_2.jpg,07_12__outside_talking_still_laughing__0VN0A2T3_frame_2.jpg,saved
train,fake,07_12__outside_talking_still_laughing__0VN0A2T3_frame_3.jpg,07_12__outside_talking_still_laughing__0VN0A2T3_frame_3.jpg,saved
train,fake,07_12__outside_talking_still_laughing__0VN0A2T3_frame_4.jpg,07_12__outside_talking_still_laughing__0VN0A2T3_frame_4.jpg,saved
train,fake,07_12__outside_talking_still_laughing__0VN0A2T3_frame_5.jpg,07_12__outside_talking_still_laughing__0VN0A2T3_frame_5.jpg,saved
train,fake,07_12__outside_talking_still_laughing__0VN0A2T3_frame_6.jpg,07_12__outside_talking_still_laughing__0VN0A2T3_frame_6.jpg,saved
train,fake,07_12__outside_talking_still_laughing__0VN0A2T3_frame_7.jpg,07_12__outside_talking_still_laughing__0VN0A2T3_frame_7.jpg,saved
train,fake,07_12__outside_talking_still_laughing__0VN0A2T3_frame_8.jpg,07_12__outside_talking_still_laughing__0VN0A2T3_frame_8.jpg,saved
train,fake,07_12__outside_talking_still_laughing__0VN0A2T3_frame_9.jpg,07_12__outside_talking_still_laughing__0VN0A2T3_frame_9.jpg,saved
train,fake,07_13__walking_outside_cafe_disgusted__RVQCPCJF_frame_0.jpg,07_13__walking_outside_cafe_disgusted__RVQCPCJF_frame_0.jpg,saved
train,fake,07_13__walking_outside_cafe_disgusted__RVQCPCJF_frame_1.jpg,07_13__walking_outside_cafe_disgusted__RVQCPCJF_frame_1.jpg,saved
train,fake,07_13__walking_outside_cafe_disgusted__RVQCPCJF_frame_2.jpg,07_13__walking_outside_cafe_disgusted__RVQCPCJF_frame_2.jpg,saved
train,fake,07_13__walking_outside_cafe_disgusted__RVQCPCJF_frame_3.jpg,07_13__walking_outside_cafe_disgusted__RVQCPCJF_frame_3.jpg,saved
train,fake,07_13__walking_outside_cafe_disgusted__RVQCPCJF_frame_4.jpg,07_13__walking_outside_cafe_disgusted__RVQCPCJF_frame_4.jpg,saved
train,fake,07_13__walking_outside_cafe_disgusted__RVQCPCJF_frame_5.jpg,07_13__walking_outside_cafe_disgusted__RVQCPCJF_frame_5.jpg,saved
train,fake,07_13__walking_outside_cafe_disgusted__RVQCPCJF_frame_6.jpg,07_13__walking_outside_cafe_disgusted__RVQCPCJF_frame_6.jpg,saved
train,fake,07_13__walking_outside_cafe_disgusted__RVQCPCJF_frame_7.jpg,07_13__walking_outside_cafe_disgusted__RVQCPCJF_frame_7.jpg,saved
train,fake,07_13__walking_outside_cafe_disgusted__RVQCPCJF_frame_8.jpg,07_13__walking_outside_cafe_disgusted__RVQCPCJF_frame_8.jpg,saved
train,fake,07_13__walking_outside_cafe_disgusted__RVQCPCJF_frame_9.jpg,07_13__walking_outside_cafe_disgusted__RVQCPCJF_frame_9.jpg,saved
train,fake,07_14__exit_phone_room__P9QFO50U_frame_0.jpg,07_14__exit_phone_room__P9QFO50U_frame_0.jpg,saved
train,fake,07_14__exit_phone_room__P9QFO50U_frame_1.jpg,07_14__exit_phone_room__P9QFO50U_frame_1.jpg,saved
train,fake,07_14__exit_phone_room__P9QFO50U_frame_2.jpg,07_14__exit_phone_room__P9QFO50U_frame_2.jpg,saved
train,fake,07_14__exit_phone_room__P9QFO50U_frame_3.jpg,07_14__exit_phone_room__P9QFO50U_frame_3.jpg,saved
train,fake,07_14__exit_phone_room__P9QFO50U_frame_4.jpg,07_14__exit_phone_room__P9QFO50U_frame_4.jpg,saved
train,fake,07_14__exit_phone_room__P9QFO50U_frame_5.jpg,07_14__exit_phone_room__P9QFO50U_frame_5.jpg,saved
train,fake,07_14__exit_phone_room__P9QFO50U_frame_6.jpg,07_14__exit_phone_room__P9QFO50U_frame_6.jpg,saved
train,fake,07_14__exit_phone_room__P9QFO50U_frame_7.jpg,07_14__exit_phone_room__P9QFO50U_frame_7.jpg,saved
train,fake,07_14__exit_phone_room__P9QFO50U_frame_8.jpg,07_14__exit_phone_room__P9QFO50U_frame_8.jpg,saved
train,fake,07_14__exit_phone_room__P9QFO50U_frame_9.jpg,07_14__exit_phone_room__P9QFO50U_frame_9.jpg,saved
train,fake,07_14__talking_against_wall__P9QFO50U_frame_0.jpg,07_14__talking_against_wall__P9QFO50U_frame_0.jpg,saved
train,fake,07_14__talking_against_wall__P9QFO50U_frame_1.jpg,07_14__talking_against_wall__P9QFO50U_frame_1.jpg,saved
train,fake,07_14__talking_against_wall__P9QFO50U_frame_2.jpg,07_14__talking_against_wall__P9QFO50U_frame_2.jpg,saved
train,fake,07_14__talking_against_wall__P9QFO50U_frame_3.jpg,07_14__talking_against_wall__P9QFO50U_frame_3.jpg,saved
train,fake,07_14__talking_against_wall__P9QFO50U_frame_4.jpg,07_14__talking_against_wall__P9QFO50U_frame_4.jpg,saved
train,fake,07_14__talking_against_wall__P9QFO50U_frame_5.jpg,07_14__talking_against_wall__P9QFO50U_frame_5.jpg,saved
train,fake,07_14__talking_against_wall__P9QFO50U_frame_6.jpg,07_14__talking_against_wall__P9QFO50U_frame_6.jpg,saved
train,fake,07_14__talking_against_wall__P9QFO50U_frame_7.jpg,07_14__talking_against_wall__P9QFO50U_frame_7.jpg,saved
train,fake,07_14__talking_against_wall__P9QFO50U_frame_8.jpg,07_14__talking_against_wall__P9QFO50U_frame_8.jpg,saved
train,fake,07_14__talking_against_wall__P9QFO50U_frame_9.jpg,07_14__talking_against_wall__P9QFO50U_frame_9.jpg,saved
train,fake,07_15__hugging_happy__9Z2MLKVX_frame_0.jpg,07_15__hugging_happy__9Z2MLKVX_frame_0.jpg,saved
train,fake,07_15__hugging_happy__9Z2MLKVX_frame_1.jpg,07_15__hugging_happy__9Z2MLKVX_frame_1.jpg,saved
train,fake,07_15__hugging_happy__9Z2MLKVX_frame_2.jpg,07_15__hugging_happy__9Z2MLKVX_frame_2.jpg,saved
train,fake,07_15__hugging_happy__9Z2MLKVX_frame_3.jpg,07_15__hugging_happy__9Z2MLKVX_frame_3.jpg,saved
train,fake,07_15__hugging_happy__9Z2MLKVX_frame_4.jpg,07_15__hugging_happy__9Z2MLKVX_frame_4.jpg,saved
train,fake,07_15__hugging_happy__9Z2MLKVX_frame_5.jpg,07_15__hugging_happy__9Z2MLKVX_frame_5.jpg,saved
train,fake,07_15__hugging_happy__9Z2MLKVX_frame_6.jpg,07_15__hugging_happy__9Z2MLKVX_frame_6.jpg,saved
train,fake,07_15__hugging_happy__9Z2MLKVX_frame_7.jpg,07_15__hugging_happy__9Z2MLKVX_frame_7.jpg,saved
train,fake,07_15__hugging_happy__9Z2MLKVX_frame_8.jpg,07_15__hugging_happy__9Z2MLKVX_frame_8.jpg,saved
train,fake,07_15__hugging_happy__9Z2MLKVX_frame_9.jpg,07_15__hugging_happy__9Z2MLKVX_frame_9.jpg,saved
train,fake,07_20__outside_talking_pan_laughing__KV6Q7D6C_frame_0.jpg,07_20__outside_talking_pan_laughing__KV6Q7D6C_frame_0.jpg,saved
train,fake,07_20__outside_talking_pan_laughing__KV6Q7D6C_frame_1.jpg,07_20__outside_talking_pan_laughing__KV6Q7D6C_frame_1.jpg,saved
train,fake,07_20__outside_talking_pan_laughing__KV6Q7D6C_frame_2.jpg,07_20__outside_talking_pan_laughing__KV6Q7D6C_frame_2.jpg,saved
train,fake,07_20__outside_talking_pan_laughing__KV6Q7D6C_frame_3.jpg,07_20__outside_talking_pan_laughing__KV6Q7D6C_frame_3.jpg,saved
train,fake,07_20__outside_talking_pan_laughing__KV6Q7D6C_frame_4.jpg,07_20__outside_talking_pan_laughing__KV6Q7D6C_frame_4.jpg,saved
train,fake,07_20__outside_talking_pan_laughing__KV6Q7D6C_frame_5.jpg,07_20__outside_talking_pan_laughing__KV6Q7D6C_frame_5.jpg,saved
train,fake,07_20__outside_talking_pan_laughing__KV6Q7D6C_frame_6.jpg,07_20__outside_talking_pan_laughing__KV6Q7D6C_frame_6.jpg,saved
train,fake,07_20__outside_talking_pan_laughing__KV6Q7D6C_frame_7.jpg,07_20__outside_talking_pan_laughing__KV6Q7D6C_frame_7.jpg,saved
train,fake,07_20__outside_talking_pan_laughing__KV6Q7D6C_frame_8.jpg,07_20__outside_talking_pan_laughing__KV6Q7D6C_frame_8.jpg,saved
train,fake,07_20__outside_talking_pan_laughing__KV6Q7D6C_frame_9.jpg,07_20__outside_talking_pan_laughing__KV6Q7D6C_frame_9.jpg,saved
train,fake,07_20__talking_against_wall__KV6Q7D6C_frame_0.jpg,07_20__talking_against_wall__KV6Q7D6C_frame_0.jpg,saved
train,fake,07_20__talking_against_wall__KV6Q7D6C_frame_1.jpg,07_20__talking_against_wall__KV6Q7D6C_frame_1.jpg,saved
train,fake,07_20__talking_against_wall__KV6Q7D6C_frame_2.jpg,07_20__talking_against_wall__KV6Q7D6C_frame_2.jpg,saved
train,fake,07_20__talking_against_wall__KV6Q7D6C_frame_3.jpg,07_20__talking_against_wall__KV6Q7D6C_frame_3.jpg,saved
train,fake,07_20__talking_against_wall__KV6Q7D6C_frame_4.jpg,07_20__talking_against_wall__KV6Q7D6C_frame_4.jpg,saved
train,fake,07_20__talking_against_wall__KV6Q7D6C_frame_5.jpg,07_20__talking_against_wall__KV6Q7D6C_frame_5.jpg,saved
train,fake,07_20__talking_against_wall__KV6Q7D6C_frame_6.jpg,07_20__talking_against_wall__KV6Q7D6C_frame_6.jpg,saved
train,fake,07_20__talking_against_wall__KV6Q7D6C_frame_7.jpg,07_20__talking_against_wall__KV6Q7D6C_frame_7.jpg,saved
train,fake,07_20__talking_against_wall__KV6Q7D6C_frame_8.jpg,07_20__talking_against_wall__KV6Q7D6C_frame_8.jpg,saved
train,fake,07_20__talking_against_wall__KV6Q7D6C_frame_9.jpg,07_20__talking_against_wall__KV6Q7D6C_frame_9.jpg,saved
train,fake,07_25__walk_down_hall_angry__PAE9HCA8_frame_0.jpg,07_25__walk_down_hall_angry__PAE9HCA8_frame_0.jpg,saved
train,fake,07_25__walk_down_hall_angry__PAE9HCA8_frame_1.jpg,07_25__walk_down_hall_angry__PAE9HCA8_frame_1.jpg,saved
train,fake,07_25__walk_down_hall_angry__PAE9HCA8_frame_2.jpg,07_25__walk_down_hall_angry__PAE9HCA8_frame_2.jpg,saved
train,fake,07_25__walk_down_hall_angry__PAE9HCA8_frame_3.jpg,07_25__walk_down_hall_angry__PAE9HCA8_frame_3.jpg,saved
train,fake,07_25__walk_down_hall_angry__PAE9HCA8_frame_4.jpg,07_25__walk_down_hall_angry__PAE9HCA8_frame_4.jpg,saved
train,fake,07_25__walk_down_hall_angry__PAE9HCA8_frame_5.jpg,07_25__walk_down_hall_angry__PAE9HCA8_frame_5.jpg,saved
train,fake,07_25__walk_down_hall_angry__PAE9HCA8_frame_6.jpg,07_25__walk_down_hall_angry__PAE9HCA8_frame_6.jpg,saved
train,fake,07_25__walk_down_hall_angry__PAE9HCA8_frame_7.jpg,07_25__walk_down_hall_angry__PAE9HCA8_frame_7.jpg,saved
train,fake,07_25__walk_down_hall_angry__PAE9HCA8_frame_8.jpg,07_25__walk_down_hall_angry__PAE9HCA8_frame_8.jpg,saved
train,fake,07_25__walk_down_hall_angry__PAE9HCA8_frame_9.jpg,07_25__walk_down_hall_angry__PAE9HCA8_frame_9.jpg,saved
train,fake,07_26__walk_down_hall_angry__FGNGC2GT_frame_0.jpg,07_26__walk_down_hall_angry__FGNGC2GT_frame_0.jpg,saved
train,fake,07_26__walk_down_hall_angry__FGNGC2GT_frame_1.jpg,07_26__walk_down_hall_angry__FGNGC2GT_frame_1.jpg,saved
train,fake,07_26__walk_down_hall_angry__FGNGC2GT_frame_2.jpg,07_26__walk_down_hall_angry__FGNGC2GT_frame_2.jpg,saved
train,fake,07_26__walk_down_hall_angry__FGNGC2GT_frame_3.jpg,07_26__walk_down_hall_angry__FGNGC2GT_frame_3.jpg,saved
train,fake,07_26__walk_down_hall_angry__FGNGC2GT_frame_4.jpg,07_26__walk_down_hall_angry__FGNGC2GT_frame_4.jpg,saved
train,fake,07_26__walk_down_hall_angry__FGNGC2GT_frame_5.jpg,07_26__walk_down_hall_angry__FGNGC2GT_frame_5.jpg,saved
train,fake,07_26__walk_down_hall_angry__FGNGC2GT_frame_6.jpg,07_26__walk_down_hall_angry__FGNGC2GT_frame_6.jpg,saved
train,fake,07_26__walk_down_hall_angry__FGNGC2GT_frame_7.jpg,07_26__walk_down_hall_angry__FGNGC2GT_frame_7.jpg,saved
train,fake,07_26__walk_down_hall_angry__FGNGC2GT_frame_8.jpg,07_26__walk_down_hall_angry__FGNGC2GT_frame_8.jpg,saved
train,fake,07_26__walk_down_hall_angry__FGNGC2GT_frame_9.jpg,07_26__walk_down_hall_angry__FGNGC2GT_frame_9.jpg,saved
train,fake,07_26__walking_down_street_outside_angry__FGNGC2GT_frame_0.jpg,07_26__walking_down_street_outside_angry__FGNGC2GT_frame_0.jpg,saved
train,fake,07_26__walking_down_street_outside_angry__FGNGC2GT_frame_1.jpg,07_26__walking_down_street_outside_angry__FGNGC2GT_frame_1.jpg,saved
train,fake,07_26__walking_down_street_outside_angry__FGNGC2GT_frame_2.jpg,07_26__walking_down_street_outside_angry__FGNGC2GT_frame_2.jpg,saved
train,fake,07_26__walking_down_street_outside_angry__FGNGC2GT_frame_3.jpg,07_26__walking_down_street_outside_angry__FGNGC2GT_frame_3.jpg,saved
train,fake,07_26__walking_down_street_outside_angry__FGNGC2GT_frame_4.jpg,07_26__walking_down_street_outside_angry__FGNGC2GT_frame_4.jpg,saved
train,fake,07_26__walking_down_street_outside_angry__FGNGC2GT_frame_5.jpg,07_26__walking_down_street_outside_angry__FGNGC2GT_frame_5.jpg,saved
train,fake,07_26__walking_down_street_outside_angry__FGNGC2GT_frame_6.jpg,07_26__walking_down_street_outside_angry__FGNGC2GT_frame_6.jpg,saved
train,fake,07_26__walking_down_street_outside_angry__FGNGC2GT_frame_7.jpg,07_26__walking_down_street_outside_angry__FGNGC2GT_frame_7.jpg,saved
train,fake,07_26__walking_down_street_outside_angry__FGNGC2GT_frame_8.jpg,07_26__walking_down_street_outside_angry__FGNGC2GT_frame_8.jpg,saved
train,fake,07_26__walking_down_street_outside_angry__FGNGC2GT_frame_9.jpg,07_26__walking_down_street_outside_angry__FGNGC2GT_frame_9.jpg,saved
train,fake,07_27__walking_down_street_outside_angry__3RH5PR6S_frame_0.jpg,07_27__walking_down_street_outside_angry__3RH5PR6S_frame_0.jpg,saved
train,fake,07_27__walking_down_street_outside_angry__3RH5PR6S_frame_1.jpg,07_27__walking_down_street_outside_angry__3RH5PR6S_frame_1.jpg,saved
train,fake,07_27__walking_down_street_outside_angry__3RH5PR6S_frame_2.jpg,07_27__walking_down_street_outside_angry__3RH5PR6S_frame_2.jpg,saved
train,fake,07_27__walking_down_street_outside_angry__3RH5PR6S_frame_3.jpg,07_27__walking_down_street_outside_angry__3RH5PR6S_frame_3.jpg,saved
train,fake,07_27__walking_down_street_outside_angry__3RH5PR6S_frame_4.jpg,07_27__walking_down_street_outside_angry__3RH5PR6S_frame_4.jpg,saved
train,fake,07_27__walking_down_street_outside_angry__3RH5PR6S_frame_5.jpg,07_27__walking_down_street_outside_angry__3RH5PR6S_frame_5.jpg,saved
train,fake,07_27__walking_down_street_outside_angry__3RH5PR6S_frame_6.jpg,07_27__walking_down_street_outside_angry__3RH5PR6S_frame_6.jpg,saved
train,fake,07_27__walking_down_street_outside_angry__3RH5PR6S_frame_7.jpg,07_27__walking_down_street_outside_angry__3RH5PR6S_frame_7.jpg,saved
train,fake,07_27__walking_down_street_outside_angry__3RH5PR6S_frame_8.jpg,07_27__walking_down_street_outside_angry__3RH5PR6S_frame_8.jpg,saved
train,fake,07_27__walking_down_street_outside_angry__3RH5PR6S_frame_9.jpg,07_27__walking_down_street_outside_angry__3RH5PR6S_frame_9.jpg,saved
train,fake,08_05__walk_down_hall_angry__FBICSP2C_frame_0.jpg,08_05__walk_down_hall_angry__FBICSP2C_frame_0.jpg,saved
train,fake,08_05__walk_down_hall_angry__FBICSP2C_frame_1.jpg,08_05__walk_down_hall_angry__FBICSP2C_frame_1.jpg,saved
train,fake,08_05__walk_down_hall_angry__FBICSP2C_frame_2.jpg,08_05__walk_down_hall_angry__FBICSP2C_frame_2.jpg,saved
train,fake,08_05__walk_down_hall_angry__FBICSP2C_frame_3.jpg,08_05__walk_down_hall_angry__FBICSP2C_frame_3.jpg,saved
train,fake,08_05__walk_down_hall_angry__FBICSP2C_frame_4.jpg,08_05__walk_down_hall_angry__FBICSP2C_frame_4.jpg,saved
train,fake,08_05__walk_down_hall_angry__FBICSP2C_frame_5.jpg,08_05__walk_down_hall_angry__FBICSP2C_frame_5.jpg,saved
train,fake,08_05__walk_down_hall_angry__FBICSP2C_frame_6.jpg,08_05__walk_down_hall_angry__FBICSP2C_frame_6.jpg,saved
train,fake,08_05__walk_down_hall_angry__FBICSP2C_frame_7.jpg,08_05__walk_down_hall_angry__FBICSP2C_frame_7.jpg,saved
train,fake,08_05__walk_down_hall_angry__FBICSP2C_frame_8.jpg,08_05__walk_down_hall_angry__FBICSP2C_frame_8.jpg,saved
train,fake,08_05__walk_down_hall_angry__FBICSP2C_frame_9.jpg,08_05__walk_down_hall_angry__FBICSP2C_frame_9.jpg,saved
train,fake,08_28__outside_talking_pan_laughing__8BC35RFU_frame_0.jpg,08_28__outside_talking_pan_laughing__8BC35RFU_frame_0.jpg,saved
train,fake,08_28__outside_talking_pan_laughing__8BC35RFU_frame_1.jpg,08_28__outside_talking_pan_laughing__8BC35RFU_frame_1.jpg,saved
train,fake,08_28__outside_talking_pan_laughing__8BC35RFU_frame_2.jpg,08_28__outside_talking_pan_laughing__8BC35RFU_frame_2.jpg,saved
train,fake,08_28__outside_talking_pan_laughing__8BC35RFU_frame_3.jpg,08_28__outside_talking_pan_laughing__8BC35RFU_frame_3.jpg,saved
train,fake,08_28__outside_talking_pan_laughing__8BC35RFU_frame_4.jpg,08_28__outside_talking_pan_laughing__8BC35RFU_frame_4.jpg,saved
train,fake,08_28__outside_talking_pan_laughing__8BC35RFU_frame_5.jpg,08_28__outside_talking_pan_laughing__8BC35RFU_frame_5.jpg,saved
train,fake,08_28__outside_talking_pan_laughing__8BC35RFU_frame_6.jpg,08_28__outside_talking_pan_laughing__8BC35RFU_frame_6.jpg,saved
train,fake,08_28__outside_talking_pan_laughing__8BC35RFU_frame_7.jpg,08_28__outside_talking_pan_laughing__8BC35RFU_frame_7.jpg,saved
train,fake,08_28__outside_talking_pan_laughing__8BC35RFU_frame_8.jpg,08_28__outside_talking_pan_laughing__8BC35RFU_frame_8.jpg,saved
train,fake,08_28__outside_talking_pan_laughing__8BC35RFU_frame_9.jpg,08_28__outside_talking_pan_laughing__8BC35RFU_frame_9.jpg,saved
train,fake,09_01__talking_against_wall__O8HNNX43_frame_0.jpg,09_01__talking_against_wall__O8HNNX43_frame_0.jpg,saved
train,fake,09_01__talking_against_wall__O8HNNX43_frame_1.jpg,09_01__talking_against_wall__O8HNNX43_frame_1.jpg,saved
train,fake,09_01__talking_against_wall__O8HNNX43_frame_2.jpg,09_01__talking_against_wall__O8HNNX43_frame_2.jpg,saved
train,fake,09_01__talking_against_wall__O8HNNX43_frame_3.jpg,09_01__talking_against_wall__O8HNNX43_frame_3.jpg,saved
train,fake,09_01__talking_against_wall__O8HNNX43_frame_4.jpg,09_01__talking_against_wall__O8HNNX43_frame_4.jpg,saved
train,fake,09_01__talking_against_wall__O8HNNX43_frame_5.jpg,09_01__talking_against_wall__O8HNNX43_frame_5.jpg,saved
train,fake,09_01__talking_against_wall__O8HNNX43_frame_6.jpg,09_01__talking_against_wall__O8HNNX43_frame_6.jpg,saved
train,fake,09_01__talking_against_wall__O8HNNX43_frame_7.jpg,09_01__talking_against_wall__O8HNNX43_frame_7.jpg,saved
train,fake,09_01__talking_against_wall__O8HNNX43_frame_8.jpg,09_01__talking_against_wall__O8HNNX43_frame_8.jpg,saved
train,fake,09_01__talking_against_wall__O8HNNX43_frame_9.jpg,09_01__talking_against_wall__O8HNNX43_frame_9.jpg,saved
train,fake,09_01__walk_down_hall_angry__6TSGVLHA_frame_0.jpg,09_01__walk_down_hall_angry__6TSGVLHA_frame_0.jpg,saved
train,fake,09_01__walk_down_hall_angry__6TSGVLHA_frame_1.jpg,09_01__walk_down_hall_angry__6TSGVLHA_frame_1.jpg,saved
train,fake,09_01__walk_down_hall_angry__6TSGVLHA_frame_2.jpg,09_01__walk_down_hall_angry__6TSGVLHA_frame_2.jpg,saved
train,fake,09_01__walk_down_hall_angry__6TSGVLHA_frame_3.jpg,09_01__walk_down_hall_angry__6TSGVLHA_frame_3.jpg,saved
train,fake,09_01__walk_down_hall_angry__6TSGVLHA_frame_4.jpg,09_01__walk_down_hall_angry__6TSGVLHA_frame_4.jpg,saved
train,fake,09_01__walk_down_hall_angry__6TSGVLHA_frame_5.jpg,09_01__walk_down_hall_angry__6TSGVLHA_frame_5.jpg,saved
train,fake,09_01__walk_down_hall_angry__6TSGVLHA_frame_6.jpg,09_01__walk_down_hall_angry__6TSGVLHA_frame_6.jpg,saved
train,fake,09_01__walk_down_hall_angry__6TSGVLHA_frame_7.jpg,09_01__walk_down_hall_angry__6TSGVLHA_frame_7.jpg,saved
train,fake,09_01__walk_down_hall_angry__6TSGVLHA_frame_8.jpg,09_01__walk_down_hall_angry__6TSGVLHA_frame_8.jpg,saved
train,fake,09_01__walk_down_hall_angry__6TSGVLHA_frame_9.jpg,09_01__walk_down_hall_angry__6TSGVLHA_frame_9.jpg,saved
train,fake,09_02__walking_down_street_outside_angry__6KUOFMZW_frame_0.jpg,09_02__walking_down_street_outside_angry__6KUOFMZW_frame_0.jpg,saved
train,fake,09_02__walking_down_street_outside_angry__6KUOFMZW_frame_1.jpg,09_02__walking_down_street_outside_angry__6KUOFMZW_frame_1.jpg,saved
train,fake,09_02__walking_down_street_outside_angry__6KUOFMZW_frame_2.jpg,09_02__walking_down_street_outside_angry__6KUOFMZW_frame_2.jpg,saved
train,fake,09_02__walking_down_street_outside_angry__6KUOFMZW_frame_3.jpg,09_02__walking_down_street_outside_angry__6KUOFMZW_frame_3.jpg,saved
train,fake,09_02__walking_down_street_outside_angry__6KUOFMZW_frame_4.jpg,09_02__walking_down_street_outside_angry__6KUOFMZW_frame_4.jpg,saved
train,fake,09_02__walking_down_street_outside_angry__6KUOFMZW_frame_5.jpg,09_02__walking_down_street_outside_angry__6KUOFMZW_frame_5.jpg,saved
train,fake,09_02__walking_down_street_outside_angry__6KUOFMZW_frame_6.jpg,09_02__walking_down_street_outside_angry__6KUOFMZW_frame_6.jpg,saved
train,fake,09_02__walking_down_street_outside_angry__6KUOFMZW_frame_7.jpg,09_02__walking_down_street_outside_angry__6KUOFMZW_frame_7.jpg,saved
train,fake,09_02__walking_down_street_outside_angry__6KUOFMZW_frame_8.jpg,09_02__walking_down_street_outside_angry__6KUOFMZW_frame_8.jpg,saved
train,fake,09_02__walking_down_street_outside_angry__6KUOFMZW_frame_9.jpg,09_02__walking_down_street_outside_angry__6KUOFMZW_frame_9.jpg,saved
train,fake,09_03__kitchen_pan__8DTEGQ54_frame_0.jpg,09_03__kitchen_pan__8DTEGQ54_frame_0.jpg,saved
train,fake,09_03__kitchen_pan__8DTEGQ54_frame_1.jpg,09_03__kitchen_pan__8DTEGQ54_frame_1.jpg,saved
train,fake,09_03__kitchen_pan__8DTEGQ54_frame_2.jpg,09_03__kitchen_pan__8DTEGQ54_frame_2.jpg,saved
train,fake,09_03__kitchen_pan__8DTEGQ54_frame_3.jpg,09_03__kitchen_pan__8DTEGQ54_frame_3.jpg,saved
train,fake,09_03__kitchen_pan__8DTEGQ54_frame_4.jpg,09_03__kitchen_pan__8DTEGQ54_frame_4.jpg,saved
train,fake,09_03__kitchen_pan__8DTEGQ54_frame_5.jpg,09_03__kitchen_pan__8DTEGQ54_frame_5.jpg,saved
train,fake,09_03__kitchen_pan__8DTEGQ54_frame_6.jpg,09_03__kitchen_pan__8DTEGQ54_frame_6.jpg,saved
train,fake,09_03__kitchen_pan__8DTEGQ54_frame_7.jpg,09_03__kitchen_pan__8DTEGQ54_frame_7.jpg,saved
train,fake,09_03__kitchen_pan__8DTEGQ54_frame_8.jpg,09_03__kitchen_pan__8DTEGQ54_frame_8.jpg,saved
train,fake,09_03__kitchen_pan__8DTEGQ54_frame_9.jpg,09_03__kitchen_pan__8DTEGQ54_frame_9.jpg,saved
train,fake,09_07__kitchen_pan__N9CWME71_frame_0.jpg,09_07__kitchen_pan__N9CWME71_frame_0.jpg,saved
train,fake,09_07__kitchen_pan__N9CWME71_frame_1.jpg,09_07__kitchen_pan__N9CWME71_frame_1.jpg,saved
train,fake,09_07__kitchen_pan__N9CWME71_frame_2.jpg,09_07__kitchen_pan__N9CWME71_frame_2.jpg,saved
train,fake,09_07__kitchen_pan__N9CWME71_frame_3.jpg,09_07__kitchen_pan__N9CWME71_frame_3.jpg,saved
train,fake,09_07__kitchen_pan__N9CWME71_frame_4.jpg,09_07__kitchen_pan__N9CWME71_frame_4.jpg,saved
train,fake,09_07__kitchen_pan__N9CWME71_frame_5.jpg,09_07__kitchen_pan__N9CWME71_frame_5.jpg,saved
train,fake,09_07__kitchen_pan__N9CWME71_frame_6.jpg,09_07__kitchen_pan__N9CWME71_frame_6.jpg,saved
train,fake,09_07__kitchen_pan__N9CWME71_frame_7.jpg,09_07__kitchen_pan__N9CWME71_frame_7.jpg,saved
train,fake,09_07__kitchen_pan__N9CWME71_frame_8.jpg,09_07__kitchen_pan__N9CWME71_frame_8.jpg,saved
train,fake,09_07__kitchen_pan__N9CWME71_frame_9.jpg,09_07__kitchen_pan__N9CWME71_frame_9.jpg,saved
train,fake,09_13__outside_talking_pan_laughing__LPT427RY_frame_0.jpg,09_13__outside_talking_pan_laughing__LPT427RY_frame_0.jpg,saved
train,fake,09_13__outside_talking_pan_laughing__LPT427RY_frame_1.jpg,09_13__outside_talking_pan_laughing__LPT427RY_frame_1.jpg,saved
train,fake,09_13__outside_talking_pan_laughing__LPT427RY_frame_2.jpg,09_13__outside_talking_pan_laughing__LPT427RY_frame_2.jpg,saved
train,fake,09_13__outside_talking_pan_laughing__LPT427RY_frame_3.jpg,09_13__outside_talking_pan_laughing__LPT427RY_frame_3.jpg,saved
train,fake,09_13__outside_talking_pan_laughing__LPT427RY_frame_4.jpg,09_13__outside_talking_pan_laughing__LPT427RY_frame_4.jpg,saved
train,fake,09_13__outside_talking_pan_laughing__LPT427RY_frame_5.jpg,09_13__outside_talking_pan_laughing__LPT427RY_frame_5.jpg,saved
train,fake,09_13__outside_talking_pan_laughing__LPT427RY_frame_6.jpg,09_13__outside_talking_pan_laughing__LPT427RY_frame_6.jpg,saved
train,fake,09_13__outside_talking_pan_laughing__LPT427RY_frame_7.jpg,09_13__outside_talking_pan_laughing__LPT427RY_frame_7.jpg,saved
train,fake,09_13__outside_talking_pan_laughing__LPT427RY_frame_8.jpg,09_13__outside_talking_pan_laughing__LPT427RY_frame_8.jpg,saved
train,fake,09_13__outside_talking_pan_laughing__LPT427RY_frame_9.jpg,09_13__outside_talking_pan_laughing__LPT427RY_frame_9.jpg,saved
train,fake,09_20__kitchen_pan__98NUQ3E6_frame_0.jpg,09_20__kitchen_pan__98NUQ3E6_frame_0.jpg,saved
train,fake,09_20__kitchen_pan__98NUQ3E6_frame_1.jpg,09_20__kitchen_pan__98NUQ3E6_frame_1.jpg,saved
train,fake,09_20__kitchen_pan__98NUQ3E6_frame_2.jpg,09_20__kitchen_pan__98NUQ3E6_frame_2.jpg,saved
train,fake,09_20__kitchen_pan__98NUQ3E6_frame_3.jpg,09_20__kitchen_pan__98NUQ3E6_frame_3.jpg,saved
train,fake,09_20__kitchen_pan__98NUQ3E6_frame_4.jpg,09_20__kitchen_pan__98NUQ3E6_frame_4.jpg,saved
train,fake,09_20__kitchen_pan__98NUQ3E6_frame_5.jpg,09_20__kitchen_pan__98NUQ3E6_frame_5.jpg,saved
train,fake,09_20__kitchen_pan__98NUQ3E6_frame_6.jpg,09_20__kitchen_pan__98NUQ3E6_frame_6.jpg,saved
train,fake,09_20__kitchen_pan__98NUQ3E6_frame_7.jpg,09_20__kitchen_pan__98NUQ3E6_frame_7.jpg,saved
train,fake,09_20__kitchen_pan__98NUQ3E6_frame_8.jpg,09_20__kitchen_pan__98NUQ3E6_frame_8.jpg,saved
train,fake,09_20__kitchen_pan__98NUQ3E6_frame_9.jpg,09_20__kitchen_pan__98NUQ3E6_frame_9.jpg,saved
train,fake,09_20__podium_speech_happy__O5X0AWR9_frame_0.jpg,09_20__podium_speech_happy__O5X0AWR9_frame_0.jpg,saved
train,fake,09_20__podium_speech_happy__O5X0AWR9_frame_1.jpg,09_20__podium_speech_happy__O5X0AWR9_frame_1.jpg,saved
train,fake,09_20__podium_speech_happy__O5X0AWR9_frame_2.jpg,09_20__podium_speech_happy__O5X0AWR9_frame_2.jpg,saved
train,fake,09_20__podium_speech_happy__O5X0AWR9_frame_3.jpg,09_20__podium_speech_happy__O5X0AWR9_frame_3.jpg,saved
train,fake,09_20__podium_speech_happy__O5X0AWR9_frame_4.jpg,09_20__podium_speech_happy__O5X0AWR9_frame_4.jpg,saved
train,fake,09_20__podium_speech_happy__O5X0AWR9_frame_5.jpg,09_20__podium_speech_happy__O5X0AWR9_frame_5.jpg,saved
train,fake,09_20__podium_speech_happy__O5X0AWR9_frame_6.jpg,09_20__podium_speech_happy__O5X0AWR9_frame_6.jpg,saved
train,fake,09_20__podium_speech_happy__O5X0AWR9_frame_7.jpg,09_20__podium_speech_happy__O5X0AWR9_frame_7.jpg,saved
train,fake,09_20__podium_speech_happy__O5X0AWR9_frame_8.jpg,09_20__podium_speech_happy__O5X0AWR9_frame_8.jpg,saved
train,fake,09_20__podium_speech_happy__O5X0AWR9_frame_9.jpg,09_20__podium_speech_happy__O5X0AWR9_frame_9.jpg,saved
train,fake,09_20__talking_angry_couch__0IRM5ADD_frame_0.jpg,09_20__talking_angry_couch__0IRM5ADD_frame_0.jpg,saved
train,fake,09_20__talking_angry_couch__0IRM5ADD_frame_1.jpg,09_20__talking_angry_couch__0IRM5ADD_frame_1.jpg,saved
train,fake,09_20__talking_angry_couch__0IRM5ADD_frame_2.jpg,09_20__talking_angry_couch__0IRM5ADD_frame_2.jpg,saved
train,fake,09_20__talking_angry_couch__0IRM5ADD_frame_3.jpg,09_20__talking_angry_couch__0IRM5ADD_frame_3.jpg,saved
train,fake,09_20__talking_angry_couch__0IRM5ADD_frame_4.jpg,09_20__talking_angry_couch__0IRM5ADD_frame_4.jpg,saved
train,fake,09_20__talking_angry_couch__0IRM5ADD_frame_5.jpg,09_20__talking_angry_couch__0IRM5ADD_frame_5.jpg,saved
train,fake,09_20__talking_angry_couch__0IRM5ADD_frame_6.jpg,09_20__talking_angry_couch__0IRM5ADD_frame_6.jpg,saved
train,fake,09_20__talking_angry_couch__0IRM5ADD_frame_7.jpg,09_20__talking_angry_couch__0IRM5ADD_frame_7.jpg,saved
train,fake,09_20__talking_angry_couch__0IRM5ADD_frame_8.jpg,09_20__talking_angry_couch__0IRM5ADD_frame_8.jpg,saved
train,fake,09_20__talking_angry_couch__0IRM5ADD_frame_9.jpg,09_20__talking_angry_couch__0IRM5ADD_frame_9.jpg,saved
train,fake,09_25__walking_down_street_outside_angry__5041ODBN_frame_0.jpg,09_25__walking_down_street_outside_angry__5041ODBN_frame_0.jpg,saved
train,fake,09_25__walking_down_street_outside_angry__5041ODBN_frame_1.jpg,09_25__walking_down_street_outside_angry__5041ODBN_frame_1.jpg,saved
train,fake,09_25__walking_down_street_outside_angry__5041ODBN_frame_2.jpg,09_25__walking_down_street_outside_angry__5041ODBN_frame_2.jpg,saved
train,fake,09_25__walking_down_street_outside_angry__5041ODBN_frame_3.jpg,09_25__walking_down_street_outside_angry__5041ODBN_frame_3.jpg,saved
train,fake,09_25__walking_down_street_outside_angry__5041ODBN_frame_4.jpg,09_25__walking_down_street_outside_angry__5041ODBN_frame_4.jpg,saved
train,fake,09_25__walking_down_street_outside_angry__5041ODBN_frame_5.jpg,09_25__walking_down_street_outside_angry__5041ODBN_frame_5.jpg,saved
train,fake,09_25__walking_down_street_outside_angry__5041ODBN_frame_6.jpg,09_25__walking_down_street_outside_angry__5041ODBN_frame_6.jpg,saved
train,fake,09_25__walking_down_street_outside_angry__5041ODBN_frame_7.jpg,09_25__walking_down_street_outside_angry__5041ODBN_frame_7.jpg,saved
train,fake,09_25__walking_down_street_outside_angry__5041ODBN_frame_8.jpg,09_25__walking_down_street_outside_angry__5041ODBN_frame_8.jpg,saved
train,fake,09_25__walking_down_street_outside_angry__5041ODBN_frame_9.jpg,09_25__walking_down_street_outside_angry__5041ODBN_frame_9.jpg,saved
train,fake,09_26__walk_down_hall_angry__QSE5A0GF_frame_0.jpg,09_26__walk_down_hall_angry__QSE5A0GF_frame_0.jpg,saved
train,fake,09_26__walk_down_hall_angry__QSE5A0GF_frame_1.jpg,09_26__walk_down_hall_angry__QSE5A0GF_frame_1.jpg,saved
train,fake,09_26__walk_down_hall_angry__QSE5A0GF_frame_2.jpg,09_26__walk_down_hall_angry__QSE5A0GF_frame_2.jpg,saved
train,fake,09_26__walk_down_hall_angry__QSE5A0GF_frame_3.jpg,09_26__walk_down_hall_angry__QSE5A0GF_frame_3.jpg,saved
train,fake,09_26__walk_down_hall_angry__QSE5A0GF_frame_4.jpg,09_26__walk_down_hall_angry__QSE5A0GF_frame_4.jpg,saved
train,fake,09_26__walk_down_hall_angry__QSE5A0GF_frame_5.jpg,09_26__walk_down_hall_angry__QSE5A0GF_frame_5.jpg,saved
train,fake,09_26__walk_down_hall_angry__QSE5A0GF_frame_6.jpg,09_26__walk_down_hall_angry__QSE5A0GF_frame_6.jpg,saved
train,fake,09_26__walk_down_hall_angry__QSE5A0GF_frame_7.jpg,09_26__walk_down_hall_angry__QSE5A0GF_frame_7.jpg,saved
train,fake,09_26__walk_down_hall_angry__QSE5A0GF_frame_8.jpg,09_26__walk_down_hall_angry__QSE5A0GF_frame_8.jpg,saved
train,fake,09_26__walk_down_hall_angry__QSE5A0GF_frame_9.jpg,09_26__walk_down_hall_angry__QSE5A0GF_frame_9.jpg,saved
train,fake,10_22__kitchen_pan__EHARPYBT_frame_0.jpg,10_22__kitchen_pan__EHARPYBT_frame_0.jpg,saved
train,fake,10_22__kitchen_pan__EHARPYBT_frame_1.jpg,10_22__kitchen_pan__EHARPYBT_frame_1.jpg,saved
train,fake,10_22__kitchen_pan__EHARPYBT_frame_2.jpg,10_22__kitchen_pan__EHARPYBT_frame_2.jpg,saved
train,fake,10_22__kitchen_pan__EHARPYBT_frame_3.jpg,10_22__kitchen_pan__EHARPYBT_frame_3.jpg,saved
train,fake,10_22__kitchen_pan__EHARPYBT_frame_4.jpg,10_22__kitchen_pan__EHARPYBT_frame_4.jpg,saved
train,fake,10_22__kitchen_pan__EHARPYBT_frame_5.jpg,10_22__kitchen_pan__EHARPYBT_frame_5.jpg,saved
train,fake,10_22__kitchen_pan__EHARPYBT_frame_6.jpg,10_22__kitchen_pan__EHARPYBT_frame_6.jpg,saved
train,fake,10_22__kitchen_pan__EHARPYBT_frame_7.jpg,10_22__kitchen_pan__EHARPYBT_frame_7.jpg,saved
train,fake,10_22__kitchen_pan__EHARPYBT_frame_8.jpg,10_22__kitchen_pan__EHARPYBT_frame_8.jpg,saved
train,fake,10_22__kitchen_pan__EHARPYBT_frame_9.jpg,10_22__kitchen_pan__EHARPYBT_frame_9.jpg,saved
train,fake,10_22__kitchen_still__EHARPYBT_frame_0.jpg,10_22__kitchen_still__EHARPYBT_frame_0.jpg,saved
train,fake,10_22__kitchen_still__EHARPYBT_frame_1.jpg,10_22__kitchen_still__EHARPYBT_frame_1.jpg,saved
train,fake,10_22__kitchen_still__EHARPYBT_frame_2.jpg,10_22__kitchen_still__EHARPYBT_frame_2.jpg,saved
train,fake,10_22__kitchen_still__EHARPYBT_frame_3.jpg,10_22__kitchen_still__EHARPYBT_frame_3.jpg,saved
train,fake,10_22__kitchen_still__EHARPYBT_frame_4.jpg,10_22__kitchen_still__EHARPYBT_frame_4.jpg,saved
train,fake,10_22__kitchen_still__EHARPYBT_frame_5.jpg,10_22__kitchen_still__EHARPYBT_frame_5.jpg,saved
train,fake,10_22__kitchen_still__EHARPYBT_frame_6.jpg,10_22__kitchen_still__EHARPYBT_frame_6.jpg,saved
train,fake,10_22__kitchen_still__EHARPYBT_frame_7.jpg,10_22__kitchen_still__EHARPYBT_frame_7.jpg,saved
train,fake,10_22__kitchen_still__EHARPYBT_frame_8.jpg,10_22__kitchen_still__EHARPYBT_frame_8.jpg,saved
train,fake,10_22__kitchen_still__EHARPYBT_frame_9.jpg,10_22__kitchen_still__EHARPYBT_frame_9.jpg,saved
val,real,01__hugging_happy_frame_0.jpg,01__hugging_happy_frame_0.jpg,saved
val,real,01__hugging_happy_frame_1.jpg,01__hugging_happy_frame_1.jpg,saved
val,real,01__hugging_happy_frame_2.jpg,01__hugging_happy_frame_2.jpg,saved
val,real,01__hugging_happy_frame_3.jpg,01__hugging_happy_frame_3.jpg,saved
val,real,01__hugging_happy_frame_4.jpg,01__hugging_happy_frame_4.jpg,saved
val,real,01__hugging_happy_frame_5.jpg,01__hugging_happy_frame_5.jpg,saved
val,real,01__hugging_happy_frame_6.jpg,01__hugging_happy_frame_6.jpg,saved
val,real,01__hugging_happy_frame_7.jpg,01__hugging_happy_frame_7.jpg,saved
val,real,01__hugging_happy_frame_8.jpg,01__hugging_happy_frame_8.jpg,saved
val,real,01__hugging_happy_frame_9.jpg,01__hugging_happy_frame_9.jpg,saved
val,real,01__walk_down_hall_angry_frame_0.jpg,01__walk_down_hall_angry_frame_0.jpg,saved
val,real,01__walk_down_hall_angry_frame_1.jpg,01__walk_down_hall_angry_frame_1.jpg,saved
val,real,01__walk_down_hall_angry_frame_2.jpg,01__walk_down_hall_angry_frame_2.jpg,saved
val,real,01__walk_down_hall_angry_frame_3.jpg,01__walk_down_hall_angry_frame_3.jpg,saved
val,real,01__walk_down_hall_angry_frame_4.jpg,01__walk_down_hall_angry_frame_4.jpg,saved
val,real,01__walk_down_hall_angry_frame_5.jpg,01__walk_down_hall_angry_frame_5.jpg,saved
val,real,01__walk_down_hall_angry_frame_6.jpg,01__walk_down_hall_angry_frame_6.jpg,saved
val,real,01__walk_down_hall_angry_frame_7.jpg,01__walk_down_hall_angry_frame_7.jpg,saved
val,real,01__walk_down_hall_angry_frame_8.jpg,01__walk_down_hall_angry_frame_8.jpg,saved
val,real,01__walk_down_hall_angry_frame_9.jpg,01__walk_down_hall_angry_frame_9.jpg,saved
val,real,02__hugging_happy_frame_0.jpg,02__hugging_happy_frame_0.jpg,saved
val,real,02__hugging_happy_frame_1.jpg,02__hugging_happy_frame_1.jpg,saved
val,real,02__hugging_happy_frame_2.jpg,02__hugging_happy_frame_2.jpg,saved
val,real,02__hugging_happy_frame_3.jpg,02__hugging_happy_frame_3.jpg,saved
val,real,02__hugging_happy_frame_4.jpg,02__hugging_happy_frame_4.jpg,saved
val,real,02__hugging_happy_frame_5.jpg,02__hugging_happy_frame_5.jpg,saved
val,real,02__hugging_happy_frame_6.jpg,02__hugging_happy_frame_6.jpg,saved
val,real,02__hugging_happy_frame_7.jpg,02__hugging_happy_frame_7.jpg,saved
val,real,02__hugging_happy_frame_8.jpg,02__hugging_happy_frame_8.jpg,saved
val,real,02__hugging_happy_frame_9.jpg,02__hugging_happy_frame_9.jpg,saved
val,real,02__meeting_serious_frame_0.jpg,02__meeting_serious_frame_0.jpg,saved
val,real,02__meeting_serious_frame_1.jpg,02__meeting_serious_frame_1.jpg,saved
val,real,02__meeting_serious_frame_2.jpg,02__meeting_serious_frame_2.jpg,saved
val,real,02__meeting_serious_frame_3.jpg,02__meeting_serious_frame_3.jpg,saved
val,real,02__meeting_serious_frame_4.jpg,02__meeting_serious_frame_4.jpg,saved
val,real,02__meeting_serious_frame_5.jpg,02__meeting_serious_frame_5.jpg,saved
val,real,02__meeting_serious_frame_6.jpg,02__meeting_serious_frame_6.jpg,saved
val,real,02__meeting_serious_frame_7.jpg,02__meeting_serious_frame_7.jpg,saved
val,real,02__meeting_serious_frame_8.jpg,02__meeting_serious_frame_8.jpg,saved
val,real,02__meeting_serious_frame_9.jpg,02__meeting_serious_frame_9.jpg,saved
val,real,02__secret_conversation_frame_0.jpg,02__secret_conversation_frame_0.jpg,saved
val,real,02__secret_conversation_frame_1.jpg,02__secret_conversation_frame_1.jpg,saved
val,real,02__secret_conversation_frame_2.jpg,02__secret_conversation_frame_2.jpg,saved
val,real,02__secret_conversation_frame_3.jpg,02__secret_conversation_frame_3.jpg,saved
val,real,02__secret_conversation_frame_4.jpg,02__secret_conversation_frame_4.jpg,saved
val,real,02__secret_conversation_frame_5.jpg,02__secret_conversation_frame_5.jpg,saved
val,real,02__secret_conversation_frame_6.jpg,02__secret_conversation_frame_6.jpg,saved
val,real,02__secret_conversation_frame_7.jpg,02__secret_conversation_frame_7.jpg,saved
val,real,02__secret_conversation_frame_8.jpg,02__secret_conversation_frame_8.jpg,saved
val,real,02__secret_conversation_frame_9.jpg,02__secret_conversation_frame_9.jpg,saved
val,real,02__walking_outside_cafe_disgusted_frame_0.jpg,02__walking_outside_cafe_disgusted_frame_0.jpg,no face detected
val,real,02__walking_outside_cafe_disgusted_frame_1.jpg,02__walking_outside_cafe_disgusted_frame_1.jpg,saved
val,real,02__walking_outside_cafe_disgusted_frame_2.jpg,02__walking_outside_cafe_disgusted_frame_2.jpg,saved
val,real,02__walking_outside_cafe_disgusted_frame_3.jpg,02__walking_outside_cafe_disgusted_frame_3.jpg,saved
val,real,02__walking_outside_cafe_disgusted_frame_4.jpg,02__walking_outside_cafe_disgusted_frame_4.jpg,saved
val,real,02__walking_outside_cafe_disgusted_frame_5.jpg,02__walking_outside_cafe_disgusted_frame_5.jpg,saved
val,real,02__walking_outside_cafe_disgusted_frame_6.jpg,02__walking_outside_cafe_disgusted_frame_6.jpg,saved
val,real,02__walking_outside_cafe_disgusted_frame_7.jpg,02__walking_outside_cafe_disgusted_frame_7.jpg,saved
val,real,02__walking_outside_cafe_disgusted_frame_8.jpg,02__walking_outside_cafe_disgusted_frame_8.jpg,saved
val,real,02__walking_outside_cafe_disgusted_frame_9.jpg,02__walking_outside_cafe_disgusted_frame_9.jpg,saved
val,real,03__podium_speech_happy_frame_0.jpg,03__podium_speech_happy_frame_0.jpg,saved
val,real,03__podium_speech_happy_frame_1.jpg,03__podium_speech_happy_frame_1.jpg,saved
val,real,03__podium_speech_happy_frame_2.jpg,03__podium_speech_happy_frame_2.jpg,saved
val,real,03__podium_speech_happy_frame_3.jpg,03__podium_speech_happy_frame_3.jpg,saved
val,real,03__podium_speech_happy_frame_4.jpg,03__podium_speech_happy_frame_4.jpg,saved
val,real,03__podium_speech_happy_frame_5.jpg,03__podium_speech_happy_frame_5.jpg,saved
val,real,03__podium_speech_happy_frame_6.jpg,03__podium_speech_happy_frame_6.jpg,saved
val,real,03__podium_speech_happy_frame_7.jpg,03__podium_speech_happy_frame_7.jpg,saved
val,real,03__podium_speech_happy_frame_8.jpg,03__podium_speech_happy_frame_8.jpg,saved
val,real,03__podium_speech_happy_frame_9.jpg,03__podium_speech_happy_frame_9.jpg,saved
val,real,03__secret_conversation_frame_0.jpg,03__secret_conversation_frame_0.jpg,saved
val,real,03__secret_conversation_frame_1.jpg,03__secret_conversation_frame_1.jpg,saved
val,real,03__secret_conversation_frame_2.jpg,03__secret_conversation_frame_2.jpg,saved
val,real,03__secret_conversation_frame_3.jpg,03__secret_conversation_frame_3.jpg,saved
val,real,03__secret_conversation_frame_4.jpg,03__secret_conversation_frame_4.jpg,saved
val,real,03__secret_conversation_frame_5.jpg,03__secret_conversation_frame_5.jpg,saved
val,real,03__secret_conversation_frame_6.jpg,03__secret_conversation_frame_6.jpg,saved
val,real,03__secret_conversation_frame_7.jpg,03__secret_conversation_frame_7.jpg,saved
val,real,03__secret_conversation_frame_8.jpg,03__secret_conversation_frame_8.jpg,saved
val,real,03__secret_conversation_frame_9.jpg,03__secret_conversation_frame_9.jpg,saved
val,real,04__kitchen_pan_frame_0.jpg,04__kitchen_pan_frame_0.jpg,no face detected
val,real,04__kitchen_pan_frame_1.jpg,04__kitchen_pan_frame_1.jpg,saved
val,real,04__kitchen_pan_frame_2.jpg,04__kitchen_pan_frame_2.jpg,saved
val,real,04__kitchen_pan_frame_3.jpg,04__kitchen_pan_frame_3.jpg,saved
val,real,04__kitchen_pan_frame_4.jpg,04__kitchen_pan_frame_4.jpg,saved
val,real,04__kitchen_pan_frame_5.jpg,04__kitchen_pan_frame_5.jpg,saved
val,real,04__kitchen_pan_frame_6.jpg,04__kitchen_pan_frame_6.jpg,saved
val,real,04__kitchen_pan_frame_7.jpg,04__kitchen_pan_frame_7.jpg,saved
val,real,04__kitchen_pan_frame_8.jpg,04__kitchen_pan_frame_8.jpg,saved
val,real,04__kitchen_pan_frame_9.jpg,04__kitchen_pan_frame_9.jpg,no face detected
val,real,04__walking_down_street_outside_angry_frame_0.jpg,04__walking_down_street_outside_angry_frame_0.jpg,saved
val,real,04__walking_down_street_outside_angry_frame_1.jpg,04__walking_down_street_outside_angry_frame_1.jpg,saved
val,real,04__walking_down_street_outside_angry_frame_2.jpg,04__walking_down_street_outside_angry_frame_2.jpg,saved
val,real,04__walking_down_street_outside_angry_frame_3.jpg,04__walking_down_street_outside_angry_frame_3.jpg,saved
val,real,04__walking_down_street_outside_angry_frame_4.jpg,04__walking_down_street_outside_angry_frame_4.jpg,saved
val,real,04__walking_down_street_outside_angry_frame_5.jpg,04__walking_down_street_outside_angry_frame_5.jpg,saved
val,real,04__walking_down_street_outside_angry_frame_6.jpg,04__walking_down_street_outside_angry_frame_6.jpg,saved
val,real,04__walking_down_street_outside_angry_frame_7.jpg,04__walking_down_street_outside_angry_frame_7.jpg,saved
val,real,04__walking_down_street_outside_angry_frame_8.jpg,04__walking_down_street_outside_angry_frame_8.jpg,saved
val,real,04__walking_down_street_outside_angry_frame_9.jpg,04__walking_down_street_outside_angry_frame_9.jpg,no face detected
val,real,05__talking_against_wall_frame_0.jpg,05__talking_against_wall_frame_0.jpg,saved
val,real,05__talking_against_wall_frame_1.jpg,05__talking_against_wall_frame_1.jpg,saved
val,real,05__talking_against_wall_frame_2.jpg,05__talking_against_wall_frame_2.jpg,saved
val,real,05__talking_against_wall_frame_3.jpg,05__talking_against_wall_frame_3.jpg,saved
val,real,05__talking_against_wall_frame_4.jpg,05__talking_against_wall_frame_4.jpg,saved
val,real,05__talking_against_wall_frame_5.jpg,05__talking_against_wall_frame_5.jpg,saved
val,real,05__talking_against_wall_frame_6.jpg,05__talking_against_wall_frame_6.jpg,saved
val,real,05__talking_against_wall_frame_7.jpg,05__talking_against_wall_frame_7.jpg,saved
val,real,05__talking_against_wall_frame_8.jpg,05__talking_against_wall_frame_8.jpg,saved
val,real,05__talking_against_wall_frame_9.jpg,05__talking_against_wall_frame_9.jpg,saved
val,real,06__exit_phone_room_frame_0.jpg,06__exit_phone_room_frame_0.jpg,saved
val,real,06__exit_phone_room_frame_1.jpg,06__exit_phone_room_frame_1.jpg,saved
val,real,06__exit_phone_room_frame_2.jpg,06__exit_phone_room_frame_2.jpg,saved
val,real,06__exit_phone_room_frame_3.jpg,06__exit_phone_room_frame_3.jpg,saved
val,real,06__exit_phone_room_frame_4.jpg,06__exit_phone_room_frame_4.jpg,saved
val,real,06__exit_phone_room_frame_5.jpg,06__exit_phone_room_frame_5.jpg,saved
val,real,06__exit_phone_room_frame_6.jpg,06__exit_phone_room_frame_6.jpg,saved
val,real,06__exit_phone_room_frame_7.jpg,06__exit_phone_room_frame_7.jpg,saved
val,real,06__exit_phone_room_frame_8.jpg,06__exit_phone_room_frame_8.jpg,saved
val,real,06__exit_phone_room_frame_9.jpg,06__exit_phone_room_frame_9.jpg,saved
val,real,06__outside_talking_pan_laughing_frame_0.jpg,06__outside_talking_pan_laughing_frame_0.jpg,no face detected
val,real,06__outside_talking_pan_laughing_frame_1.jpg,06__outside_talking_pan_laughing_frame_1.jpg,saved
val,real,06__outside_talking_pan_laughing_frame_2.jpg,06__outside_talking_pan_laughing_frame_2.jpg,saved
val,real,06__outside_talking_pan_laughing_frame_3.jpg,06__outside_talking_pan_laughing_frame_3.jpg,saved
val,real,06__outside_talking_pan_laughing_frame_4.jpg,06__outside_talking_pan_laughing_frame_4.jpg,saved
val,real,06__outside_talking_pan_laughing_frame_5.jpg,06__outside_talking_pan_laughing_frame_5.jpg,saved
val,real,06__outside_talking_pan_laughing_frame_6.jpg,06__outside_talking_pan_laughing_frame_6.jpg,saved
val,real,06__outside_talking_pan_laughing_frame_7.jpg,06__outside_talking_pan_laughing_frame_7.jpg,saved
val,real,06__outside_talking_pan_laughing_frame_8.jpg,06__outside_talking_pan_laughing_frame_8.jpg,saved
val,real,06__outside_talking_pan_laughing_frame_9.jpg,06__outside_talking_pan_laughing_frame_9.jpg,no face detected
val,real,07__hugging_happy_frame_0.jpg,07__hugging_happy_frame_0.jpg,saved
val,real,07__hugging_happy_frame_1.jpg,07__hugging_happy_frame_1.jpg,saved
val,real,07__hugging_happy_frame_2.jpg,07__hugging_happy_frame_2.jpg,saved
val,real,07__hugging_happy_frame_3.jpg,07__hugging_happy_frame_3.jpg,saved
val,real,07__hugging_happy_frame_4.jpg,07__hugging_happy_frame_4.jpg,saved
val,real,07__hugging_happy_frame_5.jpg,07__hugging_happy_frame_5.jpg,saved
val,real,07__hugging_happy_frame_6.jpg,07__hugging_happy_frame_6.jpg,saved
val,real,07__hugging_happy_frame_7.jpg,07__hugging_happy_frame_7.jpg,saved
val,real,07__hugging_happy_frame_8.jpg,07__hugging_happy_frame_8.jpg,saved
val,real,07__hugging_happy_frame_9.jpg,07__hugging_happy_frame_9.jpg,saved
val,real,07__kitchen_pan_frame_0.jpg,07__kitchen_pan_frame_0.jpg,saved
val,real,07__kitchen_pan_frame_1.jpg,07__kitchen_pan_frame_1.jpg,saved
val,real,07__kitchen_pan_frame_2.jpg,07__kitchen_pan_frame_2.jpg,saved
val,real,07__kitchen_pan_frame_3.jpg,07__kitchen_pan_frame_3.jpg,saved
val,real,07__kitchen_pan_frame_4.jpg,07__kitchen_pan_frame_4.jpg,saved
val,real,07__kitchen_pan_frame_5.jpg,07__kitchen_pan_frame_5.jpg,saved
val,real,07__kitchen_pan_frame_6.jpg,07__kitchen_pan_frame_6.jpg,saved
val,real,07__kitchen_pan_frame_7.jpg,07__kitchen_pan_frame_7.jpg,saved
val,real,07__kitchen_pan_frame_8.jpg,07__kitchen_pan_frame_8.jpg,saved
val,real,07__kitchen_pan_frame_9.jpg,07__kitchen_pan_frame_9.jpg,no face detected
val,real,07__kitchen_still_frame_0.jpg,07__kitchen_still_frame_0.jpg,saved
val,real,07__kitchen_still_frame_1.jpg,07__kitchen_still_frame_1.jpg,saved
val,real,07__kitchen_still_frame_2.jpg,07__kitchen_still_frame_2.jpg,saved
val,real,07__kitchen_still_frame_3.jpg,07__kitchen_still_frame_3.jpg,saved
val,real,07__kitchen_still_frame_4.jpg,07__kitchen_still_frame_4.jpg,saved
val,real,07__kitchen_still_frame_5.jpg,07__kitchen_still_frame_5.jpg,saved
val,real,07__kitchen_still_frame_6.jpg,07__kitchen_still_frame_6.jpg,saved
val,real,07__kitchen_still_frame_7.jpg,07__kitchen_still_frame_7.jpg,saved
val,real,07__kitchen_still_frame_8.jpg,07__kitchen_still_frame_8.jpg,saved
val,real,07__kitchen_still_frame_9.jpg,07__kitchen_still_frame_9.jpg,saved
val,real,07__podium_speech_happy_frame_0.jpg,07__podium_speech_happy_frame_0.jpg,saved
val,real,07__podium_speech_happy_frame_1.jpg,07__podium_speech_happy_frame_1.jpg,saved
val,real,07__podium_speech_happy_frame_2.jpg,07__podium_speech_happy_frame_2.jpg,saved
val,real,07__podium_speech_happy_frame_3.jpg,07__podium_speech_happy_frame_3.jpg,saved
val,real,07__podium_speech_happy_frame_4.jpg,07__podium_speech_happy_frame_4.jpg,saved
val,real,07__podium_speech_happy_frame_5.jpg,07__podium_speech_happy_frame_5.jpg,saved
val,real,07__podium_speech_happy_frame_6.jpg,07__podium_speech_happy_frame_6.jpg,saved
val,real,07__podium_speech_happy_frame_7.jpg,07__podium_speech_happy_frame_7.jpg,saved
val,real,07__podium_speech_happy_frame_8.jpg,07__podium_speech_happy_frame_8.jpg,saved
val,real,07__podium_speech_happy_frame_9.jpg,07__podium_speech_happy_frame_9.jpg,saved
val,real,07__secret_conversation_frame_0.jpg,07__secret_conversation_frame_0.jpg,saved
val,real,07__secret_conversation_frame_1.jpg,07__secret_conversation_frame_1.jpg,saved
val,real,07__secret_conversation_frame_2.jpg,07__secret_conversation_frame_2.jpg,saved
val,real,07__secret_conversation_frame_3.jpg,07__secret_conversation_frame_3.jpg,saved
val,real,07__secret_conversation_frame_4.jpg,07__secret_conversation_frame_4.jpg,saved
val,real,07__secret_conversation_frame_5.jpg,07__secret_conversation_frame_5.jpg,saved
val,real,07__secret_conversation_frame_6.jpg,07__secret_conversation_frame_6.jpg,saved
val,real,07__secret_conversation_frame_7.jpg,07__secret_conversation_frame_7.jpg,saved
val,real,07__secret_conversation_frame_8.jpg,07__secret_conversation_frame_8.jpg,saved
val,real,07__secret_conversation_frame_9.jpg,07__secret_conversation_frame_9.jpg,saved
val,real,07__walking_down_street_outside_angry_frame_0.jpg,07__walking_down_street_outside_angry_frame_0.jpg,saved
val,real,07__walking_down_street_outside_angry_frame_1.jpg,07__walking_down_street_outside_angry_frame_1.jpg,saved
val,real,07__walking_down_street_outside_angry_frame_2.jpg,07__walking_down_street_outside_angry_frame_2.jpg,saved
val,real,07__walking_down_street_outside_angry_frame_3.jpg,07__walking_down_street_outside_angry_frame_3.jpg,saved
val,real,07__walking_down_street_outside_angry_frame_4.jpg,07__walking_down_street_outside_angry_frame_4.jpg,saved
val,real,07__walking_down_street_outside_angry_frame_5.jpg,07__walking_down_street_outside_angry_frame_5.jpg,saved
val,real,07__walking_down_street_outside_angry_frame_6.jpg,07__walking_down_street_outside_angry_frame_6.jpg,saved
val,real,07__walking_down_street_outside_angry_frame_7.jpg,07__walking_down_street_outside_angry_frame_7.jpg,saved
val,real,07__walking_down_street_outside_angry_frame_8.jpg,07__walking_down_street_outside_angry_frame_8.jpg,saved
val,real,07__walking_down_street_outside_angry_frame_9.jpg,07__walking_down_street_outside_angry_frame_9.jpg,saved
val,real,07__walking_outside_cafe_disgusted_frame_0.jpg,07__walking_outside_cafe_disgusted_frame_0.jpg,saved
val,real,07__walking_outside_cafe_disgusted_frame_1.jpg,07__walking_outside_cafe_disgusted_frame_1.jpg,saved
val,real,07__walking_outside_cafe_disgusted_frame_2.jpg,07__walking_outside_cafe_disgusted_frame_2.jpg,saved
val,real,07__walking_outside_cafe_disgusted_frame_3.jpg,07__walking_outside_cafe_disgusted_frame_3.jpg,saved
val,real,07__walking_outside_cafe_disgusted_frame_4.jpg,07__walking_outside_cafe_disgusted_frame_4.jpg,saved
val,real,07__walking_outside_cafe_disgusted_frame_5.jpg,07__walking_outside_cafe_disgusted_frame_5.jpg,saved
val,real,07__walking_outside_cafe_disgusted_frame_6.jpg,07__walking_outside_cafe_disgusted_frame_6.jpg,saved
val,real,07__walking_outside_cafe_disgusted_frame_7.jpg,07__walking_outside_cafe_disgusted_frame_7.jpg,saved
val,real,07__walking_outside_cafe_disgusted_frame_8.jpg,07__walking_outside_cafe_disgusted_frame_8.jpg,saved
val,real,07__walking_outside_cafe_disgusted_frame_9.jpg,07__walking_outside_cafe_disgusted_frame_9.jpg,saved
val,real,10__exit_phone_room_frame_0.jpg,10__exit_phone_room_frame_0.jpg,saved
val,real,10__exit_phone_room_frame_1.jpg,10__exit_phone_room_frame_1.jpg,saved
val,real,10__exit_phone_room_frame_2.jpg,10__exit_phone_room_frame_2.jpg,saved
val,real,10__exit_phone_room_frame_3.jpg,10__exit_phone_room_frame_3.jpg,saved
val,real,10__exit_phone_room_frame_4.jpg,10__exit_phone_room_frame_4.jpg,saved
val,real,10__exit_phone_room_frame_5.jpg,10__exit_phone_room_frame_5.jpg,saved
val,real,10__exit_phone_room_frame_6.jpg,10__exit_phone_room_frame_6.jpg,saved
val,real,10__exit_phone_room_frame_7.jpg,10__exit_phone_room_frame_7.jpg,saved
val,real,10__exit_phone_room_frame_8.jpg,10__exit_phone_room_frame_8.jpg,saved
val,real,10__exit_phone_room_frame_9.jpg,10__exit_phone_room_frame_9.jpg,saved
val,real,11__walk_down_hall_angry_frame_0.jpg,11__walk_down_hall_angry_frame_0.jpg,no face detected
val,real,11__walk_down_hall_angry_frame_1.jpg,11__walk_down_hall_angry_frame_1.jpg,saved
val,real,11__walk_down_hall_angry_frame_2.jpg,11__walk_down_hall_angry_frame_2.jpg,saved
val,real,11__walk_down_hall_angry_frame_3.jpg,11__walk_down_hall_angry_frame_3.jpg,saved
val,real,11__walk_down_hall_angry_frame_4.jpg,11__walk_down_hall_angry_frame_4.jpg,saved
val,real,11__walk_down_hall_angry_frame_5.jpg,11__walk_down_hall_angry_frame_5.jpg,saved
val,real,11__walk_down_hall_angry_frame_6.jpg,11__walk_down_hall_angry_frame_6.jpg,saved
val,real,11__walk_down_hall_angry_frame_7.jpg,11__walk_down_hall_angry_frame_7.jpg,saved
val,real,11__walk_down_hall_angry_frame_8.jpg,11__walk_down_hall_angry_frame_8.jpg,saved
val,real,11__walk_down_hall_angry_frame_9.jpg,11__walk_down_hall_angry_frame_9.jpg,saved
val,real,12__hugging_happy_frame_0.jpg,12__hugging_happy_frame_0.jpg,saved
val,real,12__hugging_happy_frame_1.jpg,12__hugging_happy_frame_1.jpg,saved
val,real,12__hugging_happy_frame_2.jpg,12__hugging_happy_frame_2.jpg,saved
val,real,12__hugging_happy_frame_3.jpg,12__hugging_happy_frame_3.jpg,saved
val,real,12__hugging_happy_frame_4.jpg,12__hugging_happy_frame_4.jpg,saved
val,real,12__hugging_happy_frame_5.jpg,12__hugging_happy_frame_5.jpg,saved
val,real,12__hugging_happy_frame_6.jpg,12__hugging_happy_frame_6.jpg,saved
val,real,12__hugging_happy_frame_7.jpg,12__hugging_happy_frame_7.jpg,saved
val,real,12__hugging_happy_frame_8.jpg,12__hugging_happy_frame_8.jpg,saved
val,real,12__hugging_happy_frame_9.jpg,12__hugging_happy_frame_9.jpg,saved
val,real,12__walk_down_hall_angry_frame_0.jpg,12__walk_down_hall_angry_frame_0.jpg,no face detected
val,real,12__walk_down_hall_angry_frame_1.jpg,12__walk_down_hall_angry_frame_1.jpg,no face detected
val,real,12__walk_down_hall_angry_frame_2.jpg,12__walk_down_hall_angry_frame_2.jpg,saved
val,real,12__walk_down_hall_angry_frame_3.jpg,12__walk_down_hall_angry_frame_3.jpg,saved
val,real,12__walk_down_hall_angry_frame_4.jpg,12__walk_down_hall_angry_frame_4.jpg,saved
val,real,12__walk_down_hall_angry_frame_5.jpg,12__walk_down_hall_angry_frame_5.jpg,saved
val,real,12__walk_down_hall_angry_frame_6.jpg,12__walk_down_hall_angry_frame_6.jpg,saved
val,real,12__walk_down_hall_angry_frame_7.jpg,12__walk_down_hall_angry_frame_7.jpg,saved
val,real,12__walk_down_hall_angry_frame_8.jpg,12__walk_down_hall_angry_frame_8.jpg,saved
val,real,12__walk_down_hall_angry_frame_9.jpg,12__walk_down_hall_angry_frame_9.jpg,saved
val,real,12__walking_down_indoor_hall_disgust_frame_0.jpg,12__walking_down_indoor_hall_disgust_frame_0.jpg,saved
val,real,12__walking_down_indoor_hall_disgust_frame_1.jpg,12__walking_down_indoor_hall_disgust_frame_1.jpg,saved
val,real,12__walking_down_indoor_hall_disgust_frame_2.jpg,12__walking_down_indoor_hall_disgust_frame_2.jpg,saved
val,real,12__walking_down_indoor_hall_disgust_frame_3.jpg,12__walking_down_indoor_hall_disgust_frame_3.jpg,saved
val,real,12__walking_down_indoor_hall_disgust_frame_4.jpg,12__walking_down_indoor_hall_disgust_frame_4.jpg,saved
val,real,12__walking_down_indoor_hall_disgust_frame_5.jpg,12__walking_down_indoor_hall_disgust_frame_5.jpg,saved
val,real,12__walking_down_indoor_hall_disgust_frame_6.jpg,12__walking_down_indoor_hall_disgust_frame_6.jpg,saved
val,real,12__walking_down_indoor_hall_disgust_frame_7.jpg,12__walking_down_indoor_hall_disgust_frame_7.jpg,saved
val,real,12__walking_down_indoor_hall_disgust_frame_8.jpg,12__walking_down_indoor_hall_disgust_frame_8.jpg,saved
val,real,12__walking_down_indoor_hall_disgust_frame_9.jpg,12__walking_down_indoor_hall_disgust_frame_9.jpg,saved
val,real,13__walking_down_street_outside_angry_frame_0.jpg,13__walking_down_street_outside_angry_frame_0.jpg,saved
val,real,13__walking_down_street_outside_angry_frame_1.jpg,13__walking_down_street_outside_angry_frame_1.jpg,saved
val,real,13__walking_down_street_outside_angry_frame_2.jpg,13__walking_down_street_outside_angry_frame_2.jpg,saved
val,real,13__walking_down_street_outside_angry_frame_3.jpg,13__walking_down_street_outside_angry_frame_3.jpg,saved
val,real,13__walking_down_street_outside_angry_frame_4.jpg,13__walking_down_street_outside_angry_frame_4.jpg,saved
val,real,13__walking_down_street_outside_angry_frame_5.jpg,13__walking_down_street_outside_angry_frame_5.jpg,saved
val,real,13__walking_down_street_outside_angry_frame_6.jpg,13__walking_down_street_outside_angry_frame_6.jpg,saved
val,real,13__walking_down_street_outside_angry_frame_7.jpg,13__walking_down_street_outside_angry_frame_7.jpg,saved
val,real,13__walking_down_street_outside_angry_frame_8.jpg,13__walking_down_street_outside_angry_frame_8.jpg,saved
val,real,13__walking_down_street_outside_angry_frame_9.jpg,13__walking_down_street_outside_angry_frame_9.jpg,saved
val,real,14__walking_and_outside_surprised_frame_0.jpg,14__walking_and_outside_surprised_frame_0.jpg,saved
val,real,14__walking_and_outside_surprised_frame_1.jpg,14__walking_and_outside_surprised_frame_1.jpg,saved
val,real,14__walking_and_outside_surprised_frame_2.jpg,14__walking_and_outside_surprised_frame_2.jpg,saved
val,real,14__walking_and_outside_surprised_frame_3.jpg,14__walking_and_outside_surprised_frame_3.jpg,saved
val,real,14__walking_and_outside_surprised_frame_4.jpg,14__walking_and_outside_surprised_frame_4.jpg,saved
val,real,14__walking_and_outside_surprised_frame_5.jpg,14__walking_and_outside_surprised_frame_5.jpg,saved
val,real,14__walking_and_outside_surprised_frame_6.jpg,14__walking_and_outside_surprised_frame_6.jpg,saved
val,real,14__walking_and_outside_surprised_frame_7.jpg,14__walking_and_outside_surprised_frame_7.jpg,saved
val,real,14__walking_and_outside_surprised_frame_8.jpg,14__walking_and_outside_surprised_frame_8.jpg,saved
val,real,14__walking_and_outside_surprised_frame_9.jpg,14__walking_and_outside_surprised_frame_9.jpg,saved
val,real,14__walking_down_indoor_hall_disgust_frame_0.jpg,14__walking_down_indoor_hall_disgust_frame_0.jpg,saved
val,real,14__walking_down_indoor_hall_disgust_frame_1.jpg,14__walking_down_indoor_hall_disgust_frame_1.jpg,saved
val,real,14__walking_down_indoor_hall_disgust_frame_2.jpg,14__walking_down_indoor_hall_disgust_frame_2.jpg,saved
val,real,14__walking_down_indoor_hall_disgust_frame_3.jpg,14__walking_down_indoor_hall_disgust_frame_3.jpg,saved
val,real,14__walking_down_indoor_hall_disgust_frame_4.jpg,14__walking_down_indoor_hall_disgust_frame_4.jpg,saved
val,real,14__walking_down_indoor_hall_disgust_frame_5.jpg,14__walking_down_indoor_hall_disgust_frame_5.jpg,saved
val,real,14__walking_down_indoor_hall_disgust_frame_6.jpg,14__walking_down_indoor_hall_disgust_frame_6.jpg,saved
val,real,14__walking_down_indoor_hall_disgust_frame_7.jpg,14__walking_down_indoor_hall_disgust_frame_7.jpg,saved
val,real,14__walking_down_indoor_hall_disgust_frame_8.jpg,14__walking_down_indoor_hall_disgust_frame_8.jpg,saved
val,real,14__walking_down_indoor_hall_disgust_frame_9.jpg,14__walking_down_indoor_hall_disgust_frame_9.jpg,saved
val,real,15__exit_phone_room_frame_0.jpg,15__exit_phone_room_frame_0.jpg,saved
val,real,15__exit_phone_room_frame_1.jpg,15__exit_phone_room_frame_1.jpg,saved
val,real,15__exit_phone_room_frame_2.jpg,15__exit_phone_room_frame_2.jpg,saved
val,real,15__exit_phone_room_frame_3.jpg,15__exit_phone_room_frame_3.jpg,saved
val,real,15__exit_phone_room_frame_4.jpg,15__exit_phone_room_frame_4.jpg,saved
val,real,15__exit_phone_room_frame_5.jpg,15__exit_phone_room_frame_5.jpg,saved
val,real,15__exit_phone_room_frame_6.jpg,15__exit_phone_room_frame_6.jpg,saved
val,real,15__exit_phone_room_frame_7.jpg,15__exit_phone_room_frame_7.jpg,saved
val,real,15__exit_phone_room_frame_8.jpg,15__exit_phone_room_frame_8.jpg,saved
val,real,15__exit_phone_room_frame_9.jpg,15__exit_phone_room_frame_9.jpg,saved
val,real,15__outside_talking_still_laughing_frame_0.jpg,15__outside_talking_still_laughing_frame_0.jpg,saved
val,real,15__outside_talking_still_laughing_frame_1.jpg,15__outside_talking_still_laughing_frame_1.jpg,saved
val,real,15__outside_talking_still_laughing_frame_2.jpg,15__outside_talking_still_laughing_frame_2.jpg,saved
val,real,15__outside_talking_still_laughing_frame_3.jpg,15__outside_talking_still_laughing_frame_3.jpg,saved
val,real,15__outside_talking_still_laughing_frame_4.jpg,15__outside_talking_still_laughing_frame_4.jpg,saved
val,real,15__outside_talking_still_laughing_frame_5.jpg,15__outside_talking_still_laughing_frame_5.jpg,saved
val,real,15__outside_talking_still_laughing_frame_6.jpg,15__outside_talking_still_laughing_frame_6.jpg,saved
val,real,15__outside_talking_still_laughing_frame_7.jpg,15__outside_talking_still_laughing_frame_7.jpg,saved
val,real,15__outside_talking_still_laughing_frame_8.jpg,15__outside_talking_still_laughing_frame_8.jpg,saved
val,real,15__outside_talking_still_laughing_frame_9.jpg,15__outside_talking_still_laughing_frame_9.jpg,saved
val,fake,01_21__walk_down_hall_angry__03X7CELV_frame_0.jpg,01_21__walk_down_hall_angry__03X7CELV_frame_0.jpg,saved
val,fake,01_21__walk_down_hall_angry__03X7CELV_frame_1.jpg,01_21__walk_down_hall_angry__03X7CELV_frame_1.jpg,saved
val,fake,01_21__walk_down_hall_angry__03X7CELV_frame_2.jpg,01_21__walk_down_hall_angry__03X7CELV_frame_2.jpg,saved
val,fake,01_21__walk_down_hall_angry__03X7CELV_frame_3.jpg,01_21__walk_down_hall_angry__03X7CELV_frame_3.jpg,saved
val,fake,01_21__walk_down_hall_angry__03X7CELV_frame_4.jpg,01_21__walk_down_hall_angry__03X7CELV_frame_4.jpg,saved
val,fake,01_21__walk_down_hall_angry__03X7CELV_frame_5.jpg,01_21__walk_down_hall_angry__03X7CELV_frame_5.jpg,saved
val,fake,01_21__walk_down_hall_angry__03X7CELV_frame_6.jpg,01_21__walk_down_hall_angry__03X7CELV_frame_6.jpg,saved
val,fake,01_21__walk_down_hall_angry__03X7CELV_frame_7.jpg,01_21__walk_down_hall_angry__03X7CELV_frame_7.jpg,saved
val,fake,01_21__walk_down_hall_angry__03X7CELV_frame_8.jpg,01_21__walk_down_hall_angry__03X7CELV_frame_8.jpg,saved
val,fake,01_21__walk_down_hall_angry__03X7CELV_frame_9.jpg,01_21__walk_down_hall_angry__03X7CELV_frame_9.jpg,saved
val,fake,01_27__walking_outside_cafe_disgusted__ZYCZ30C0_frame_0.jpg,01_27__walking_outside_cafe_disgusted__ZYCZ30C0_frame_0.jpg,saved
val,fake,01_27__walking_outside_cafe_disgusted__ZYCZ30C0_frame_1.jpg,01_27__walking_outside_cafe_disgusted__ZYCZ30C0_frame_1.jpg,saved
val,fake,01_27__walking_outside_cafe_disgusted__ZYCZ30C0_frame_2.jpg,01_27__walking_outside_cafe_disgusted__ZYCZ30C0_frame_2.jpg,saved
val,fake,01_27__walking_outside_cafe_disgusted__ZYCZ30C0_frame_3.jpg,01_27__walking_outside_cafe_disgusted__ZYCZ30C0_frame_3.jpg,saved
val,fake,01_27__walking_outside_cafe_disgusted__ZYCZ30C0_frame_4.jpg,01_27__walking_outside_cafe_disgusted__ZYCZ30C0_frame_4.jpg,saved
val,fake,01_27__walking_outside_cafe_disgusted__ZYCZ30C0_frame_5.jpg,01_27__walking_outside_cafe_disgusted__ZYCZ30C0_frame_5.jpg,saved
val,fake,01_27__walking_outside_cafe_disgusted__ZYCZ30C0_frame_6.jpg,01_27__walking_outside_cafe_disgusted__ZYCZ30C0_frame_6.jpg,saved
val,fake,01_27__walking_outside_cafe_disgusted__ZYCZ30C0_frame_7.jpg,01_27__walking_outside_cafe_disgusted__ZYCZ30C0_frame_7.jpg,saved
val,fake,01_27__walking_outside_cafe_disgusted__ZYCZ30C0_frame_8.jpg,01_27__walking_outside_cafe_disgusted__ZYCZ30C0_frame_8.jpg,saved
val,fake,01_27__walking_outside_cafe_disgusted__ZYCZ30C0_frame_9.jpg,01_27__walking_outside_cafe_disgusted__ZYCZ30C0_frame_9.jpg,saved
val,fake,02_01__secret_conversation__YVGY8LOK_frame_0.jpg,02_01__secret_conversation__YVGY8LOK_frame_0.jpg,saved
val,fake,02_01__secret_conversation__YVGY8LOK_frame_1.jpg,02_01__secret_conversation__YVGY8LOK_frame_1.jpg,saved
val,fake,02_01__secret_conversation__YVGY8LOK_frame_2.jpg,02_01__secret_conversation__YVGY8LOK_frame_2.jpg,saved
val,fake,02_01__secret_conversation__YVGY8LOK_frame_3.jpg,02_01__secret_conversation__YVGY8LOK_frame_3.jpg,saved
val,fake,02_01__secret_conversation__YVGY8LOK_frame_4.jpg,02_01__secret_conversation__YVGY8LOK_frame_4.jpg,saved
val,fake,02_01__secret_conversation__YVGY8LOK_frame_5.jpg,02_01__secret_conversation__YVGY8LOK_frame_5.jpg,saved
val,fake,02_01__secret_conversation__YVGY8LOK_frame_6.jpg,02_01__secret_conversation__YVGY8LOK_frame_6.jpg,saved
val,fake,02_01__secret_conversation__YVGY8LOK_frame_7.jpg,02_01__secret_conversation__YVGY8LOK_frame_7.jpg,saved
val,fake,02_01__secret_conversation__YVGY8LOK_frame_8.jpg,02_01__secret_conversation__YVGY8LOK_frame_8.jpg,saved
val,fake,02_01__secret_conversation__YVGY8LOK_frame_9.jpg,02_01__secret_conversation__YVGY8LOK_frame_9.jpg,saved
val,fake,02_06__podium_speech_happy__N8OSN8P6_frame_0.jpg,02_06__podium_speech_happy__N8OSN8P6_frame_0.jpg,saved
val,fake,02_06__podium_speech_happy__N8OSN8P6_frame_1.jpg,02_06__podium_speech_happy__N8OSN8P6_frame_1.jpg,saved
val,fake,02_06__podium_speech_happy__N8OSN8P6_frame_2.jpg,02_06__podium_speech_happy__N8OSN8P6_frame_2.jpg,saved
val,fake,02_06__podium_speech_happy__N8OSN8P6_frame_3.jpg,02_06__podium_speech_happy__N8OSN8P6_frame_3.jpg,saved
val,fake,02_06__podium_speech_happy__N8OSN8P6_frame_4.jpg,02_06__podium_speech_happy__N8OSN8P6_frame_4.jpg,saved
val,fake,02_06__podium_speech_happy__N8OSN8P6_frame_5.jpg,02_06__podium_speech_happy__N8OSN8P6_frame_5.jpg,saved
val,fake,02_06__podium_speech_happy__N8OSN8P6_frame_6.jpg,02_06__podium_speech_happy__N8OSN8P6_frame_6.jpg,saved
val,fake,02_06__podium_speech_happy__N8OSN8P6_frame_7.jpg,02_06__podium_speech_happy__N8OSN8P6_frame_7.jpg,saved
val,fake,02_06__podium_speech_happy__N8OSN8P6_frame_8.jpg,02_06__podium_speech_happy__N8OSN8P6_frame_8.jpg,saved
val,fake,02_06__podium_speech_happy__N8OSN8P6_frame_9.jpg,02_06__podium_speech_happy__N8OSN8P6_frame_9.jpg,saved
val,fake,02_07__walking_and_outside_surprised__1VMZUH1W_frame_0.jpg,02_07__walking_and_outside_surprised__1VMZUH1W_frame_0.jpg,saved
val,fake,02_07__walking_and_outside_surprised__1VMZUH1W_frame_1.jpg,02_07__walking_and_outside_surprised__1VMZUH1W_frame_1.jpg,saved
val,fake,02_07__walking_and_outside_surprised__1VMZUH1W_frame_2.jpg,02_07__walking_and_outside_surprised__1VMZUH1W_frame_2.jpg,saved
val,fake,02_07__walking_and_outside_surprised__1VMZUH1W_frame_3.jpg,02_07__walking_and_outside_surprised__1VMZUH1W_frame_3.jpg,saved
val,fake,02_07__walking_and_outside_surprised__1VMZUH1W_frame_4.jpg,02_07__walking_and_outside_surprised__1VMZUH1W_frame_4.jpg,saved
val,fake,02_07__walking_and_outside_surprised__1VMZUH1W_frame_5.jpg,02_07__walking_and_outside_surprised__1VMZUH1W_frame_5.jpg,saved
val,fake,02_07__walking_and_outside_surprised__1VMZUH1W_frame_6.jpg,02_07__walking_and_outside_surprised__1VMZUH1W_frame_6.jpg,saved
val,fake,02_07__walking_and_outside_surprised__1VMZUH1W_frame_7.jpg,02_07__walking_and_outside_surprised__1VMZUH1W_frame_7.jpg,saved
val,fake,02_07__walking_and_outside_surprised__1VMZUH1W_frame_8.jpg,02_07__walking_and_outside_surprised__1VMZUH1W_frame_8.jpg,saved
val,fake,02_07__walking_and_outside_surprised__1VMZUH1W_frame_9.jpg,02_07__walking_and_outside_surprised__1VMZUH1W_frame_9.jpg,saved
val,fake,02_13__outside_talking_pan_laughing__2YSYT2N3_frame_0.jpg,02_13__outside_talking_pan_laughing__2YSYT2N3_frame_0.jpg,saved
val,fake,02_13__outside_talking_pan_laughing__2YSYT2N3_frame_1.jpg,02_13__outside_talking_pan_laughing__2YSYT2N3_frame_1.jpg,saved
val,fake,02_13__outside_talking_pan_laughing__2YSYT2N3_frame_2.jpg,02_13__outside_talking_pan_laughing__2YSYT2N3_frame_2.jpg,saved
val,fake,02_13__outside_talking_pan_laughing__2YSYT2N3_frame_3.jpg,02_13__outside_talking_pan_laughing__2YSYT2N3_frame_3.jpg,saved
val,fake,02_13__outside_talking_pan_laughing__2YSYT2N3_frame_4.jpg,02_13__outside_talking_pan_laughing__2YSYT2N3_frame_4.jpg,saved
val,fake,02_13__outside_talking_pan_laughing__2YSYT2N3_frame_5.jpg,02_13__outside_talking_pan_laughing__2YSYT2N3_frame_5.jpg,saved
val,fake,02_13__outside_talking_pan_laughing__2YSYT2N3_frame_6.jpg,02_13__outside_talking_pan_laughing__2YSYT2N3_frame_6.jpg,saved
val,fake,02_13__outside_talking_pan_laughing__2YSYT2N3_frame_7.jpg,02_13__outside_talking_pan_laughing__2YSYT2N3_frame_7.jpg,saved
val,fake,02_13__outside_talking_pan_laughing__2YSYT2N3_frame_8.jpg,02_13__outside_talking_pan_laughing__2YSYT2N3_frame_8.jpg,saved
val,fake,02_13__outside_talking_pan_laughing__2YSYT2N3_frame_9.jpg,02_13__outside_talking_pan_laughing__2YSYT2N3_frame_9.jpg,saved
val,fake,02_15__talking_against_wall__HTG660F8_frame_0.jpg,02_15__talking_against_wall__HTG660F8_frame_0.jpg,saved
val,fake,02_15__talking_against_wall__HTG660F8_frame_1.jpg,02_15__talking_against_wall__HTG660F8_frame_1.jpg,saved
val,fake,02_15__talking_against_wall__HTG660F8_frame_2.jpg,02_15__talking_against_wall__HTG660F8_frame_2.jpg,saved
val,fake,02_15__talking_against_wall__HTG660F8_frame_3.jpg,02_15__talking_against_wall__HTG660F8_frame_3.jpg,saved
val,fake,02_15__talking_against_wall__HTG660F8_frame_4.jpg,02_15__talking_against_wall__HTG660F8_frame_4.jpg,saved
val,fake,02_15__talking_against_wall__HTG660F8_frame_5.jpg,02_15__talking_against_wall__HTG660F8_frame_5.jpg,saved
val,fake,02_15__talking_against_wall__HTG660F8_frame_6.jpg,02_15__talking_against_wall__HTG660F8_frame_6.jpg,saved
val,fake,02_15__talking_against_wall__HTG660F8_frame_7.jpg,02_15__talking_against_wall__HTG660F8_frame_7.jpg,saved
val,fake,02_15__talking_against_wall__HTG660F8_frame_8.jpg,02_15__talking_against_wall__HTG660F8_frame_8.jpg,saved
val,fake,02_15__talking_against_wall__HTG660F8_frame_9.jpg,02_15__talking_against_wall__HTG660F8_frame_9.jpg,saved
val,fake,02_15__talking_angry_couch__HTG660F8_frame_0.jpg,02_15__talking_angry_couch__HTG660F8_frame_0.jpg,saved
val,fake,02_15__talking_angry_couch__HTG660F8_frame_1.jpg,02_15__talking_angry_couch__HTG660F8_frame_1.jpg,saved
val,fake,02_15__talking_angry_couch__HTG660F8_frame_2.jpg,02_15__talking_angry_couch__HTG660F8_frame_2.jpg,saved
val,fake,02_15__talking_angry_couch__HTG660F8_frame_3.jpg,02_15__talking_angry_couch__HTG660F8_frame_3.jpg,saved
val,fake,02_15__talking_angry_couch__HTG660F8_frame_4.jpg,02_15__talking_angry_couch__HTG660F8_frame_4.jpg,saved
val,fake,02_15__talking_angry_couch__HTG660F8_frame_5.jpg,02_15__talking_angry_couch__HTG660F8_frame_5.jpg,saved
val,fake,02_15__talking_angry_couch__HTG660F8_frame_6.jpg,02_15__talking_angry_couch__HTG660F8_frame_6.jpg,saved
val,fake,02_15__talking_angry_couch__HTG660F8_frame_7.jpg,02_15__talking_angry_couch__HTG660F8_frame_7.jpg,saved
val,fake,02_15__talking_angry_couch__HTG660F8_frame_8.jpg,02_15__talking_angry_couch__HTG660F8_frame_8.jpg,saved
val,fake,02_15__talking_angry_couch__HTG660F8_frame_9.jpg,02_15__talking_angry_couch__HTG660F8_frame_9.jpg,saved
val,fake,02_15__walking_and_outside_surprised__I8G2LWD1_frame_0.jpg,02_15__walking_and_outside_surprised__I8G2LWD1_frame_0.jpg,saved
val,fake,02_15__walking_and_outside_surprised__I8G2LWD1_frame_1.jpg,02_15__walking_and_outside_surprised__I8G2LWD1_frame_1.jpg,saved
val,fake,02_15__walking_and_outside_surprised__I8G2LWD1_frame_2.jpg,02_15__walking_and_outside_surprised__I8G2LWD1_frame_2.jpg,saved
val,fake,02_15__walking_and_outside_surprised__I8G2LWD1_frame_3.jpg,02_15__walking_and_outside_surprised__I8G2LWD1_frame_3.jpg,saved
val,fake,02_15__walking_and_outside_surprised__I8G2LWD1_frame_4.jpg,02_15__walking_and_outside_surprised__I8G2LWD1_frame_4.jpg,saved
val,fake,02_15__walking_and_outside_surprised__I8G2LWD1_frame_5.jpg,02_15__walking_and_outside_surprised__I8G2LWD1_frame_5.jpg,saved
val,fake,02_15__walking_and_outside_surprised__I8G2LWD1_frame_6.jpg,02_15__walking_and_outside_surprised__I8G2LWD1_frame_6.jpg,saved
val,fake,02_15__walking_and_outside_surprised__I8G2LWD1_frame_7.jpg,02_15__walking_and_outside_surprised__I8G2LWD1_frame_7.jpg,saved
val,fake,02_15__walking_and_outside_surprised__I8G2LWD1_frame_8.jpg,02_15__walking_and_outside_surprised__I8G2LWD1_frame_8.jpg,saved
val,fake,02_15__walking_and_outside_surprised__I8G2LWD1_frame_9.jpg,02_15__walking_and_outside_surprised__I8G2LWD1_frame_9.jpg,saved
val,fake,02_15__walking_and_outside_surprised__MZWH8ATN_frame_0.jpg,02_15__walking_and_outside_surprised__MZWH8ATN_frame_0.jpg,saved
val,fake,02_15__walking_and_outside_surprised__MZWH8ATN_frame_1.jpg,02_15__walking_and_outside_surprised__MZWH8ATN_frame_1.jpg,saved
val,fake,02_15__walking_and_outside_surprised__MZWH8ATN_frame_2.jpg,02_15__walking_and_outside_surprised__MZWH8ATN_frame_2.jpg,saved
val,fake,02_15__walking_and_outside_surprised__MZWH8ATN_frame_3.jpg,02_15__walking_and_outside_surprised__MZWH8ATN_frame_3.jpg,saved
val,fake,02_15__walking_and_outside_surprised__MZWH8ATN_frame_4.jpg,02_15__walking_and_outside_surprised__MZWH8ATN_frame_4.jpg,saved
val,fake,02_15__walking_and_outside_surprised__MZWH8ATN_frame_5.jpg,02_15__walking_and_outside_surprised__MZWH8ATN_frame_5.jpg,saved
val,fake,02_15__walking_and_outside_surprised__MZWH8ATN_frame_6.jpg,02_15__walking_and_outside_surprised__MZWH8ATN_frame_6.jpg,saved
val,fake,02_15__walking_and_outside_surprised__MZWH8ATN_frame_7.jpg,02_15__walking_and_outside_surprised__MZWH8ATN_frame_7.jpg,saved
val,fake,02_15__walking_and_outside_surprised__MZWH8ATN_frame_8.jpg,02_15__walking_and_outside_surprised__MZWH8ATN_frame_8.jpg,saved
val,fake,02_15__walking_and_outside_surprised__MZWH8ATN_frame_9.jpg,02_15__walking_and_outside_surprised__MZWH8ATN_frame_9.jpg,saved
val,fake,03_09__secret_conversation__RCETIXYL_frame_0.jpg,03_09__secret_conversation__RCETIXYL_frame_0.jpg,saved
val,fake,03_09__secret_conversation__RCETIXYL_frame_1.jpg,03_09__secret_conversation__RCETIXYL_frame_1.jpg,saved
val,fake,03_09__secret_conversation__RCETIXYL_frame_2.jpg,03_09__secret_conversation__RCETIXYL_frame_2.jpg,saved
val,fake,03_09__secret_conversation__RCETIXYL_frame_3.jpg,03_09__secret_conversation__RCETIXYL_frame_3.jpg,saved
val,fake,03_09__secret_conversation__RCETIXYL_frame_4.jpg,03_09__secret_conversation__RCETIXYL_frame_4.jpg,saved
val,fake,03_09__secret_conversation__RCETIXYL_frame_5.jpg,03_09__secret_conversation__RCETIXYL_frame_5.jpg,saved
val,fake,03_09__secret_conversation__RCETIXYL_frame_6.jpg,03_09__secret_conversation__RCETIXYL_frame_6.jpg,saved
val,fake,03_09__secret_conversation__RCETIXYL_frame_7.jpg,03_09__secret_conversation__RCETIXYL_frame_7.jpg,saved
val,fake,03_09__secret_conversation__RCETIXYL_frame_8.jpg,03_09__secret_conversation__RCETIXYL_frame_8.jpg,saved
val,fake,03_09__secret_conversation__RCETIXYL_frame_9.jpg,03_09__secret_conversation__RCETIXYL_frame_9.jpg,saved
val,fake,03_11__exit_phone_room__P08VGHTA_frame_0.jpg,03_11__exit_phone_room__P08VGHTA_frame_0.jpg,saved
val,fake,03_11__exit_phone_room__P08VGHTA_frame_1.jpg,03_11__exit_phone_room__P08VGHTA_frame_1.jpg,saved
val,fake,03_11__exit_phone_room__P08VGHTA_frame_2.jpg,03_11__exit_phone_room__P08VGHTA_frame_2.jpg,saved
val,fake,03_11__exit_phone_room__P08VGHTA_frame_3.jpg,03_11__exit_phone_room__P08VGHTA_frame_3.jpg,saved
val,fake,03_11__exit_phone_room__P08VGHTA_frame_4.jpg,03_11__exit_phone_room__P08VGHTA_frame_4.jpg,saved
val,fake,03_11__exit_phone_room__P08VGHTA_frame_5.jpg,03_11__exit_phone_room__P08VGHTA_frame_5.jpg,saved
val,fake,03_11__exit_phone_room__P08VGHTA_frame_6.jpg,03_11__exit_phone_room__P08VGHTA_frame_6.jpg,saved
val,fake,03_11__exit_phone_room__P08VGHTA_frame_7.jpg,03_11__exit_phone_room__P08VGHTA_frame_7.jpg,saved
val,fake,03_11__exit_phone_room__P08VGHTA_frame_8.jpg,03_11__exit_phone_room__P08VGHTA_frame_8.jpg,saved
val,fake,03_11__exit_phone_room__P08VGHTA_frame_9.jpg,03_11__exit_phone_room__P08VGHTA_frame_9.jpg,saved
val,fake,03_13__outside_talking_still_laughing__GBYWJW06_frame_0.jpg,03_13__outside_talking_still_laughing__GBYWJW06_frame_0.jpg,saved
val,fake,03_13__outside_talking_still_laughing__GBYWJW06_frame_1.jpg,03_13__outside_talking_still_laughing__GBYWJW06_frame_1.jpg,saved
val,fake,03_13__outside_talking_still_laughing__GBYWJW06_frame_2.jpg,03_13__outside_talking_still_laughing__GBYWJW06_frame_2.jpg,saved
val,fake,03_13__outside_talking_still_laughing__GBYWJW06_frame_3.jpg,03_13__outside_talking_still_laughing__GBYWJW06_frame_3.jpg,saved
val,fake,03_13__outside_talking_still_laughing__GBYWJW06_frame_4.jpg,03_13__outside_talking_still_laughing__GBYWJW06_frame_4.jpg,saved
val,fake,03_13__outside_talking_still_laughing__GBYWJW06_frame_5.jpg,03_13__outside_talking_still_laughing__GBYWJW06_frame_5.jpg,saved
val,fake,03_13__outside_talking_still_laughing__GBYWJW06_frame_6.jpg,03_13__outside_talking_still_laughing__GBYWJW06_frame_6.jpg,saved
val,fake,03_13__outside_talking_still_laughing__GBYWJW06_frame_7.jpg,03_13__outside_talking_still_laughing__GBYWJW06_frame_7.jpg,saved
val,fake,03_13__outside_talking_still_laughing__GBYWJW06_frame_8.jpg,03_13__outside_talking_still_laughing__GBYWJW06_frame_8.jpg,saved
val,fake,03_13__outside_talking_still_laughing__GBYWJW06_frame_9.jpg,03_13__outside_talking_still_laughing__GBYWJW06_frame_9.jpg,saved
val,fake,03_15__podium_speech_happy__DG8ITQO3_frame_0.jpg,03_15__podium_speech_happy__DG8ITQO3_frame_0.jpg,saved
val,fake,03_15__podium_speech_happy__DG8ITQO3_frame_1.jpg,03_15__podium_speech_happy__DG8ITQO3_frame_1.jpg,saved
val,fake,03_15__podium_speech_happy__DG8ITQO3_frame_2.jpg,03_15__podium_speech_happy__DG8ITQO3_frame_2.jpg,saved
val,fake,03_15__podium_speech_happy__DG8ITQO3_frame_3.jpg,03_15__podium_speech_happy__DG8ITQO3_frame_3.jpg,saved
val,fake,03_15__podium_speech_happy__DG8ITQO3_frame_4.jpg,03_15__podium_speech_happy__DG8ITQO3_frame_4.jpg,saved
val,fake,03_15__podium_speech_happy__DG8ITQO3_frame_5.jpg,03_15__podium_speech_happy__DG8ITQO3_frame_5.jpg,saved
val,fake,03_15__podium_speech_happy__DG8ITQO3_frame_6.jpg,03_15__podium_speech_happy__DG8ITQO3_frame_6.jpg,saved
val,fake,03_15__podium_speech_happy__DG8ITQO3_frame_7.jpg,03_15__podium_speech_happy__DG8ITQO3_frame_7.jpg,saved
val,fake,03_15__podium_speech_happy__DG8ITQO3_frame_8.jpg,03_15__podium_speech_happy__DG8ITQO3_frame_8.jpg,saved
val,fake,03_15__podium_speech_happy__DG8ITQO3_frame_9.jpg,03_15__podium_speech_happy__DG8ITQO3_frame_9.jpg,saved
val,fake,04_01__outside_talking_still_laughing__6I623VU9_frame_0.jpg,04_01__outside_talking_still_laughing__6I623VU9_frame_0.jpg,saved
val,fake,04_01__outside_talking_still_laughing__6I623VU9_frame_1.jpg,04_01__outside_talking_still_laughing__6I623VU9_frame_1.jpg,saved
val,fake,04_01__outside_talking_still_laughing__6I623VU9_frame_2.jpg,04_01__outside_talking_still_laughing__6I623VU9_frame_2.jpg,saved
val,fake,04_01__outside_talking_still_laughing__6I623VU9_frame_3.jpg,04_01__outside_talking_still_laughing__6I623VU9_frame_3.jpg,saved
val,fake,04_01__outside_talking_still_laughing__6I623VU9_frame_4.jpg,04_01__outside_talking_still_laughing__6I623VU9_frame_4.jpg,saved
val,fake,04_01__outside_talking_still_laughing__6I623VU9_frame_5.jpg,04_01__outside_talking_still_laughing__6I623VU9_frame_5.jpg,saved
val,fake,04_01__outside_talking_still_laughing__6I623VU9_frame_6.jpg,04_01__outside_talking_still_laughing__6I623VU9_frame_6.jpg,saved
val,fake,04_01__outside_talking_still_laughing__6I623VU9_frame_7.jpg,04_01__outside_talking_still_laughing__6I623VU9_frame_7.jpg,saved
val,fake,04_01__outside_talking_still_laughing__6I623VU9_frame_8.jpg,04_01__outside_talking_still_laughing__6I623VU9_frame_8.jpg,saved
val,fake,04_01__outside_talking_still_laughing__6I623VU9_frame_9.jpg,04_01__outside_talking_still_laughing__6I623VU9_frame_9.jpg,saved
val,fake,05_08__talking_against_wall__PRBCE28Z_frame_0.jpg,05_08__talking_against_wall__PRBCE28Z_frame_0.jpg,saved
val,fake,05_08__talking_against_wall__PRBCE28Z_frame_1.jpg,05_08__talking_against_wall__PRBCE28Z_frame_1.jpg,saved
val,fake,05_08__talking_against_wall__PRBCE28Z_frame_2.jpg,05_08__talking_against_wall__PRBCE28Z_frame_2.jpg,saved
val,fake,05_08__talking_against_wall__PRBCE28Z_frame_3.jpg,05_08__talking_against_wall__PRBCE28Z_frame_3.jpg,saved
val,fake,05_08__talking_against_wall__PRBCE28Z_frame_4.jpg,05_08__talking_against_wall__PRBCE28Z_frame_4.jpg,saved
val,fake,05_08__talking_against_wall__PRBCE28Z_frame_5.jpg,05_08__talking_against_wall__PRBCE28Z_frame_5.jpg,saved
val,fake,05_08__talking_against_wall__PRBCE28Z_frame_6.jpg,05_08__talking_against_wall__PRBCE28Z_frame_6.jpg,saved
val,fake,05_08__talking_against_wall__PRBCE28Z_frame_7.jpg,05_08__talking_against_wall__PRBCE28Z_frame_7.jpg,saved
val,fake,05_08__talking_against_wall__PRBCE28Z_frame_8.jpg,05_08__talking_against_wall__PRBCE28Z_frame_8.jpg,saved
val,fake,05_08__talking_against_wall__PRBCE28Z_frame_9.jpg,05_08__talking_against_wall__PRBCE28Z_frame_9.jpg,saved
val,fake,05_17__walking_down_street_outside_angry__M3H96PDQ_frame_0.jpg,05_17__walking_down_street_outside_angry__M3H96PDQ_frame_0.jpg,saved
val,fake,05_17__walking_down_street_outside_angry__M3H96PDQ_frame_1.jpg,05_17__walking_down_street_outside_angry__M3H96PDQ_frame_1.jpg,saved
val,fake,05_17__walking_down_street_outside_angry__M3H96PDQ_frame_2.jpg,05_17__walking_down_street_outside_angry__M3H96PDQ_frame_2.jpg,saved
val,fake,05_17__walking_down_street_outside_angry__M3H96PDQ_frame_3.jpg,05_17__walking_down_street_outside_angry__M3H96PDQ_frame_3.jpg,saved
val,fake,05_17__walking_down_street_outside_angry__M3H96PDQ_frame_4.jpg,05_17__walking_down_street_outside_angry__M3H96PDQ_frame_4.jpg,saved
val,fake,05_17__walking_down_street_outside_angry__M3H96PDQ_frame_5.jpg,05_17__walking_down_street_outside_angry__M3H96PDQ_frame_5.jpg,saved
val,fake,05_17__walking_down_street_outside_angry__M3H96PDQ_frame_6.jpg,05_17__walking_down_street_outside_angry__M3H96PDQ_frame_6.jpg,saved
val,fake,05_17__walking_down_street_outside_angry__M3H96PDQ_frame_7.jpg,05_17__walking_down_street_outside_angry__M3H96PDQ_frame_7.jpg,saved
val,fake,05_17__walking_down_street_outside_angry__M3H96PDQ_frame_8.jpg,05_17__walking_down_street_outside_angry__M3H96PDQ_frame_8.jpg,saved
val,fake,05_17__walking_down_street_outside_angry__M3H96PDQ_frame_9.jpg,05_17__walking_down_street_outside_angry__M3H96PDQ_frame_9.jpg,saved
val,fake,06_07__kitchen_pan__NMGYPBXE_frame_0.jpg,06_07__kitchen_pan__NMGYPBXE_frame_0.jpg,saved
val,fake,06_07__kitchen_pan__NMGYPBXE_frame_1.jpg,06_07__kitchen_pan__NMGYPBXE_frame_1.jpg,saved
val,fake,06_07__kitchen_pan__NMGYPBXE_frame_2.jpg,06_07__kitchen_pan__NMGYPBXE_frame_2.jpg,saved
val,fake,06_07__kitchen_pan__NMGYPBXE_frame_3.jpg,06_07__kitchen_pan__NMGYPBXE_frame_3.jpg,saved
val,fake,06_07__kitchen_pan__NMGYPBXE_frame_4.jpg,06_07__kitchen_pan__NMGYPBXE_frame_4.jpg,saved
val,fake,06_07__kitchen_pan__NMGYPBXE_frame_5.jpg,06_07__kitchen_pan__NMGYPBXE_frame_5.jpg,saved
val,fake,06_07__kitchen_pan__NMGYPBXE_frame_6.jpg,06_07__kitchen_pan__NMGYPBXE_frame_6.jpg,saved
val,fake,06_07__kitchen_pan__NMGYPBXE_frame_7.jpg,06_07__kitchen_pan__NMGYPBXE_frame_7.jpg,saved
val,fake,06_07__kitchen_pan__NMGYPBXE_frame_8.jpg,06_07__kitchen_pan__NMGYPBXE_frame_8.jpg,saved
val,fake,06_07__kitchen_pan__NMGYPBXE_frame_9.jpg,06_07__kitchen_pan__NMGYPBXE_frame_9.jpg,saved
val,fake,06_12__outside_talking_pan_laughing__3K21NFNM_frame_0.jpg,06_12__outside_talking_pan_laughing__3K21NFNM_frame_0.jpg,saved
val,fake,06_12__outside_talking_pan_laughing__3K21NFNM_frame_1.jpg,06_12__outside_talking_pan_laughing__3K21NFNM_frame_1.jpg,saved
val,fake,06_12__outside_talking_pan_laughing__3K21NFNM_frame_2.jpg,06_12__outside_talking_pan_laughing__3K21NFNM_frame_2.jpg,saved
val,fake,06_12__outside_talking_pan_laughing__3K21NFNM_frame_3.jpg,06_12__outside_talking_pan_laughing__3K21NFNM_frame_3.jpg,saved
val,fake,06_12__outside_talking_pan_laughing__3K21NFNM_frame_4.jpg,06_12__outside_talking_pan_laughing__3K21NFNM_frame_4.jpg,saved
val,fake,06_12__outside_talking_pan_laughing__3K21NFNM_frame_5.jpg,06_12__outside_talking_pan_laughing__3K21NFNM_frame_5.jpg,saved
val,fake,06_12__outside_talking_pan_laughing__3K21NFNM_frame_6.jpg,06_12__outside_talking_pan_laughing__3K21NFNM_frame_6.jpg,saved
val,fake,06_12__outside_talking_pan_laughing__3K21NFNM_frame_7.jpg,06_12__outside_talking_pan_laughing__3K21NFNM_frame_7.jpg,saved
val,fake,06_12__outside_talking_pan_laughing__3K21NFNM_frame_8.jpg,06_12__outside_talking_pan_laughing__3K21NFNM_frame_8.jpg,saved
val,fake,06_12__outside_talking_pan_laughing__3K21NFNM_frame_9.jpg,06_12__outside_talking_pan_laughing__3K21NFNM_frame_9.jpg,saved
val,fake,06_14__walking_and_outside_surprised__8U9ULZDT_frame_0.jpg,06_14__walking_and_outside_surprised__8U9ULZDT_frame_0.jpg,saved
val,fake,06_14__walking_and_outside_surprised__8U9ULZDT_frame_1.jpg,06_14__walking_and_outside_surprised__8U9ULZDT_frame_1.jpg,saved
val,fake,06_14__walking_and_outside_surprised__8U9ULZDT_frame_2.jpg,06_14__walking_and_outside_surprised__8U9ULZDT_frame_2.jpg,saved
val,fake,06_14__walking_and_outside_surprised__8U9ULZDT_frame_3.jpg,06_14__walking_and_outside_surprised__8U9ULZDT_frame_3.jpg,saved
val,fake,06_14__walking_and_outside_surprised__8U9ULZDT_frame_4.jpg,06_14__walking_and_outside_surprised__8U9ULZDT_frame_4.jpg,saved
val,fake,06_14__walking_and_outside_surprised__8U9ULZDT_frame_5.jpg,06_14__walking_and_outside_surprised__8U9ULZDT_frame_5.jpg,saved
val,fake,06_14__walking_and_outside_surprised__8U9ULZDT_frame_6.jpg,06_14__walking_and_outside_surprised__8U9ULZDT_frame_6.jpg,saved
val,fake,06_14__walking_and_outside_surprised__8U9ULZDT_frame_7.jpg,06_14__walking_and_outside_surprised__8U9ULZDT_frame_7.jpg,saved
val,fake,06_14__walking_and_outside_surprised__8U9ULZDT_frame_8.jpg,06_14__walking_and_outside_surprised__8U9ULZDT_frame_8.jpg,saved
val,fake,06_14__walking_and_outside_surprised__8U9ULZDT_frame_9.jpg,06_14__walking_and_outside_surprised__8U9ULZDT_frame_9.jpg,saved
val,fake,06_15__exit_phone_room__QRCD27P8_frame_0.jpg,06_15__exit_phone_room__QRCD27P8_frame_0.jpg,saved
val,fake,06_15__exit_phone_room__QRCD27P8_frame_1.jpg,06_15__exit_phone_room__QRCD27P8_frame_1.jpg,saved
val,fake,06_15__exit_phone_room__QRCD27P8_frame_2.jpg,06_15__exit_phone_room__QRCD27P8_frame_2.jpg,saved
val,fake,06_15__exit_phone_room__QRCD27P8_frame_3.jpg,06_15__exit_phone_room__QRCD27P8_frame_3.jpg,saved
val,fake,06_15__exit_phone_room__QRCD27P8_frame_4.jpg,06_15__exit_phone_room__QRCD27P8_frame_4.jpg,saved
val,fake,06_15__exit_phone_room__QRCD27P8_frame_5.jpg,06_15__exit_phone_room__QRCD27P8_frame_5.jpg,saved
val,fake,06_15__exit_phone_room__QRCD27P8_frame_6.jpg,06_15__exit_phone_room__QRCD27P8_frame_6.jpg,saved
val,fake,06_15__exit_phone_room__QRCD27P8_frame_7.jpg,06_15__exit_phone_room__QRCD27P8_frame_7.jpg,saved
val,fake,06_15__exit_phone_room__QRCD27P8_frame_8.jpg,06_15__exit_phone_room__QRCD27P8_frame_8.jpg,saved
val,fake,06_15__exit_phone_room__QRCD27P8_frame_9.jpg,06_15__exit_phone_room__QRCD27P8_frame_9.jpg,saved
val,fake,06_25__outside_talking_pan_laughing__MI9BDQ7M_frame_0.jpg,06_25__outside_talking_pan_laughing__MI9BDQ7M_frame_0.jpg,saved
val,fake,06_25__outside_talking_pan_laughing__MI9BDQ7M_frame_1.jpg,06_25__outside_talking_pan_laughing__MI9BDQ7M_frame_1.jpg,saved
val,fake,06_25__outside_talking_pan_laughing__MI9BDQ7M_frame_2.jpg,06_25__outside_talking_pan_laughing__MI9BDQ7M_frame_2.jpg,saved
val,fake,06_25__outside_talking_pan_laughing__MI9BDQ7M_frame_3.jpg,06_25__outside_talking_pan_laughing__MI9BDQ7M_frame_3.jpg,saved
val,fake,06_25__outside_talking_pan_laughing__MI9BDQ7M_frame_4.jpg,06_25__outside_talking_pan_laughing__MI9BDQ7M_frame_4.jpg,saved
val,fake,06_25__outside_talking_pan_laughing__MI9BDQ7M_frame_5.jpg,06_25__outside_talking_pan_laughing__MI9BDQ7M_frame_5.jpg,saved
val,fake,06_25__outside_talking_pan_laughing__MI9BDQ7M_frame_6.jpg,06_25__outside_talking_pan_laughing__MI9BDQ7M_frame_6.jpg,saved
val,fake,06_25__outside_talking_pan_laughing__MI9BDQ7M_frame_7.jpg,06_25__outside_talking_pan_laughing__MI9BDQ7M_frame_7.jpg,saved
val,fake,06_25__outside_talking_pan_laughing__MI9BDQ7M_frame_8.jpg,06_25__outside_talking_pan_laughing__MI9BDQ7M_frame_8.jpg,saved
val,fake,06_25__outside_talking_pan_laughing__MI9BDQ7M_frame_9.jpg,06_25__outside_talking_pan_laughing__MI9BDQ7M_frame_9.jpg,saved
val,fake,06_27__talking_angry_couch__JOG5PB18_frame_0.jpg,06_27__talking_angry_couch__JOG5PB18_frame_0.jpg,saved
val,fake,06_27__talking_angry_couch__JOG5PB18_frame_1.jpg,06_27__talking_angry_couch__JOG5PB18_frame_1.jpg,saved
val,fake,06_27__talking_angry_couch__JOG5PB18_frame_2.jpg,06_27__talking_angry_couch__JOG5PB18_frame_2.jpg,saved
val,fake,06_27__talking_angry_couch__JOG5PB18_frame_3.jpg,06_27__talking_angry_couch__JOG5PB18_frame_3.jpg,saved
val,fake,06_27__talking_angry_couch__JOG5PB18_frame_4.jpg,06_27__talking_angry_couch__JOG5PB18_frame_4.jpg,saved
val,fake,06_27__talking_angry_couch__JOG5PB18_frame_5.jpg,06_27__talking_angry_couch__JOG5PB18_frame_5.jpg,saved
val,fake,06_27__talking_angry_couch__JOG5PB18_frame_6.jpg,06_27__talking_angry_couch__JOG5PB18_frame_6.jpg,saved
val,fake,06_27__talking_angry_couch__JOG5PB18_frame_7.jpg,06_27__talking_angry_couch__JOG5PB18_frame_7.jpg,saved
val,fake,06_27__talking_angry_couch__JOG5PB18_frame_8.jpg,06_27__talking_angry_couch__JOG5PB18_frame_8.jpg,saved
val,fake,06_27__talking_angry_couch__JOG5PB18_frame_9.jpg,06_27__talking_angry_couch__JOG5PB18_frame_9.jpg,saved
val,fake,07_03__hugging_happy__7NGMD8FT_frame_0.jpg,07_03__hugging_happy__7NGMD8FT_frame_0.jpg,saved
val,fake,07_03__hugging_happy__7NGMD8FT_frame_1.jpg,07_03__hugging_happy__7NGMD8FT_frame_1.jpg,saved
val,fake,07_03__hugging_happy__7NGMD8FT_frame_2.jpg,07_03__hugging_happy__7NGMD8FT_frame_2.jpg,saved
val,fake,07_03__hugging_happy__7NGMD8FT_frame_3.jpg,07_03__hugging_happy__7NGMD8FT_frame_3.jpg,saved
val,fake,07_03__hugging_happy__7NGMD8FT_frame_4.jpg,07_03__hugging_happy__7NGMD8FT_frame_4.jpg,saved
val,fake,07_03__hugging_happy__7NGMD8FT_frame_5.jpg,07_03__hugging_happy__7NGMD8FT_frame_5.jpg,saved
val,fake,07_03__hugging_happy__7NGMD8FT_frame_6.jpg,07_03__hugging_happy__7NGMD8FT_frame_6.jpg,saved
val,fake,07_03__hugging_happy__7NGMD8FT_frame_7.jpg,07_03__hugging_happy__7NGMD8FT_frame_7.jpg,saved
val,fake,07_03__hugging_happy__7NGMD8FT_frame_8.jpg,07_03__hugging_happy__7NGMD8FT_frame_8.jpg,saved
val,fake,07_03__hugging_happy__7NGMD8FT_frame_9.jpg,07_03__hugging_happy__7NGMD8FT_frame_9.jpg,saved
val,fake,07_21__exit_phone_room__K7KXUHMU_frame_0.jpg,07_21__exit_phone_room__K7KXUHMU_frame_0.jpg,saved
val,fake,07_21__exit_phone_room__K7KXUHMU_frame_1.jpg,07_21__exit_phone_room__K7KXUHMU_frame_1.jpg,saved
val,fake,07_21__exit_phone_room__K7KXUHMU_frame_2.jpg,07_21__exit_phone_room__K7KXUHMU_frame_2.jpg,saved
val,fake,07_21__exit_phone_room__K7KXUHMU_frame_3.jpg,07_21__exit_phone_room__K7KXUHMU_frame_3.jpg,saved
val,fake,07_21__exit_phone_room__K7KXUHMU_frame_4.jpg,07_21__exit_phone_room__K7KXUHMU_frame_4.jpg,saved
val,fake,07_21__exit_phone_room__K7KXUHMU_frame_5.jpg,07_21__exit_phone_room__K7KXUHMU_frame_5.jpg,saved
val,fake,07_21__exit_phone_room__K7KXUHMU_frame_6.jpg,07_21__exit_phone_room__K7KXUHMU_frame_6.jpg,saved
val,fake,07_21__exit_phone_room__K7KXUHMU_frame_7.jpg,07_21__exit_phone_room__K7KXUHMU_frame_7.jpg,saved
val,fake,07_21__exit_phone_room__K7KXUHMU_frame_8.jpg,07_21__exit_phone_room__K7KXUHMU_frame_8.jpg,saved
val,fake,07_21__exit_phone_room__K7KXUHMU_frame_9.jpg,07_21__exit_phone_room__K7KXUHMU_frame_9.jpg,saved
val,fake,07_21__talking_against_wall__MKU99DVX_frame_0.jpg,07_21__talking_against_wall__MKU99DVX_frame_0.jpg,saved
val,fake,07_21__talking_against_wall__MKU99DVX_frame_1.jpg,07_21__talking_against_wall__MKU99DVX_frame_1.jpg,saved
val,fake,07_21__talking_against_wall__MKU99DVX_frame_2.jpg,07_21__talking_against_wall__MKU99DVX_frame_2.jpg,saved
val,fake,07_21__talking_against_wall__MKU99DVX_frame_3.jpg,07_21__talking_against_wall__MKU99DVX_frame_3.jpg,saved
val,fake,07_21__talking_against_wall__MKU99DVX_frame_4.jpg,07_21__talking_against_wall__MKU99DVX_frame_4.jpg,saved
val,fake,07_21__talking_against_wall__MKU99DVX_frame_5.jpg,07_21__talking_against_wall__MKU99DVX_frame_5.jpg,saved
val,fake,07_21__talking_against_wall__MKU99DVX_frame_6.jpg,07_21__talking_against_wall__MKU99DVX_frame_6.jpg,saved
val,fake,07_21__talking_against_wall__MKU99DVX_frame_7.jpg,07_21__talking_against_wall__MKU99DVX_frame_7.jpg,saved
val,fake,07_21__talking_against_wall__MKU99DVX_frame_8.jpg,07_21__talking_against_wall__MKU99DVX_frame_8.jpg,saved
val,fake,07_21__talking_against_wall__MKU99DVX_frame_9.jpg,07_21__talking_against_wall__MKU99DVX_frame_9.jpg,saved
val,fake,09_02__walk_down_hall_angry__6KUOFMZW_frame_0.jpg,09_02__walk_down_hall_angry__6KUOFMZW_frame_0.jpg,saved
val,fake,09_02__walk_down_hall_angry__6KUOFMZW_frame_1.jpg,09_02__walk_down_hall_angry__6KUOFMZW_frame_1.jpg,saved
val,fake,09_02__walk_down_hall_angry__6KUOFMZW_frame_2.jpg,09_02__walk_down_hall_angry__6KUOFMZW_frame_2.jpg,saved
val,fake,09_02__walk_down_hall_angry__6KUOFMZW_frame_3.jpg,09_02__walk_down_hall_angry__6KUOFMZW_frame_3.jpg,saved
val,fake,09_02__walk_down_hall_angry__6KUOFMZW_frame_4.jpg,09_02__walk_down_hall_angry__6KUOFMZW_frame_4.jpg,saved
val,fake,09_02__walk_down_hall_angry__6KUOFMZW_frame_5.jpg,09_02__walk_down_hall_angry__6KUOFMZW_frame_5.jpg,saved
val,fake,09_02__walk_down_hall_angry__6KUOFMZW_frame_6.jpg,09_02__walk_down_hall_angry__6KUOFMZW_frame_6.jpg,saved
val,fake,09_02__walk_down_hall_angry__6KUOFMZW_frame_7.jpg,09_02__walk_down_hall_angry__6KUOFMZW_frame_7.jpg,saved
val,fake,09_02__walk_down_hall_angry__6KUOFMZW_frame_8.jpg,09_02__walk_down_hall_angry__6KUOFMZW_frame_8.jpg,saved
val,fake,09_02__walk_down_hall_angry__6KUOFMZW_frame_9.jpg,09_02__walk_down_hall_angry__6KUOFMZW_frame_9.jpg,saved
val,fake,09_02__walking_down_street_outside_angry__9TDCEK1Q_frame_0.jpg,09_02__walking_down_street_outside_angry__9TDCEK1Q_frame_0.jpg,saved
val,fake,09_02__walking_down_street_outside_angry__9TDCEK1Q_frame_1.jpg,09_02__walking_down_street_outside_angry__9TDCEK1Q_frame_1.jpg,saved
val,fake,09_02__walking_down_street_outside_angry__9TDCEK1Q_frame_2.jpg,09_02__walking_down_street_outside_angry__9TDCEK1Q_frame_2.jpg,saved
val,fake,09_02__walking_down_street_outside_angry__9TDCEK1Q_frame_3.jpg,09_02__walking_down_street_outside_angry__9TDCEK1Q_frame_3.jpg,saved
val,fake,09_02__walking_down_street_outside_angry__9TDCEK1Q_frame_4.jpg,09_02__walking_down_street_outside_angry__9TDCEK1Q_frame_4.jpg,saved
val,fake,09_02__walking_down_street_outside_angry__9TDCEK1Q_frame_5.jpg,09_02__walking_down_street_outside_angry__9TDCEK1Q_frame_5.jpg,saved
val,fake,09_02__walking_down_street_outside_angry__9TDCEK1Q_frame_6.jpg,09_02__walking_down_street_outside_angry__9TDCEK1Q_frame_6.jpg,saved
val,fake,09_02__walking_down_street_outside_angry__9TDCEK1Q_frame_7.jpg,09_02__walking_down_street_outside_angry__9TDCEK1Q_frame_7.jpg,saved
val,fake,09_02__walking_down_street_outside_angry__9TDCEK1Q_frame_8.jpg,09_02__walking_down_street_outside_angry__9TDCEK1Q_frame_8.jpg,saved
val,fake,09_02__walking_down_street_outside_angry__9TDCEK1Q_frame_9.jpg,09_02__walking_down_street_outside_angry__9TDCEK1Q_frame_9.jpg,saved
val,fake,09_03__talking_against_wall__8DTEGQ54_frame_0.jpg,09_03__talking_against_wall__8DTEGQ54_frame_0.jpg,saved
val,fake,09_03__talking_against_wall__8DTEGQ54_frame_1.jpg,09_03__talking_against_wall__8DTEGQ54_frame_1.jpg,saved
val,fake,09_03__talking_against_wall__8DTEGQ54_frame_2.jpg,09_03__talking_against_wall__8DTEGQ54_frame_2.jpg,saved
val,fake,09_03__talking_against_wall__8DTEGQ54_frame_3.jpg,09_03__talking_against_wall__8DTEGQ54_frame_3.jpg,saved
val,fake,09_03__talking_against_wall__8DTEGQ54_frame_4.jpg,09_03__talking_against_wall__8DTEGQ54_frame_4.jpg,saved
val,fake,09_03__talking_against_wall__8DTEGQ54_frame_5.jpg,09_03__talking_against_wall__8DTEGQ54_frame_5.jpg,saved
val,fake,09_03__talking_against_wall__8DTEGQ54_frame_6.jpg,09_03__talking_against_wall__8DTEGQ54_frame_6.jpg,saved
val,fake,09_03__talking_against_wall__8DTEGQ54_frame_7.jpg,09_03__talking_against_wall__8DTEGQ54_frame_7.jpg,saved
val,fake,09_03__talking_against_wall__8DTEGQ54_frame_8.jpg,09_03__talking_against_wall__8DTEGQ54_frame_8.jpg,saved
val,fake,09_03__talking_against_wall__8DTEGQ54_frame_9.jpg,09_03__talking_against_wall__8DTEGQ54_frame_9.jpg,saved
val,fake,09_13__kitchen_pan__21H6XSPE_frame_0.jpg,09_13__kitchen_pan__21H6XSPE_frame_0.jpg,saved
val,fake,09_13__kitchen_pan__21H6XSPE_frame_1.jpg,09_13__kitchen_pan__21H6XSPE_frame_1.jpg,saved
val,fake,09_13__kitchen_pan__21H6XSPE_frame_2.jpg,09_13__kitchen_pan__21H6XSPE_frame_2.jpg,saved
val,fake,09_13__kitchen_pan__21H6XSPE_frame_3.jpg,09_13__kitchen_pan__21H6XSPE_frame_3.jpg,saved
val,fake,09_13__kitchen_pan__21H6XSPE_frame_4.jpg,09_13__kitchen_pan__21H6XSPE_frame_4.jpg,saved
val,fake,09_13__kitchen_pan__21H6XSPE_frame_5.jpg,09_13__kitchen_pan__21H6XSPE_frame_5.jpg,saved
val,fake,09_13__kitchen_pan__21H6XSPE_frame_6.jpg,09_13__kitchen_pan__21H6XSPE_frame_6.jpg,saved
val,fake,09_13__kitchen_pan__21H6XSPE_frame_7.jpg,09_13__kitchen_pan__21H6XSPE_frame_7.jpg,saved
val,fake,09_13__kitchen_pan__21H6XSPE_frame_8.jpg,09_13__kitchen_pan__21H6XSPE_frame_8.jpg,saved
val,fake,09_13__kitchen_pan__21H6XSPE_frame_9.jpg,09_13__kitchen_pan__21H6XSPE_frame_9.jpg,saved
test,real,01__outside_talking_still_laughing_frame_0.jpg,01__outside_talking_still_laughing_frame_0.jpg,saved
test,real,01__outside_talking_still_laughing_frame_1.jpg,01__outside_talking_still_laughing_frame_1.jpg,saved
test,real,01__outside_talking_still_laughing_frame_2.jpg,01__outside_talking_still_laughing_frame_2.jpg,saved
test,real,01__outside_talking_still_laughing_frame_3.jpg,01__outside_talking_still_laughing_frame_3.jpg,saved
test,real,01__outside_talking_still_laughing_frame_4.jpg,01__outside_talking_still_laughing_frame_4.jpg,saved
test,real,01__outside_talking_still_laughing_frame_5.jpg,01__outside_talking_still_laughing_frame_5.jpg,saved
test,real,01__outside_talking_still_laughing_frame_6.jpg,01__outside_talking_still_laughing_frame_6.jpg,saved
test,real,01__outside_talking_still_laughing_frame_7.jpg,01__outside_talking_still_laughing_frame_7.jpg,saved
test,real,01__outside_talking_still_laughing_frame_8.jpg,01__outside_talking_still_laughing_frame_8.jpg,saved
test,real,01__outside_talking_still_laughing_frame_9.jpg,01__outside_talking_still_laughing_frame_9.jpg,saved
test,real,01__podium_speech_happy_frame_0.jpg,01__podium_speech_happy_frame_0.jpg,saved
test,real,01__podium_speech_happy_frame_1.jpg,01__podium_speech_happy_frame_1.jpg,saved
test,real,01__podium_speech_happy_frame_2.jpg,01__podium_speech_happy_frame_2.jpg,saved
test,real,01__podium_speech_happy_frame_3.jpg,01__podium_speech_happy_frame_3.jpg,saved
test,real,01__podium_speech_happy_frame_4.jpg,01__podium_speech_happy_frame_4.jpg,saved
test,real,01__podium_speech_happy_frame_5.jpg,01__podium_speech_happy_frame_5.jpg,saved
test,real,01__podium_speech_happy_frame_6.jpg,01__podium_speech_happy_frame_6.jpg,saved
test,real,01__podium_speech_happy_frame_7.jpg,01__podium_speech_happy_frame_7.jpg,saved
test,real,01__podium_speech_happy_frame_8.jpg,01__podium_speech_happy_frame_8.jpg,saved
test,real,01__podium_speech_happy_frame_9.jpg,01__podium_speech_happy_frame_9.jpg,saved
test,real,01__secret_conversation_frame_0.jpg,01__secret_conversation_frame_0.jpg,saved
test,real,01__secret_conversation_frame_1.jpg,01__secret_conversation_frame_1.jpg,saved
test,real,01__secret_conversation_frame_2.jpg,01__secret_conversation_frame_2.jpg,saved
test,real,01__secret_conversation_frame_3.jpg,01__secret_conversation_frame_3.jpg,saved
test,real,01__secret_conversation_frame_4.jpg,01__secret_conversation_frame_4.jpg,saved
test,real,01__secret_conversation_frame_5.jpg,01__secret_conversation_frame_5.jpg,saved
test,real,01__secret_conversation_frame_6.jpg,01__secret_conversation_frame_6.jpg,saved
test,real,01__secret_conversation_frame_7.jpg,01__secret_conversation_frame_7.jpg,saved
test,real,01__secret_conversation_frame_8.jpg,01__secret_conversation_frame_8.jpg,saved
test,real,01__secret_conversation_frame_9.jpg,01__secret_conversation_frame_9.jpg,saved
test,real,02__outside_talking_still_laughing_frame_0.jpg,02__outside_talking_still_laughing_frame_0.jpg,saved
test,real,02__outside_talking_still_laughing_frame_1.jpg,02__outside_talking_still_laughing_frame_1.jpg,saved
test,real,02__outside_talking_still_laughing_frame_2.jpg,02__outside_talking_still_laughing_frame_2.jpg,saved
test,real,02__outside_talking_still_laughing_frame_3.jpg,02__outside_talking_still_laughing_frame_3.jpg,saved
test,real,02__outside_talking_still_laughing_frame_4.jpg,02__outside_talking_still_laughing_frame_4.jpg,saved
test,real,02__outside_talking_still_laughing_frame_5.jpg,02__outside_talking_still_laughing_frame_5.jpg,saved
test,real,02__outside_talking_still_laughing_frame_6.jpg,02__outside_talking_still_laughing_frame_6.jpg,saved
test,real,02__outside_talking_still_laughing_frame_7.jpg,02__outside_talking_still_laughing_frame_7.jpg,saved
test,real,02__outside_talking_still_laughing_frame_8.jpg,02__outside_talking_still_laughing_frame_8.jpg,saved
test,real,02__outside_talking_still_laughing_frame_9.jpg,02__outside_talking_still_laughing_frame_9.jpg,saved
test,real,02__podium_speech_happy_frame_0.jpg,02__podium_speech_happy_frame_0.jpg,saved
test,real,02__podium_speech_happy_frame_1.jpg,02__podium_speech_happy_frame_1.jpg,saved
test,real,02__podium_speech_happy_frame_2.jpg,02__podium_speech_happy_frame_2.jpg,saved
test,real,02__podium_speech_happy_frame_3.jpg,02__podium_speech_happy_frame_3.jpg,saved
test,real,02__podium_speech_happy_frame_4.jpg,02__podium_speech_happy_frame_4.jpg,saved
test,real,02__podium_speech_happy_frame_5.jpg,02__podium_speech_happy_frame_5.jpg,saved
test,real,02__podium_speech_happy_frame_6.jpg,02__podium_speech_happy_frame_6.jpg,saved
test,real,02__podium_speech_happy_frame_7.jpg,02__podium_speech_happy_frame_7.jpg,saved
test,real,02__podium_speech_happy_frame_8.jpg,02__podium_speech_happy_frame_8.jpg,saved
test,real,02__podium_speech_happy_frame_9.jpg,02__podium_speech_happy_frame_9.jpg,saved
test,real,02__talking_angry_couch_frame_0.jpg,02__talking_angry_couch_frame_0.jpg,saved
test,real,02__talking_angry_couch_frame_1.jpg,02__talking_angry_couch_frame_1.jpg,saved
test,real,02__talking_angry_couch_frame_2.jpg,02__talking_angry_couch_frame_2.jpg,saved
test,real,02__talking_angry_couch_frame_3.jpg,02__talking_angry_couch_frame_3.jpg,saved
test,real,02__talking_angry_couch_frame_4.jpg,02__talking_angry_couch_frame_4.jpg,saved
test,real,02__talking_angry_couch_frame_5.jpg,02__talking_angry_couch_frame_5.jpg,saved
test,real,02__talking_angry_couch_frame_6.jpg,02__talking_angry_couch_frame_6.jpg,saved
test,real,02__talking_angry_couch_frame_7.jpg,02__talking_angry_couch_frame_7.jpg,saved
test,real,02__talking_angry_couch_frame_8.jpg,02__talking_angry_couch_frame_8.jpg,saved
test,real,02__talking_angry_couch_frame_9.jpg,02__talking_angry_couch_frame_9.jpg,saved
test,real,02__walking_and_outside_surprised_frame_0.jpg,02__walking_and_outside_surprised_frame_0.jpg,saved
test,real,02__walking_and_outside_surprised_frame_1.jpg,02__walking_and_outside_surprised_frame_1.jpg,saved
test,real,02__walking_and_outside_surprised_frame_2.jpg,02__walking_and_outside_surprised_frame_2.jpg,saved
test,real,02__walking_and_outside_surprised_frame_3.jpg,02__walking_and_outside_surprised_frame_3.jpg,saved
test,real,02__walking_and_outside_surprised_frame_4.jpg,02__walking_and_outside_surprised_frame_4.jpg,saved
test,real,02__walking_and_outside_surprised_frame_5.jpg,02__walking_and_outside_surprised_frame_5.jpg,saved
test,real,02__walking_and_outside_surprised_frame_6.jpg,02__walking_and_outside_surprised_frame_6.jpg,saved
test,real,02__walking_and_outside_surprised_frame_7.jpg,02__walking_and_outside_surprised_frame_7.jpg,saved
test,real,02__walking_and_outside_surprised_frame_8.jpg,02__walking_and_outside_surprised_frame_8.jpg,saved
test,real,02__walking_and_outside_surprised_frame_9.jpg,02__walking_and_outside_surprised_frame_9.jpg,saved
test,real,03__kitchen_still_frame_0.jpg,03__kitchen_still_frame_0.jpg,saved
test,real,03__kitchen_still_frame_1.jpg,03__kitchen_still_frame_1.jpg,saved
test,real,03__kitchen_still_frame_2.jpg,03__kitchen_still_frame_2.jpg,saved
test,real,03__kitchen_still_frame_3.jpg,03__kitchen_still_frame_3.jpg,saved
test,real,03__kitchen_still_frame_4.jpg,03__kitchen_still_frame_4.jpg,saved
test,real,03__kitchen_still_frame_5.jpg,03__kitchen_still_frame_5.jpg,saved
test,real,03__kitchen_still_frame_6.jpg,03__kitchen_still_frame_6.jpg,saved
test,real,03__kitchen_still_frame_7.jpg,03__kitchen_still_frame_7.jpg,saved
test,real,03__kitchen_still_frame_8.jpg,03__kitchen_still_frame_8.jpg,saved
test,real,03__kitchen_still_frame_9.jpg,03__kitchen_still_frame_9.jpg,saved
test,real,04__kitchen_still_frame_0.jpg,04__kitchen_still_frame_0.jpg,saved
test,real,04__kitchen_still_frame_1.jpg,04__kitchen_still_frame_1.jpg,saved
test,real,04__kitchen_still_frame_2.jpg,04__kitchen_still_frame_2.jpg,saved
test,real,04__kitchen_still_frame_3.jpg,04__kitchen_still_frame_3.jpg,saved
test,real,04__kitchen_still_frame_4.jpg,04__kitchen_still_frame_4.jpg,saved
test,real,04__kitchen_still_frame_5.jpg,04__kitchen_still_frame_5.jpg,saved
test,real,04__kitchen_still_frame_6.jpg,04__kitchen_still_frame_6.jpg,saved
test,real,04__kitchen_still_frame_7.jpg,04__kitchen_still_frame_7.jpg,saved
test,real,04__kitchen_still_frame_8.jpg,04__kitchen_still_frame_8.jpg,saved
test,real,04__kitchen_still_frame_9.jpg,04__kitchen_still_frame_9.jpg,saved
test,real,04__talking_against_wall_frame_0.jpg,04__talking_against_wall_frame_0.jpg,saved
test,real,04__talking_against_wall_frame_1.jpg,04__talking_against_wall_frame_1.jpg,saved
test,real,04__talking_against_wall_frame_2.jpg,04__talking_against_wall_frame_2.jpg,saved
test,real,04__talking_against_wall_frame_3.jpg,04__talking_against_wall_frame_3.jpg,saved
test,real,04__talking_against_wall_frame_4.jpg,04__talking_against_wall_frame_4.jpg,saved
test,real,04__talking_against_wall_frame_5.jpg,04__talking_against_wall_frame_5.jpg,saved
test,real,04__talking_against_wall_frame_6.jpg,04__talking_against_wall_frame_6.jpg,saved
test,real,04__talking_against_wall_frame_7.jpg,04__talking_against_wall_frame_7.jpg,saved
test,real,04__talking_against_wall_frame_8.jpg,04__talking_against_wall_frame_8.jpg,saved
test,real,04__talking_against_wall_frame_9.jpg,04__talking_against_wall_frame_9.jpg,saved
test,real,04__talking_angry_couch_frame_0.jpg,04__talking_angry_couch_frame_0.jpg,saved
test,real,04__talking_angry_couch_frame_1.jpg,04__talking_angry_couch_frame_1.jpg,saved
test,real,04__talking_angry_couch_frame_2.jpg,04__talking_angry_couch_frame_2.jpg,saved
test,real,04__talking_angry_couch_frame_3.jpg,04__talking_angry_couch_frame_3.jpg,saved
test,real,04__talking_angry_couch_frame_4.jpg,04__talking_angry_couch_frame_4.jpg,saved
test,real,04__talking_angry_couch_frame_5.jpg,04__talking_angry_couch_frame_5.jpg,saved
test,real,04__talking_angry_couch_frame_6.jpg,04__talking_angry_couch_frame_6.jpg,saved
test,real,04__talking_angry_couch_frame_7.jpg,04__talking_angry_couch_frame_7.jpg,saved
test,real,04__talking_angry_couch_frame_8.jpg,04__talking_angry_couch_frame_8.jpg,saved
test,real,04__talking_angry_couch_frame_9.jpg,04__talking_angry_couch_frame_9.jpg,saved
test,real,04__walk_down_hall_angry_frame_0.jpg,04__walk_down_hall_angry_frame_0.jpg,saved
test,real,04__walk_down_hall_angry_frame_1.jpg,04__walk_down_hall_angry_frame_1.jpg,no face detected
test,real,04__walk_down_hall_angry_frame_2.jpg,04__walk_down_hall_angry_frame_2.jpg,saved
test,real,04__walk_down_hall_angry_frame_3.jpg,04__walk_down_hall_angry_frame_3.jpg,saved
test,real,04__walk_down_hall_angry_frame_4.jpg,04__walk_down_hall_angry_frame_4.jpg,saved
test,real,04__walk_down_hall_angry_frame_5.jpg,04__walk_down_hall_angry_frame_5.jpg,saved
test,real,04__walk_down_hall_angry_frame_6.jpg,04__walk_down_hall_angry_frame_6.jpg,saved
test,real,04__walk_down_hall_angry_frame_7.jpg,04__walk_down_hall_angry_frame_7.jpg,saved
test,real,04__walk_down_hall_angry_frame_8.jpg,04__walk_down_hall_angry_frame_8.jpg,saved
test,real,04__walk_down_hall_angry_frame_9.jpg,04__walk_down_hall_angry_frame_9.jpg,saved
test,real,04__walking_outside_cafe_disgusted_frame_0.jpg,04__walking_outside_cafe_disgusted_frame_0.jpg,saved
test,real,04__walking_outside_cafe_disgusted_frame_1.jpg,04__walking_outside_cafe_disgusted_frame_1.jpg,saved
test,real,04__walking_outside_cafe_disgusted_frame_2.jpg,04__walking_outside_cafe_disgusted_frame_2.jpg,saved
test,real,04__walking_outside_cafe_disgusted_frame_3.jpg,04__walking_outside_cafe_disgusted_frame_3.jpg,saved
test,real,04__walking_outside_cafe_disgusted_frame_4.jpg,04__walking_outside_cafe_disgusted_frame_4.jpg,saved
test,real,04__walking_outside_cafe_disgusted_frame_5.jpg,04__walking_outside_cafe_disgusted_frame_5.jpg,saved
test,real,04__walking_outside_cafe_disgusted_frame_6.jpg,04__walking_outside_cafe_disgusted_frame_6.jpg,saved
test,real,04__walking_outside_cafe_disgusted_frame_7.jpg,04__walking_outside_cafe_disgusted_frame_7.jpg,saved
test,real,04__walking_outside_cafe_disgusted_frame_8.jpg,04__walking_outside_cafe_disgusted_frame_8.jpg,saved
test,real,04__walking_outside_cafe_disgusted_frame_9.jpg,04__walking_outside_cafe_disgusted_frame_9.jpg,no face detected
test,real,05__kitchen_pan_frame_0.jpg,05__kitchen_pan_frame_0.jpg,no face detected
test,real,05__kitchen_pan_frame_1.jpg,05__kitchen_pan_frame_1.jpg,saved
test,real,05__kitchen_pan_frame_2.jpg,05__kitchen_pan_frame_2.jpg,saved
test,real,05__kitchen_pan_frame_3.jpg,05__kitchen_pan_frame_3.jpg,saved
test,real,05__kitchen_pan_frame_4.jpg,05__kitchen_pan_frame_4.jpg,saved
test,real,05__kitchen_pan_frame_5.jpg,05__kitchen_pan_frame_5.jpg,saved
test,real,05__kitchen_pan_frame_6.jpg,05__kitchen_pan_frame_6.jpg,saved
test,real,05__kitchen_pan_frame_7.jpg,05__kitchen_pan_frame_7.jpg,saved
test,real,05__kitchen_pan_frame_8.jpg,05__kitchen_pan_frame_8.jpg,saved
test,real,05__kitchen_pan_frame_9.jpg,05__kitchen_pan_frame_9.jpg,no face detected
test,real,05__walking_outside_cafe_disgusted_frame_0.jpg,05__walking_outside_cafe_disgusted_frame_0.jpg,no face detected
test,real,05__walking_outside_cafe_disgusted_frame_1.jpg,05__walking_outside_cafe_disgusted_frame_1.jpg,saved
test,real,05__walking_outside_cafe_disgusted_frame_2.jpg,05__walking_outside_cafe_disgusted_frame_2.jpg,saved
test,real,05__walking_outside_cafe_disgusted_frame_3.jpg,05__walking_outside_cafe_disgusted_frame_3.jpg,saved
test,real,05__walking_outside_cafe_disgusted_frame_4.jpg,05__walking_outside_cafe_disgusted_frame_4.jpg,saved
test,real,05__walking_outside_cafe_disgusted_frame_5.jpg,05__walking_outside_cafe_disgusted_frame_5.jpg,saved
test,real,05__walking_outside_cafe_disgusted_frame_6.jpg,05__walking_outside_cafe_disgusted_frame_6.jpg,saved
test,real,05__walking_outside_cafe_disgusted_frame_7.jpg,05__walking_outside_cafe_disgusted_frame_7.jpg,saved
test,real,05__walking_outside_cafe_disgusted_frame_8.jpg,05__walking_outside_cafe_disgusted_frame_8.jpg,saved
test,real,05__walking_outside_cafe_disgusted_frame_9.jpg,05__walking_outside_cafe_disgusted_frame_9.jpg,saved
test,real,08__walking_outside_cafe_disgusted_frame_0.jpg,08__walking_outside_cafe_disgusted_frame_0.jpg,saved
test,real,08__walking_outside_cafe_disgusted_frame_1.jpg,08__walking_outside_cafe_disgusted_frame_1.jpg,saved
test,real,08__walking_outside_cafe_disgusted_frame_2.jpg,08__walking_outside_cafe_disgusted_frame_2.jpg,saved
test,real,08__walking_outside_cafe_disgusted_frame_3.jpg,08__walking_outside_cafe_disgusted_frame_3.jpg,saved
test,real,08__walking_outside_cafe_disgusted_frame_4.jpg,08__walking_outside_cafe_disgusted_frame_4.jpg,saved
test,real,08__walking_outside_cafe_disgusted_frame_5.jpg,08__walking_outside_cafe_disgusted_frame_5.jpg,saved
test,real,08__walking_outside_cafe_disgusted_frame_6.jpg,08__walking_outside_cafe_disgusted_frame_6.jpg,saved
test,real,08__walking_outside_cafe_disgusted_frame_7.jpg,08__walking_outside_cafe_disgusted_frame_7.jpg,saved
test,real,08__walking_outside_cafe_disgusted_frame_8.jpg,08__walking_outside_cafe_disgusted_frame_8.jpg,saved
test,real,08__walking_outside_cafe_disgusted_frame_9.jpg,08__walking_outside_cafe_disgusted_frame_9.jpg,saved
test,real,09__exit_phone_room_frame_0.jpg,09__exit_phone_room_frame_0.jpg,saved
test,real,09__exit_phone_room_frame_1.jpg,09__exit_phone_room_frame_1.jpg,saved
test,real,09__exit_phone_room_frame_2.jpg,09__exit_phone_room_frame_2.jpg,saved
test,real,09__exit_phone_room_frame_3.jpg,09__exit_phone_room_frame_3.jpg,saved
test,real,09__exit_phone_room_frame_4.jpg,09__exit_phone_room_frame_4.jpg,saved
test,real,09__exit_phone_room_frame_5.jpg,09__exit_phone_room_frame_5.jpg,saved
test,real,09__exit_phone_room_frame_6.jpg,09__exit_phone_room_frame_6.jpg,saved
test,real,09__exit_phone_room_frame_7.jpg,09__exit_phone_room_frame_7.jpg,saved
test,real,09__exit_phone_room_frame_8.jpg,09__exit_phone_room_frame_8.jpg,saved
test,real,09__exit_phone_room_frame_9.jpg,09__exit_phone_room_frame_9.jpg,saved
test,real,09__talking_angry_couch_frame_0.jpg,09__talking_angry_couch_frame_0.jpg,saved
test,real,09__talking_angry_couch_frame_1.jpg,09__talking_angry_couch_frame_1.jpg,saved
test,real,09__talking_angry_couch_frame_2.jpg,09__talking_angry_couch_frame_2.jpg,saved
test,real,09__talking_angry_couch_frame_3.jpg,09__talking_angry_couch_frame_3.jpg,saved
test,real,09__talking_angry_couch_frame_4.jpg,09__talking_angry_couch_frame_4.jpg,saved
test,real,09__talking_angry_couch_frame_5.jpg,09__talking_angry_couch_frame_5.jpg,saved
test,real,09__talking_angry_couch_frame_6.jpg,09__talking_angry_couch_frame_6.jpg,saved
test,real,09__talking_angry_couch_frame_7.jpg,09__talking_angry_couch_frame_7.jpg,saved
test,real,09__talking_angry_couch_frame_8.jpg,09__talking_angry_couch_frame_8.jpg,saved
test,real,09__talking_angry_couch_frame_9.jpg,09__talking_angry_couch_frame_9.jpg,saved
test,real,11__kitchen_pan_frame_0.jpg,11__kitchen_pan_frame_0.jpg,saved
test,real,11__kitchen_pan_frame_1.jpg,11__kitchen_pan_frame_1.jpg,saved
test,real,11__kitchen_pan_frame_2.jpg,11__kitchen_pan_frame_2.jpg,saved
test,real,11__kitchen_pan_frame_3.jpg,11__kitchen_pan_frame_3.jpg,saved
test,real,11__kitchen_pan_frame_4.jpg,11__kitchen_pan_frame_4.jpg,saved
test,real,11__kitchen_pan_frame_5.jpg,11__kitchen_pan_frame_5.jpg,saved
test,real,11__kitchen_pan_frame_6.jpg,11__kitchen_pan_frame_6.jpg,saved
test,real,11__kitchen_pan_frame_7.jpg,11__kitchen_pan_frame_7.jpg,saved
test,real,11__kitchen_pan_frame_8.jpg,11__kitchen_pan_frame_8.jpg,saved
test,real,11__kitchen_pan_frame_9.jpg,11__kitchen_pan_frame_9.jpg,no face detected
test,real,11__walking_outside_cafe_disgusted_frame_0.jpg,11__walking_outside_cafe_disgusted_frame_0.jpg,saved
test,real,11__walking_outside_cafe_disgusted_frame_1.jpg,11__walking_outside_cafe_disgusted_frame_1.jpg,saved
test,real,11__walking_outside_cafe_disgusted_frame_2.jpg,11__walking_outside_cafe_disgusted_frame_2.jpg,saved
test,real,11__walking_outside_cafe_disgusted_frame_3.jpg,11__walking_outside_cafe_disgusted_frame_3.jpg,saved
test,real,11__walking_outside_cafe_disgusted_frame_4.jpg,11__walking_outside_cafe_disgusted_frame_4.jpg,saved
test,real,11__walking_outside_cafe_disgusted_frame_5.jpg,11__walking_outside_cafe_disgusted_frame_5.jpg,saved
test,real,11__walking_outside_cafe_disgusted_frame_6.jpg,11__walking_outside_cafe_disgusted_frame_6.jpg,saved
test,real,11__walking_outside_cafe_disgusted_frame_7.jpg,11__walking_outside_cafe_disgusted_frame_7.jpg,saved
test,real,11__walking_outside_cafe_disgusted_frame_8.jpg,11__walking_outside_cafe_disgusted_frame_8.jpg,saved
test,real,11__walking_outside_cafe_disgusted_frame_9.jpg,11__walking_outside_cafe_disgusted_frame_9.jpg,saved
test,real,12__kitchen_still_frame_0.jpg,12__kitchen_still_frame_0.jpg,saved
test,real,12__kitchen_still_frame_1.jpg,12__kitchen_still_frame_1.jpg,saved
test,real,12__kitchen_still_frame_2.jpg,12__kitchen_still_frame_2.jpg,saved
test,real,12__kitchen_still_frame_3.jpg,12__kitchen_still_frame_3.jpg,saved
test,real,12__kitchen_still_frame_4.jpg,12__kitchen_still_frame_4.jpg,saved
test,real,12__kitchen_still_frame_5.jpg,12__kitchen_still_frame_5.jpg,saved
test,real,12__kitchen_still_frame_6.jpg,12__kitchen_still_frame_6.jpg,saved
test,real,12__kitchen_still_frame_7.jpg,12__kitchen_still_frame_7.jpg,saved
test,real,12__kitchen_still_frame_8.jpg,12__kitchen_still_frame_8.jpg,saved
test,real,12__kitchen_still_frame_9.jpg,12__kitchen_still_frame_9.jpg,saved
test,real,12__walking_and_outside_surprised_frame_0.jpg,12__walking_and_outside_surprised_frame_0.jpg,saved
test,real,12__walking_and_outside_surprised_frame_1.jpg,12__walking_and_outside_surprised_frame_1.jpg,saved
test,real,12__walking_and_outside_surprised_frame_2.jpg,12__walking_and_outside_surprised_frame_2.jpg,saved
test,real,12__walking_and_outside_surprised_frame_3.jpg,12__walking_and_outside_surprised_frame_3.jpg,saved
test,real,12__walking_and_outside_surprised_frame_4.jpg,12__walking_and_outside_surprised_frame_4.jpg,saved
test,real,12__walking_and_outside_surprised_frame_5.jpg,12__walking_and_outside_surprised_frame_5.jpg,saved
test,real,12__walking_and_outside_surprised_frame_6.jpg,12__walking_and_outside_surprised_frame_6.jpg,saved
test,real,12__walking_and_outside_surprised_frame_7.jpg,12__walking_and_outside_surprised_frame_7.jpg,saved
test,real,12__walking_and_outside_surprised_frame_8.jpg,12__walking_and_outside_surprised_frame_8.jpg,saved
test,real,12__walking_and_outside_surprised_frame_9.jpg,12__walking_and_outside_surprised_frame_9.jpg,saved
test,real,12__walking_outside_cafe_disgusted_frame_0.jpg,12__walking_outside_cafe_disgusted_frame_0.jpg,saved
test,real,12__walking_outside_cafe_disgusted_frame_1.jpg,12__walking_outside_cafe_disgusted_frame_1.jpg,saved
test,real,12__walking_outside_cafe_disgusted_frame_2.jpg,12__walking_outside_cafe_disgusted_frame_2.jpg,saved
test,real,12__walking_outside_cafe_disgusted_frame_3.jpg,12__walking_outside_cafe_disgusted_frame_3.jpg,saved
test,real,12__walking_outside_cafe_disgusted_frame_4.jpg,12__walking_outside_cafe_disgusted_frame_4.jpg,saved
test,real,12__walking_outside_cafe_disgusted_frame_5.jpg,12__walking_outside_cafe_disgusted_frame_5.jpg,saved
test,real,12__walking_outside_cafe_disgusted_frame_6.jpg,12__walking_outside_cafe_disgusted_frame_6.jpg,saved
test,real,12__walking_outside_cafe_disgusted_frame_7.jpg,12__walking_outside_cafe_disgusted_frame_7.jpg,saved
test,real,12__walking_outside_cafe_disgusted_frame_8.jpg,12__walking_outside_cafe_disgusted_frame_8.jpg,saved
test,real,12__walking_outside_cafe_disgusted_frame_9.jpg,12__walking_outside_cafe_disgusted_frame_9.jpg,saved
test,real,13__talking_against_wall_frame_0.jpg,13__talking_against_wall_frame_0.jpg,saved
test,real,13__talking_against_wall_frame_1.jpg,13__talking_against_wall_frame_1.jpg,saved
test,real,13__talking_against_wall_frame_2.jpg,13__talking_against_wall_frame_2.jpg,saved
test,real,13__talking_against_wall_frame_3.jpg,13__talking_against_wall_frame_3.jpg,saved
test,real,13__talking_against_wall_frame_4.jpg,13__talking_against_wall_frame_4.jpg,saved
test,real,13__talking_against_wall_frame_5.jpg,13__talking_against_wall_frame_5.jpg,saved
test,real,13__talking_against_wall_frame_6.jpg,13__talking_against_wall_frame_6.jpg,saved
test,real,13__talking_against_wall_frame_7.jpg,13__talking_against_wall_frame_7.jpg,saved
test,real,13__talking_against_wall_frame_8.jpg,13__talking_against_wall_frame_8.jpg,saved
test,real,13__talking_against_wall_frame_9.jpg,13__talking_against_wall_frame_9.jpg,saved
test,real,13__walking_and_outside_surprised_frame_0.jpg,13__walking_and_outside_surprised_frame_0.jpg,saved
test,real,13__walking_and_outside_surprised_frame_1.jpg,13__walking_and_outside_surprised_frame_1.jpg,saved
test,real,13__walking_and_outside_surprised_frame_2.jpg,13__walking_and_outside_surprised_frame_2.jpg,saved
test,real,13__walking_and_outside_surprised_frame_3.jpg,13__walking_and_outside_surprised_frame_3.jpg,saved
test,real,13__walking_and_outside_surprised_frame_4.jpg,13__walking_and_outside_surprised_frame_4.jpg,saved
test,real,13__walking_and_outside_surprised_frame_5.jpg,13__walking_and_outside_surprised_frame_5.jpg,saved
test,real,13__walking_and_outside_surprised_frame_6.jpg,13__walking_and_outside_surprised_frame_6.jpg,saved
test,real,13__walking_and_outside_surprised_frame_7.jpg,13__walking_and_outside_surprised_frame_7.jpg,saved
test,real,13__walking_and_outside_surprised_frame_8.jpg,13__walking_and_outside_surprised_frame_8.jpg,saved
test,real,13__walking_and_outside_surprised_frame_9.jpg,13__walking_and_outside_surprised_frame_9.jpg,saved
test,real,14__kitchen_still_frame_0.jpg,14__kitchen_still_frame_0.jpg,saved
test,real,14__kitchen_still_frame_1.jpg,14__kitchen_still_frame_1.jpg,saved
test,real,14__kitchen_still_frame_2.jpg,14__kitchen_still_frame_2.jpg,saved
test,real,14__kitchen_still_frame_3.jpg,14__kitchen_still_frame_3.jpg,saved
test,real,14__kitchen_still_frame_4.jpg,14__kitchen_still_frame_4.jpg,saved
test,real,14__kitchen_still_frame_5.jpg,14__kitchen_still_frame_5.jpg,saved
test,real,14__kitchen_still_frame_6.jpg,14__kitchen_still_frame_6.jpg,saved
test,real,14__kitchen_still_frame_7.jpg,14__kitchen_still_frame_7.jpg,saved
test,real,14__kitchen_still_frame_8.jpg,14__kitchen_still_frame_8.jpg,saved
test,real,14__kitchen_still_frame_9.jpg,14__kitchen_still_frame_9.jpg,saved
test,real,15__kitchen_still_frame_0.jpg,15__kitchen_still_frame_0.jpg,saved
test,real,15__kitchen_still_frame_1.jpg,15__kitchen_still_frame_1.jpg,saved
test,real,15__kitchen_still_frame_2.jpg,15__kitchen_still_frame_2.jpg,saved
test,real,15__kitchen_still_frame_3.jpg,15__kitchen_still_frame_3.jpg,saved
test,real,15__kitchen_still_frame_4.jpg,15__kitchen_still_frame_4.jpg,saved
test,real,15__kitchen_still_frame_5.jpg,15__kitchen_still_frame_5.jpg,saved
test,real,15__kitchen_still_frame_6.jpg,15__kitchen_still_frame_6.jpg,saved
test,real,15__kitchen_still_frame_7.jpg,15__kitchen_still_frame_7.jpg,saved
test,real,15__kitchen_still_frame_8.jpg,15__kitchen_still_frame_8.jpg,saved
test,real,15__kitchen_still_frame_9.jpg,15__kitchen_still_frame_9.jpg,saved
test,real,15__outside_talking_pan_laughing_frame_0.jpg,15__outside_talking_pan_laughing_frame_0.jpg,no face detected
test,real,15__outside_talking_pan_laughing_frame_1.jpg,15__outside_talking_pan_laughing_frame_1.jpg,saved
test,real,15__outside_talking_pan_laughing_frame_2.jpg,15__outside_talking_pan_laughing_frame_2.jpg,saved
test,real,15__outside_talking_pan_laughing_frame_3.jpg,15__outside_talking_pan_laughing_frame_3.jpg,saved
test,real,15__outside_talking_pan_laughing_frame_4.jpg,15__outside_talking_pan_laughing_frame_4.jpg,saved
test,real,15__outside_talking_pan_laughing_frame_5.jpg,15__outside_talking_pan_laughing_frame_5.jpg,saved
test,real,15__outside_talking_pan_laughing_frame_6.jpg,15__outside_talking_pan_laughing_frame_6.jpg,saved
test,real,15__outside_talking_pan_laughing_frame_7.jpg,15__outside_talking_pan_laughing_frame_7.jpg,saved
test,real,15__outside_talking_pan_laughing_frame_8.jpg,15__outside_talking_pan_laughing_frame_8.jpg,saved
test,real,15__outside_talking_pan_laughing_frame_9.jpg,15__outside_talking_pan_laughing_frame_9.jpg,no face detected
test,real,15__podium_speech_happy_frame_0.jpg,15__podium_speech_happy_frame_0.jpg,saved
test,real,15__podium_speech_happy_frame_1.jpg,15__podium_speech_happy_frame_1.jpg,saved
test,real,15__podium_speech_happy_frame_2.jpg,15__podium_speech_happy_frame_2.jpg,saved
test,real,15__podium_speech_happy_frame_3.jpg,15__podium_speech_happy_frame_3.jpg,saved
test,real,15__podium_speech_happy_frame_4.jpg,15__podium_speech_happy_frame_4.jpg,saved
test,real,15__podium_speech_happy_frame_5.jpg,15__podium_speech_happy_frame_5.jpg,saved
test,real,15__podium_speech_happy_frame_6.jpg,15__podium_speech_happy_frame_6.jpg,saved
test,real,15__podium_speech_happy_frame_7.jpg,15__podium_speech_happy_frame_7.jpg,saved
test,real,15__podium_speech_happy_frame_8.jpg,15__podium_speech_happy_frame_8.jpg,saved
test,real,15__podium_speech_happy_frame_9.jpg,15__podium_speech_happy_frame_9.jpg,saved
test,real,15__walking_down_street_outside_angry_frame_0.jpg,15__walking_down_street_outside_angry_frame_0.jpg,saved
test,real,15__walking_down_street_outside_angry_frame_1.jpg,15__walking_down_street_outside_angry_frame_1.jpg,saved
test,real,15__walking_down_street_outside_angry_frame_2.jpg,15__walking_down_street_outside_angry_frame_2.jpg,saved
test,real,15__walking_down_street_outside_angry_frame_3.jpg,15__walking_down_street_outside_angry_frame_3.jpg,saved
test,real,15__walking_down_street_outside_angry_frame_4.jpg,15__walking_down_street_outside_angry_frame_4.jpg,saved
test,real,15__walking_down_street_outside_angry_frame_5.jpg,15__walking_down_street_outside_angry_frame_5.jpg,saved
test,real,15__walking_down_street_outside_angry_frame_6.jpg,15__walking_down_street_outside_angry_frame_6.jpg,saved
test,real,15__walking_down_street_outside_angry_frame_7.jpg,15__walking_down_street_outside_angry_frame_7.jpg,saved
test,real,15__walking_down_street_outside_angry_frame_8.jpg,15__walking_down_street_outside_angry_frame_8.jpg,saved
test,real,15__walking_down_street_outside_angry_frame_9.jpg,15__walking_down_street_outside_angry_frame_9.jpg,saved
test,fake,01_03__talking_against_wall__JZUXXFRB_frame_0.jpg,01_03__talking_against_wall__JZUXXFRB_frame_0.jpg,saved
test,fake,01_03__talking_against_wall__JZUXXFRB_frame_1.jpg,01_03__talking_against_wall__JZUXXFRB_frame_1.jpg,saved
test,fake,01_03__talking_against_wall__JZUXXFRB_frame_2.jpg,01_03__talking_against_wall__JZUXXFRB_frame_2.jpg,saved
test,fake,01_03__talking_against_wall__JZUXXFRB_frame_3.jpg,01_03__talking_against_wall__JZUXXFRB_frame_3.jpg,saved
test,fake,01_03__talking_against_wall__JZUXXFRB_frame_4.jpg,01_03__talking_against_wall__JZUXXFRB_frame_4.jpg,saved
test,fake,01_03__talking_against_wall__JZUXXFRB_frame_5.jpg,01_03__talking_against_wall__JZUXXFRB_frame_5.jpg,saved
test,fake,01_03__talking_against_wall__JZUXXFRB_frame_6.jpg,01_03__talking_against_wall__JZUXXFRB_frame_6.jpg,saved
test,fake,01_03__talking_against_wall__JZUXXFRB_frame_7.jpg,01_03__talking_against_wall__JZUXXFRB_frame_7.jpg,saved
test,fake,01_03__talking_against_wall__JZUXXFRB_frame_8.jpg,01_03__talking_against_wall__JZUXXFRB_frame_8.jpg,saved
test,fake,01_03__talking_against_wall__JZUXXFRB_frame_9.jpg,01_03__talking_against_wall__JZUXXFRB_frame_9.jpg,saved
test,fake,01_12__outside_talking_pan_laughing__TNI7KUZ6_frame_0.jpg,01_12__outside_talking_pan_laughing__TNI7KUZ6_frame_0.jpg,saved
test,fake,01_12__outside_talking_pan_laughing__TNI7KUZ6_frame_1.jpg,01_12__outside_talking_pan_laughing__TNI7KUZ6_frame_1.jpg,saved
test,fake,01_12__outside_talking_pan_laughing__TNI7KUZ6_frame_2.jpg,01_12__outside_talking_pan_laughing__TNI7KUZ6_frame_2.jpg,saved
test,fake,01_12__outside_talking_pan_laughing__TNI7KUZ6_frame_3.jpg,01_12__outside_talking_pan_laughing__TNI7KUZ6_frame_3.jpg,saved
test,fake,01_12__outside_talking_pan_laughing__TNI7KUZ6_frame_4.jpg,01_12__outside_talking_pan_laughing__TNI7KUZ6_frame_4.jpg,saved
test,fake,01_12__outside_talking_pan_laughing__TNI7KUZ6_frame_5.jpg,01_12__outside_talking_pan_laughing__TNI7KUZ6_frame_5.jpg,saved
test,fake,01_12__outside_talking_pan_laughing__TNI7KUZ6_frame_6.jpg,01_12__outside_talking_pan_laughing__TNI7KUZ6_frame_6.jpg,saved
test,fake,01_12__outside_talking_pan_laughing__TNI7KUZ6_frame_7.jpg,01_12__outside_talking_pan_laughing__TNI7KUZ6_frame_7.jpg,saved
test,fake,01_12__outside_talking_pan_laughing__TNI7KUZ6_frame_8.jpg,01_12__outside_talking_pan_laughing__TNI7KUZ6_frame_8.jpg,saved
test,fake,01_12__outside_talking_pan_laughing__TNI7KUZ6_frame_9.jpg,01_12__outside_talking_pan_laughing__TNI7KUZ6_frame_9.jpg,no face detected
test,fake,01_27__outside_talking_still_laughing__ZYCZ30C0_frame_0.jpg,01_27__outside_talking_still_laughing__ZYCZ30C0_frame_0.jpg,saved
test,fake,01_27__outside_talking_still_laughing__ZYCZ30C0_frame_1.jpg,01_27__outside_talking_still_laughing__ZYCZ30C0_frame_1.jpg,saved
test,fake,01_27__outside_talking_still_laughing__ZYCZ30C0_frame_2.jpg,01_27__outside_talking_still_laughing__ZYCZ30C0_frame_2.jpg,saved
test,fake,01_27__outside_talking_still_laughing__ZYCZ30C0_frame_3.jpg,01_27__outside_talking_still_laughing__ZYCZ30C0_frame_3.jpg,saved
test,fake,01_27__outside_talking_still_laughing__ZYCZ30C0_frame_4.jpg,01_27__outside_talking_still_laughing__ZYCZ30C0_frame_4.jpg,saved
test,fake,01_27__outside_talking_still_laughing__ZYCZ30C0_frame_5.jpg,01_27__outside_talking_still_laughing__ZYCZ30C0_frame_5.jpg,saved
test,fake,01_27__outside_talking_still_laughing__ZYCZ30C0_frame_6.jpg,01_27__outside_talking_still_laughing__ZYCZ30C0_frame_6.jpg,saved
test,fake,01_27__outside_talking_still_laughing__ZYCZ30C0_frame_7.jpg,01_27__outside_talking_still_laughing__ZYCZ30C0_frame_7.jpg,saved
test,fake,01_27__outside_talking_still_laughing__ZYCZ30C0_frame_8.jpg,01_27__outside_talking_still_laughing__ZYCZ30C0_frame_8.jpg,saved
test,fake,01_27__outside_talking_still_laughing__ZYCZ30C0_frame_9.jpg,01_27__outside_talking_still_laughing__ZYCZ30C0_frame_9.jpg,saved
test,fake,02_07__meeting_serious__1JCLEEBQ_frame_0.jpg,02_07__meeting_serious__1JCLEEBQ_frame_0.jpg,saved
test,fake,02_07__meeting_serious__1JCLEEBQ_frame_1.jpg,02_07__meeting_serious__1JCLEEBQ_frame_1.jpg,saved
test,fake,02_07__meeting_serious__1JCLEEBQ_frame_2.jpg,02_07__meeting_serious__1JCLEEBQ_frame_2.jpg,saved
test,fake,02_07__meeting_serious__1JCLEEBQ_frame_3.jpg,02_07__meeting_serious__1JCLEEBQ_frame_3.jpg,saved
test,fake,02_07__meeting_serious__1JCLEEBQ_frame_4.jpg,02_07__meeting_serious__1JCLEEBQ_frame_4.jpg,saved
test,fake,02_07__meeting_serious__1JCLEEBQ_frame_5.jpg,02_07__meeting_serious__1JCLEEBQ_frame_5.jpg,saved
test,fake,02_07__meeting_serious__1JCLEEBQ_frame_6.jpg,02_07__meeting_serious__1JCLEEBQ_frame_6.jpg,saved
test,fake,02_07__meeting_serious__1JCLEEBQ_frame_7.jpg,02_07__meeting_serious__1JCLEEBQ_frame_7.jpg,saved
test,fake,02_07__meeting_serious__1JCLEEBQ_frame_8.jpg,02_07__meeting_serious__1JCLEEBQ_frame_8.jpg,saved
test,fake,02_07__meeting_serious__1JCLEEBQ_frame_9.jpg,02_07__meeting_serious__1JCLEEBQ_frame_9.jpg,saved
test,fake,02_07__walking_down_street_outside_angry__O4SXNLRL_frame_0.jpg,02_07__walking_down_street_outside_angry__O4SXNLRL_frame_0.jpg,saved
test,fake,02_07__walking_down_street_outside_angry__O4SXNLRL_frame_1.jpg,02_07__walking_down_street_outside_angry__O4SXNLRL_frame_1.jpg,saved
test,fake,02_07__walking_down_street_outside_angry__O4SXNLRL_frame_2.jpg,02_07__walking_down_street_outside_angry__O4SXNLRL_frame_2.jpg,saved
test,fake,02_07__walking_down_street_outside_angry__O4SXNLRL_frame_3.jpg,02_07__walking_down_street_outside_angry__O4SXNLRL_frame_3.jpg,saved
test,fake,02_07__walking_down_street_outside_angry__O4SXNLRL_frame_4.jpg,02_07__walking_down_street_outside_angry__O4SXNLRL_frame_4.jpg,saved
test,fake,02_07__walking_down_street_outside_angry__O4SXNLRL_frame_5.jpg,02_07__walking_down_street_outside_angry__O4SXNLRL_frame_5.jpg,saved
test,fake,02_07__walking_down_street_outside_angry__O4SXNLRL_frame_6.jpg,02_07__walking_down_street_outside_angry__O4SXNLRL_frame_6.jpg,saved
test,fake,02_07__walking_down_street_outside_angry__O4SXNLRL_frame_7.jpg,02_07__walking_down_street_outside_angry__O4SXNLRL_frame_7.jpg,saved
test,fake,02_07__walking_down_street_outside_angry__O4SXNLRL_frame_8.jpg,02_07__walking_down_street_outside_angry__O4SXNLRL_frame_8.jpg,saved
test,fake,02_07__walking_down_street_outside_angry__O4SXNLRL_frame_9.jpg,02_07__walking_down_street_outside_angry__O4SXNLRL_frame_9.jpg,saved
test,fake,02_13__exit_phone_room__CP5HFV3K_frame_0.jpg,02_13__exit_phone_room__CP5HFV3K_frame_0.jpg,saved
test,fake,02_13__exit_phone_room__CP5HFV3K_frame_1.jpg,02_13__exit_phone_room__CP5HFV3K_frame_1.jpg,saved
test,fake,02_13__exit_phone_room__CP5HFV3K_frame_2.jpg,02_13__exit_phone_room__CP5HFV3K_frame_2.jpg,saved
test,fake,02_13__exit_phone_room__CP5HFV3K_frame_3.jpg,02_13__exit_phone_room__CP5HFV3K_frame_3.jpg,saved
test,fake,02_13__exit_phone_room__CP5HFV3K_frame_4.jpg,02_13__exit_phone_room__CP5HFV3K_frame_4.jpg,saved
test,fake,02_13__exit_phone_room__CP5HFV3K_frame_5.jpg,02_13__exit_phone_room__CP5HFV3K_frame_5.jpg,saved
test,fake,02_13__exit_phone_room__CP5HFV3K_frame_6.jpg,02_13__exit_phone_room__CP5HFV3K_frame_6.jpg,saved
test,fake,02_13__exit_phone_room__CP5HFV3K_frame_7.jpg,02_13__exit_phone_room__CP5HFV3K_frame_7.jpg,saved
test,fake,02_13__exit_phone_room__CP5HFV3K_frame_8.jpg,02_13__exit_phone_room__CP5HFV3K_frame_8.jpg,saved
test,fake,02_13__exit_phone_room__CP5HFV3K_frame_9.jpg,02_13__exit_phone_room__CP5HFV3K_frame_9.jpg,saved
test,fake,02_15__exit_phone_room__I8G2LWD1_frame_0.jpg,02_15__exit_phone_room__I8G2LWD1_frame_0.jpg,saved
test,fake,02_15__exit_phone_room__I8G2LWD1_frame_1.jpg,02_15__exit_phone_room__I8G2LWD1_frame_1.jpg,saved
test,fake,02_15__exit_phone_room__I8G2LWD1_frame_2.jpg,02_15__exit_phone_room__I8G2LWD1_frame_2.jpg,saved
test,fake,02_15__exit_phone_room__I8G2LWD1_frame_3.jpg,02_15__exit_phone_room__I8G2LWD1_frame_3.jpg,saved
test,fake,02_15__exit_phone_room__I8G2LWD1_frame_4.jpg,02_15__exit_phone_room__I8G2LWD1_frame_4.jpg,saved
test,fake,02_15__exit_phone_room__I8G2LWD1_frame_5.jpg,02_15__exit_phone_room__I8G2LWD1_frame_5.jpg,saved
test,fake,02_15__exit_phone_room__I8G2LWD1_frame_6.jpg,02_15__exit_phone_room__I8G2LWD1_frame_6.jpg,saved
test,fake,02_15__exit_phone_room__I8G2LWD1_frame_7.jpg,02_15__exit_phone_room__I8G2LWD1_frame_7.jpg,saved
test,fake,02_15__exit_phone_room__I8G2LWD1_frame_8.jpg,02_15__exit_phone_room__I8G2LWD1_frame_8.jpg,saved
test,fake,02_15__exit_phone_room__I8G2LWD1_frame_9.jpg,02_15__exit_phone_room__I8G2LWD1_frame_9.jpg,saved
test,fake,02_15__outside_talking_pan_laughing__SB6PMCO0_frame_0.jpg,02_15__outside_talking_pan_laughing__SB6PMCO0_frame_0.jpg,saved
test,fake,02_15__outside_talking_pan_laughing__SB6PMCO0_frame_1.jpg,02_15__outside_talking_pan_laughing__SB6PMCO0_frame_1.jpg,saved
test,fake,02_15__outside_talking_pan_laughing__SB6PMCO0_frame_2.jpg,02_15__outside_talking_pan_laughing__SB6PMCO0_frame_2.jpg,saved
test,fake,02_15__outside_talking_pan_laughing__SB6PMCO0_frame_3.jpg,02_15__outside_talking_pan_laughing__SB6PMCO0_frame_3.jpg,saved
test,fake,02_15__outside_talking_pan_laughing__SB6PMCO0_frame_4.jpg,02_15__outside_talking_pan_laughing__SB6PMCO0_frame_4.jpg,saved
test,fake,02_15__outside_talking_pan_laughing__SB6PMCO0_frame_5.jpg,02_15__outside_talking_pan_laughing__SB6PMCO0_frame_5.jpg,saved
test,fake,02_15__outside_talking_pan_laughing__SB6PMCO0_frame_6.jpg,02_15__outside_talking_pan_laughing__SB6PMCO0_frame_6.jpg,saved
test,fake,02_15__outside_talking_pan_laughing__SB6PMCO0_frame_7.jpg,02_15__outside_talking_pan_laughing__SB6PMCO0_frame_7.jpg,saved
test,fake,02_15__outside_talking_pan_laughing__SB6PMCO0_frame_8.jpg,02_15__outside_talking_pan_laughing__SB6PMCO0_frame_8.jpg,saved
test,fake,02_15__outside_talking_pan_laughing__SB6PMCO0_frame_9.jpg,02_15__outside_talking_pan_laughing__SB6PMCO0_frame_9.jpg,saved
test,fake,02_15__walking_and_outside_surprised__HTG660F8_frame_0.jpg,02_15__walking_and_outside_surprised__HTG660F8_frame_0.jpg,saved
test,fake,02_15__walking_and_outside_surprised__HTG660F8_frame_1.jpg,02_15__walking_and_outside_surprised__HTG660F8_frame_1.jpg,saved
test,fake,02_15__walking_and_outside_surprised__HTG660F8_frame_2.jpg,02_15__walking_and_outside_surprised__HTG660F8_frame_2.jpg,saved
test,fake,02_15__walking_and_outside_surprised__HTG660F8_frame_3.jpg,02_15__walking_and_outside_surprised__HTG660F8_frame_3.jpg,saved
test,fake,02_15__walking_and_outside_surprised__HTG660F8_frame_4.jpg,02_15__walking_and_outside_surprised__HTG660F8_frame_4.jpg,saved
test,fake,02_15__walking_and_outside_surprised__HTG660F8_frame_5.jpg,02_15__walking_and_outside_surprised__HTG660F8_frame_5.jpg,saved
test,fake,02_15__walking_and_outside_surprised__HTG660F8_frame_6.jpg,02_15__walking_and_outside_surprised__HTG660F8_frame_6.jpg,saved
test,fake,02_15__walking_and_outside_surprised__HTG660F8_frame_7.jpg,02_15__walking_and_outside_surprised__HTG660F8_frame_7.jpg,saved
test,fake,02_15__walking_and_outside_surprised__HTG660F8_frame_8.jpg,02_15__walking_and_outside_surprised__HTG660F8_frame_8.jpg,saved
test,fake,02_15__walking_and_outside_surprised__HTG660F8_frame_9.jpg,02_15__walking_and_outside_surprised__HTG660F8_frame_9.jpg,saved
test,fake,03_13__meeting_serious__GBYWJW06_frame_0.jpg,03_13__meeting_serious__GBYWJW06_frame_0.jpg,saved
test,fake,03_13__meeting_serious__GBYWJW06_frame_1.jpg,03_13__meeting_serious__GBYWJW06_frame_1.jpg,saved
test,fake,03_13__meeting_serious__GBYWJW06_frame_2.jpg,03_13__meeting_serious__GBYWJW06_frame_2.jpg,saved
test,fake,03_13__meeting_serious__GBYWJW06_frame_3.jpg,03_13__meeting_serious__GBYWJW06_frame_3.jpg,saved
test,fake,03_13__meeting_serious__GBYWJW06_frame_4.jpg,03_13__meeting_serious__GBYWJW06_frame_4.jpg,saved
test,fake,03_13__meeting_serious__GBYWJW06_frame_5.jpg,03_13__meeting_serious__GBYWJW06_frame_5.jpg,saved
test,fake,03_13__meeting_serious__GBYWJW06_frame_6.jpg,03_13__meeting_serious__GBYWJW06_frame_6.jpg,saved
test,fake,03_13__meeting_serious__GBYWJW06_frame_7.jpg,03_13__meeting_serious__GBYWJW06_frame_7.jpg,saved
test,fake,03_13__meeting_serious__GBYWJW06_frame_8.jpg,03_13__meeting_serious__GBYWJW06_frame_8.jpg,saved
test,fake,03_13__meeting_serious__GBYWJW06_frame_9.jpg,03_13__meeting_serious__GBYWJW06_frame_9.jpg,saved
test,fake,03_27__walk_down_hall_angry__IL675GCI_frame_0.jpg,03_27__walk_down_hall_angry__IL675GCI_frame_0.jpg,saved
test,fake,03_27__walk_down_hall_angry__IL675GCI_frame_1.jpg,03_27__walk_down_hall_angry__IL675GCI_frame_1.jpg,saved
test,fake,03_27__walk_down_hall_angry__IL675GCI_frame_2.jpg,03_27__walk_down_hall_angry__IL675GCI_frame_2.jpg,saved
test,fake,03_27__walk_down_hall_angry__IL675GCI_frame_3.jpg,03_27__walk_down_hall_angry__IL675GCI_frame_3.jpg,saved
test,fake,03_27__walk_down_hall_angry__IL675GCI_frame_4.jpg,03_27__walk_down_hall_angry__IL675GCI_frame_4.jpg,saved
test,fake,03_27__walk_down_hall_angry__IL675GCI_frame_5.jpg,03_27__walk_down_hall_angry__IL675GCI_frame_5.jpg,saved
test,fake,03_27__walk_down_hall_angry__IL675GCI_frame_6.jpg,03_27__walk_down_hall_angry__IL675GCI_frame_6.jpg,saved
test,fake,03_27__walk_down_hall_angry__IL675GCI_frame_7.jpg,03_27__walk_down_hall_angry__IL675GCI_frame_7.jpg,saved
test,fake,03_27__walk_down_hall_angry__IL675GCI_frame_8.jpg,03_27__walk_down_hall_angry__IL675GCI_frame_8.jpg,saved
test,fake,03_27__walk_down_hall_angry__IL675GCI_frame_9.jpg,03_27__walk_down_hall_angry__IL675GCI_frame_9.jpg,saved
test,fake,03_27__walking_down_indoor_hall_disgust__IL675GCI_frame_0.jpg,03_27__walking_down_indoor_hall_disgust__IL675GCI_frame_0.jpg,saved
test,fake,03_27__walking_down_indoor_hall_disgust__IL675GCI_frame_1.jpg,03_27__walking_down_indoor_hall_disgust__IL675GCI_frame_1.jpg,saved
test,fake,03_27__walking_down_indoor_hall_disgust__IL675GCI_frame_2.jpg,03_27__walking_down_indoor_hall_disgust__IL675GCI_frame_2.jpg,saved
test,fake,03_27__walking_down_indoor_hall_disgust__IL675GCI_frame_3.jpg,03_27__walking_down_indoor_hall_disgust__IL675GCI_frame_3.jpg,saved
test,fake,03_27__walking_down_indoor_hall_disgust__IL675GCI_frame_4.jpg,03_27__walking_down_indoor_hall_disgust__IL675GCI_frame_4.jpg,saved
test,fake,03_27__walking_down_indoor_hall_disgust__IL675GCI_frame_5.jpg,03_27__walking_down_indoor_hall_disgust__IL675GCI_frame_5.jpg,saved
test,fake,03_27__walking_down_indoor_hall_disgust__IL675GCI_frame_6.jpg,03_27__walking_down_indoor_hall_disgust__IL675GCI_frame_6.jpg,saved
test,fake,03_27__walking_down_indoor_hall_disgust__IL675GCI_frame_7.jpg,03_27__walking_down_indoor_hall_disgust__IL675GCI_frame_7.jpg,saved
test,fake,03_27__walking_down_indoor_hall_disgust__IL675GCI_frame_8.jpg,03_27__walking_down_indoor_hall_disgust__IL675GCI_frame_8.jpg,saved
test,fake,03_27__walking_down_indoor_hall_disgust__IL675GCI_frame_9.jpg,03_27__walking_down_indoor_hall_disgust__IL675GCI_frame_9.jpg,saved
test,fake,04_01__exit_phone_room__0XUW13RW_frame_0.jpg,04_01__exit_phone_room__0XUW13RW_frame_0.jpg,saved
test,fake,04_01__exit_phone_room__0XUW13RW_frame_1.jpg,04_01__exit_phone_room__0XUW13RW_frame_1.jpg,saved
test,fake,04_01__exit_phone_room__0XUW13RW_frame_2.jpg,04_01__exit_phone_room__0XUW13RW_frame_2.jpg,saved
test,fake,04_01__exit_phone_room__0XUW13RW_frame_3.jpg,04_01__exit_phone_room__0XUW13RW_frame_3.jpg,saved
test,fake,04_01__exit_phone_room__0XUW13RW_frame_4.jpg,04_01__exit_phone_room__0XUW13RW_frame_4.jpg,saved
test,fake,04_01__exit_phone_room__0XUW13RW_frame_5.jpg,04_01__exit_phone_room__0XUW13RW_frame_5.jpg,saved
test,fake,04_01__exit_phone_room__0XUW13RW_frame_6.jpg,04_01__exit_phone_room__0XUW13RW_frame_6.jpg,saved
test,fake,04_01__exit_phone_room__0XUW13RW_frame_7.jpg,04_01__exit_phone_room__0XUW13RW_frame_7.jpg,saved
test,fake,04_01__exit_phone_room__0XUW13RW_frame_8.jpg,04_01__exit_phone_room__0XUW13RW_frame_8.jpg,saved
test,fake,04_01__exit_phone_room__0XUW13RW_frame_9.jpg,04_01__exit_phone_room__0XUW13RW_frame_9.jpg,saved
test,fake,04_01__secret_conversation__6I623VU9_frame_0.jpg,04_01__secret_conversation__6I623VU9_frame_0.jpg,saved
test,fake,04_01__secret_conversation__6I623VU9_frame_1.jpg,04_01__secret_conversation__6I623VU9_frame_1.jpg,saved
test,fake,04_01__secret_conversation__6I623VU9_frame_2.jpg,04_01__secret_conversation__6I623VU9_frame_2.jpg,saved
test,fake,04_01__secret_conversation__6I623VU9_frame_3.jpg,04_01__secret_conversation__6I623VU9_frame_3.jpg,saved
test,fake,04_01__secret_conversation__6I623VU9_frame_4.jpg,04_01__secret_conversation__6I623VU9_frame_4.jpg,saved
test,fake,04_01__secret_conversation__6I623VU9_frame_5.jpg,04_01__secret_conversation__6I623VU9_frame_5.jpg,saved
test,fake,04_01__secret_conversation__6I623VU9_frame_6.jpg,04_01__secret_conversation__6I623VU9_frame_6.jpg,saved
test,fake,04_01__secret_conversation__6I623VU9_frame_7.jpg,04_01__secret_conversation__6I623VU9_frame_7.jpg,saved
test,fake,04_01__secret_conversation__6I623VU9_frame_8.jpg,04_01__secret_conversation__6I623VU9_frame_8.jpg,saved
test,fake,04_01__secret_conversation__6I623VU9_frame_9.jpg,04_01__secret_conversation__6I623VU9_frame_9.jpg,saved
test,fake,04_21__walking_down_street_outside_angry__5Y31RZP8_frame_0.jpg,04_21__walking_down_street_outside_angry__5Y31RZP8_frame_0.jpg,saved
test,fake,04_21__walking_down_street_outside_angry__5Y31RZP8_frame_1.jpg,04_21__walking_down_street_outside_angry__5Y31RZP8_frame_1.jpg,saved
test,fake,04_21__walking_down_street_outside_angry__5Y31RZP8_frame_2.jpg,04_21__walking_down_street_outside_angry__5Y31RZP8_frame_2.jpg,saved
test,fake,04_21__walking_down_street_outside_angry__5Y31RZP8_frame_3.jpg,04_21__walking_down_street_outside_angry__5Y31RZP8_frame_3.jpg,saved
test,fake,04_21__walking_down_street_outside_angry__5Y31RZP8_frame_4.jpg,04_21__walking_down_street_outside_angry__5Y31RZP8_frame_4.jpg,saved
test,fake,04_21__walking_down_street_outside_angry__5Y31RZP8_frame_5.jpg,04_21__walking_down_street_outside_angry__5Y31RZP8_frame_5.jpg,saved
test,fake,04_21__walking_down_street_outside_angry__5Y31RZP8_frame_6.jpg,04_21__walking_down_street_outside_angry__5Y31RZP8_frame_6.jpg,saved
test,fake,04_21__walking_down_street_outside_angry__5Y31RZP8_frame_7.jpg,04_21__walking_down_street_outside_angry__5Y31RZP8_frame_7.jpg,saved
test,fake,04_21__walking_down_street_outside_angry__5Y31RZP8_frame_8.jpg,04_21__walking_down_street_outside_angry__5Y31RZP8_frame_8.jpg,saved
test,fake,04_21__walking_down_street_outside_angry__5Y31RZP8_frame_9.jpg,04_21__walking_down_street_outside_angry__5Y31RZP8_frame_9.jpg,saved
test,fake,04_26__outside_talking_still_laughing__WX836VLY_frame_0.jpg,04_26__outside_talking_still_laughing__WX836VLY_frame_0.jpg,saved
test,fake,04_26__outside_talking_still_laughing__WX836VLY_frame_1.jpg,04_26__outside_talking_still_laughing__WX836VLY_frame_1.jpg,saved
test,fake,04_26__outside_talking_still_laughing__WX836VLY_frame_2.jpg,04_26__outside_talking_still_laughing__WX836VLY_frame_2.jpg,saved
test,fake,04_26__outside_talking_still_laughing__WX836VLY_frame_3.jpg,04_26__outside_talking_still_laughing__WX836VLY_frame_3.jpg,saved
test,fake,04_26__outside_talking_still_laughing__WX836VLY_frame_4.jpg,04_26__outside_talking_still_laughing__WX836VLY_frame_4.jpg,saved
test,fake,04_26__outside_talking_still_laughing__WX836VLY_frame_5.jpg,04_26__outside_talking_still_laughing__WX836VLY_frame_5.jpg,saved
test,fake,04_26__outside_talking_still_laughing__WX836VLY_frame_6.jpg,04_26__outside_talking_still_laughing__WX836VLY_frame_6.jpg,saved
test,fake,04_26__outside_talking_still_laughing__WX836VLY_frame_7.jpg,04_26__outside_talking_still_laughing__WX836VLY_frame_7.jpg,saved
test,fake,04_26__outside_talking_still_laughing__WX836VLY_frame_8.jpg,04_26__outside_talking_still_laughing__WX836VLY_frame_8.jpg,saved
test,fake,04_26__outside_talking_still_laughing__WX836VLY_frame_9.jpg,04_26__outside_talking_still_laughing__WX836VLY_frame_9.jpg,saved
test,fake,05_17__hugging_happy__YTJYYDO9_frame_0.jpg,05_17__hugging_happy__YTJYYDO9_frame_0.jpg,saved
test,fake,05_17__hugging_happy__YTJYYDO9_frame_1.jpg,05_17__hugging_happy__YTJYYDO9_frame_1.jpg,saved
test,fake,05_17__hugging_happy__YTJYYDO9_frame_2.jpg,05_17__hugging_happy__YTJYYDO9_frame_2.jpg,saved
test,fake,05_17__hugging_happy__YTJYYDO9_frame_3.jpg,05_17__hugging_happy__YTJYYDO9_frame_3.jpg,saved
test,fake,05_17__hugging_happy__YTJYYDO9_frame_4.jpg,05_17__hugging_happy__YTJYYDO9_frame_4.jpg,saved
test,fake,05_17__hugging_happy__YTJYYDO9_frame_5.jpg,05_17__hugging_happy__YTJYYDO9_frame_5.jpg,saved
test,fake,05_17__hugging_happy__YTJYYDO9_frame_6.jpg,05_17__hugging_happy__YTJYYDO9_frame_6.jpg,saved
test,fake,05_17__hugging_happy__YTJYYDO9_frame_7.jpg,05_17__hugging_happy__YTJYYDO9_frame_7.jpg,saved
test,fake,05_17__hugging_happy__YTJYYDO9_frame_8.jpg,05_17__hugging_happy__YTJYYDO9_frame_8.jpg,saved
test,fake,05_17__hugging_happy__YTJYYDO9_frame_9.jpg,05_17__hugging_happy__YTJYYDO9_frame_9.jpg,saved
test,fake,05_28__exit_phone_room__U9LRLJ6N_frame_0.jpg,05_28__exit_phone_room__U9LRLJ6N_frame_0.jpg,saved
test,fake,05_28__exit_phone_room__U9LRLJ6N_frame_1.jpg,05_28__exit_phone_room__U9LRLJ6N_frame_1.jpg,saved
test,fake,05_28__exit_phone_room__U9LRLJ6N_frame_2.jpg,05_28__exit_phone_room__U9LRLJ6N_frame_2.jpg,saved
test,fake,05_28__exit_phone_room__U9LRLJ6N_frame_3.jpg,05_28__exit_phone_room__U9LRLJ6N_frame_3.jpg,saved
test,fake,05_28__exit_phone_room__U9LRLJ6N_frame_4.jpg,05_28__exit_phone_room__U9LRLJ6N_frame_4.jpg,saved
test,fake,05_28__exit_phone_room__U9LRLJ6N_frame_5.jpg,05_28__exit_phone_room__U9LRLJ6N_frame_5.jpg,saved
test,fake,05_28__exit_phone_room__U9LRLJ6N_frame_6.jpg,05_28__exit_phone_room__U9LRLJ6N_frame_6.jpg,saved
test,fake,05_28__exit_phone_room__U9LRLJ6N_frame_7.jpg,05_28__exit_phone_room__U9LRLJ6N_frame_7.jpg,saved
test,fake,05_28__exit_phone_room__U9LRLJ6N_frame_8.jpg,05_28__exit_phone_room__U9LRLJ6N_frame_8.jpg,saved
test,fake,05_28__exit_phone_room__U9LRLJ6N_frame_9.jpg,05_28__exit_phone_room__U9LRLJ6N_frame_9.jpg,saved
test,fake,06_07__walking_down_street_outside_angry__NMGYPBXE_frame_0.jpg,06_07__walking_down_street_outside_angry__NMGYPBXE_frame_0.jpg,saved
test,fake,06_07__walking_down_street_outside_angry__NMGYPBXE_frame_1.jpg,06_07__walking_down_street_outside_angry__NMGYPBXE_frame_1.jpg,saved
test,fake,06_07__walking_down_street_outside_angry__NMGYPBXE_frame_2.jpg,06_07__walking_down_street_outside_angry__NMGYPBXE_frame_2.jpg,saved
test,fake,06_07__walking_down_street_outside_angry__NMGYPBXE_frame_3.jpg,06_07__walking_down_street_outside_angry__NMGYPBXE_frame_3.jpg,saved
test,fake,06_07__walking_down_street_outside_angry__NMGYPBXE_frame_4.jpg,06_07__walking_down_street_outside_angry__NMGYPBXE_frame_4.jpg,saved
test,fake,06_07__walking_down_street_outside_angry__NMGYPBXE_frame_5.jpg,06_07__walking_down_street_outside_angry__NMGYPBXE_frame_5.jpg,saved
test,fake,06_07__walking_down_street_outside_angry__NMGYPBXE_frame_6.jpg,06_07__walking_down_street_outside_angry__NMGYPBXE_frame_6.jpg,saved
test,fake,06_07__walking_down_street_outside_angry__NMGYPBXE_frame_7.jpg,06_07__walking_down_street_outside_angry__NMGYPBXE_frame_7.jpg,saved
test,fake,06_07__walking_down_street_outside_angry__NMGYPBXE_frame_8.jpg,06_07__walking_down_street_outside_angry__NMGYPBXE_frame_8.jpg,saved
test,fake,06_07__walking_down_street_outside_angry__NMGYPBXE_frame_9.jpg,06_07__walking_down_street_outside_angry__NMGYPBXE_frame_9.jpg,saved
test,fake,06_12__podium_speech_happy__3K21NFNM_frame_0.jpg,06_12__podium_speech_happy__3K21NFNM_frame_0.jpg,saved
test,fake,06_12__podium_speech_happy__3K21NFNM_frame_1.jpg,06_12__podium_speech_happy__3K21NFNM_frame_1.jpg,saved
test,fake,06_12__podium_speech_happy__3K21NFNM_frame_2.jpg,06_12__podium_speech_happy__3K21NFNM_frame_2.jpg,saved
test,fake,06_12__podium_speech_happy__3K21NFNM_frame_3.jpg,06_12__podium_speech_happy__3K21NFNM_frame_3.jpg,saved
test,fake,06_12__podium_speech_happy__3K21NFNM_frame_4.jpg,06_12__podium_speech_happy__3K21NFNM_frame_4.jpg,saved
test,fake,06_12__podium_speech_happy__3K21NFNM_frame_5.jpg,06_12__podium_speech_happy__3K21NFNM_frame_5.jpg,saved
test,fake,06_12__podium_speech_happy__3K21NFNM_frame_6.jpg,06_12__podium_speech_happy__3K21NFNM_frame_6.jpg,saved
test,fake,06_12__podium_speech_happy__3K21NFNM_frame_7.jpg,06_12__podium_speech_happy__3K21NFNM_frame_7.jpg,saved
test,fake,06_12__podium_speech_happy__3K21NFNM_frame_8.jpg,06_12__podium_speech_happy__3K21NFNM_frame_8.jpg,saved
test,fake,06_12__podium_speech_happy__3K21NFNM_frame_9.jpg,06_12__podium_speech_happy__3K21NFNM_frame_9.jpg,saved
test,fake,06_18__podium_speech_happy__DEA1TCLN_frame_0.jpg,06_18__podium_speech_happy__DEA1TCLN_frame_0.jpg,saved
test,fake,06_18__podium_speech_happy__DEA1TCLN_frame_1.jpg,06_18__podium_speech_happy__DEA1TCLN_frame_1.jpg,saved
test,fake,06_18__podium_speech_happy__DEA1TCLN_frame_2.jpg,06_18__podium_speech_happy__DEA1TCLN_frame_2.jpg,saved
test,fake,06_18__podium_speech_happy__DEA1TCLN_frame_3.jpg,06_18__podium_speech_happy__DEA1TCLN_frame_3.jpg,saved
test,fake,06_18__podium_speech_happy__DEA1TCLN_frame_4.jpg,06_18__podium_speech_happy__DEA1TCLN_frame_4.jpg,saved
test,fake,06_18__podium_speech_happy__DEA1TCLN_frame_5.jpg,06_18__podium_speech_happy__DEA1TCLN_frame_5.jpg,saved
test,fake,06_18__podium_speech_happy__DEA1TCLN_frame_6.jpg,06_18__podium_speech_happy__DEA1TCLN_frame_6.jpg,saved
test,fake,06_18__podium_speech_happy__DEA1TCLN_frame_7.jpg,06_18__podium_speech_happy__DEA1TCLN_frame_7.jpg,saved
test,fake,06_18__podium_speech_happy__DEA1TCLN_frame_8.jpg,06_18__podium_speech_happy__DEA1TCLN_frame_8.jpg,saved
test,fake,06_18__podium_speech_happy__DEA1TCLN_frame_9.jpg,06_18__podium_speech_happy__DEA1TCLN_frame_9.jpg,saved
test,fake,06_26__kitchen_still__L5BVR5L9_frame_0.jpg,06_26__kitchen_still__L5BVR5L9_frame_0.jpg,saved
test,fake,06_26__kitchen_still__L5BVR5L9_frame_1.jpg,06_26__kitchen_still__L5BVR5L9_frame_1.jpg,saved
test,fake,06_26__kitchen_still__L5BVR5L9_frame_2.jpg,06_26__kitchen_still__L5BVR5L9_frame_2.jpg,saved
test,fake,06_26__kitchen_still__L5BVR5L9_frame_3.jpg,06_26__kitchen_still__L5BVR5L9_frame_3.jpg,saved
test,fake,06_26__kitchen_still__L5BVR5L9_frame_4.jpg,06_26__kitchen_still__L5BVR5L9_frame_4.jpg,saved
test,fake,06_26__kitchen_still__L5BVR5L9_frame_5.jpg,06_26__kitchen_still__L5BVR5L9_frame_5.jpg,saved
test,fake,06_26__kitchen_still__L5BVR5L9_frame_6.jpg,06_26__kitchen_still__L5BVR5L9_frame_6.jpg,saved
test,fake,06_26__kitchen_still__L5BVR5L9_frame_7.jpg,06_26__kitchen_still__L5BVR5L9_frame_7.jpg,saved
test,fake,06_26__kitchen_still__L5BVR5L9_frame_8.jpg,06_26__kitchen_still__L5BVR5L9_frame_8.jpg,saved
test,fake,06_26__kitchen_still__L5BVR5L9_frame_9.jpg,06_26__kitchen_still__L5BVR5L9_frame_9.jpg,saved
test,fake,07_03__outside_talking_pan_laughing__IFSURI9X_frame_0.jpg,07_03__outside_talking_pan_laughing__IFSURI9X_frame_0.jpg,saved
test,fake,07_03__outside_talking_pan_laughing__IFSURI9X_frame_1.jpg,07_03__outside_talking_pan_laughing__IFSURI9X_frame_1.jpg,saved
test,fake,07_03__outside_talking_pan_laughing__IFSURI9X_frame_2.jpg,07_03__outside_talking_pan_laughing__IFSURI9X_frame_2.jpg,saved
test,fake,07_03__outside_talking_pan_laughing__IFSURI9X_frame_3.jpg,07_03__outside_talking_pan_laughing__IFSURI9X_frame_3.jpg,saved
test,fake,07_03__outside_talking_pan_laughing__IFSURI9X_frame_4.jpg,07_03__outside_talking_pan_laughing__IFSURI9X_frame_4.jpg,saved
test,fake,07_03__outside_talking_pan_laughing__IFSURI9X_frame_5.jpg,07_03__outside_talking_pan_laughing__IFSURI9X_frame_5.jpg,saved
test,fake,07_03__outside_talking_pan_laughing__IFSURI9X_frame_6.jpg,07_03__outside_talking_pan_laughing__IFSURI9X_frame_6.jpg,saved
test,fake,07_03__outside_talking_pan_laughing__IFSURI9X_frame_7.jpg,07_03__outside_talking_pan_laughing__IFSURI9X_frame_7.jpg,saved
test,fake,07_03__outside_talking_pan_laughing__IFSURI9X_frame_8.jpg,07_03__outside_talking_pan_laughing__IFSURI9X_frame_8.jpg,saved
test,fake,07_03__outside_talking_pan_laughing__IFSURI9X_frame_9.jpg,07_03__outside_talking_pan_laughing__IFSURI9X_frame_9.jpg,saved
test,fake,07_03__secret_conversation__IFSURI9X_frame_0.jpg,07_03__secret_conversation__IFSURI9X_frame_0.jpg,saved
test,fake,07_03__secret_conversation__IFSURI9X_frame_1.jpg,07_03__secret_conversation__IFSURI9X_frame_1.jpg,saved
test,fake,07_03__secret_conversation__IFSURI9X_frame_2.jpg,07_03__secret_conversation__IFSURI9X_frame_2.jpg,saved
test,fake,07_03__secret_conversation__IFSURI9X_frame_3.jpg,07_03__secret_conversation__IFSURI9X_frame_3.jpg,saved
test,fake,07_03__secret_conversation__IFSURI9X_frame_4.jpg,07_03__secret_conversation__IFSURI9X_frame_4.jpg,saved
test,fake,07_03__secret_conversation__IFSURI9X_frame_5.jpg,07_03__secret_conversation__IFSURI9X_frame_5.jpg,saved
test,fake,07_03__secret_conversation__IFSURI9X_frame_6.jpg,07_03__secret_conversation__IFSURI9X_frame_6.jpg,saved
test,fake,07_03__secret_conversation__IFSURI9X_frame_7.jpg,07_03__secret_conversation__IFSURI9X_frame_7.jpg,saved
test,fake,07_03__secret_conversation__IFSURI9X_frame_8.jpg,07_03__secret_conversation__IFSURI9X_frame_8.jpg,saved
test,fake,07_03__secret_conversation__IFSURI9X_frame_9.jpg,07_03__secret_conversation__IFSURI9X_frame_9.jpg,saved
test,fake,07_06__outside_talking_still_laughing__NMGYPBXE_frame_0.jpg,07_06__outside_talking_still_laughing__NMGYPBXE_frame_0.jpg,saved
test,fake,07_06__outside_talking_still_laughing__NMGYPBXE_frame_1.jpg,07_06__outside_talking_still_laughing__NMGYPBXE_frame_1.jpg,saved
test,fake,07_06__outside_talking_still_laughing__NMGYPBXE_frame_2.jpg,07_06__outside_talking_still_laughing__NMGYPBXE_frame_2.jpg,saved
test,fake,07_06__outside_talking_still_laughing__NMGYPBXE_frame_3.jpg,07_06__outside_talking_still_laughing__NMGYPBXE_frame_3.jpg,saved
test,fake,07_06__outside_talking_still_laughing__NMGYPBXE_frame_4.jpg,07_06__outside_talking_still_laughing__NMGYPBXE_frame_4.jpg,saved
test,fake,07_06__outside_talking_still_laughing__NMGYPBXE_frame_5.jpg,07_06__outside_talking_still_laughing__NMGYPBXE_frame_5.jpg,saved
test,fake,07_06__outside_talking_still_laughing__NMGYPBXE_frame_6.jpg,07_06__outside_talking_still_laughing__NMGYPBXE_frame_6.jpg,saved
test,fake,07_06__outside_talking_still_laughing__NMGYPBXE_frame_7.jpg,07_06__outside_talking_still_laughing__NMGYPBXE_frame_7.jpg,saved
test,fake,07_06__outside_talking_still_laughing__NMGYPBXE_frame_8.jpg,07_06__outside_talking_still_laughing__NMGYPBXE_frame_8.jpg,saved
test,fake,07_06__outside_talking_still_laughing__NMGYPBXE_frame_9.jpg,07_06__outside_talking_still_laughing__NMGYPBXE_frame_9.jpg,saved
test,fake,07_21__outside_talking_still_laughing__K7KXUHMU_frame_0.jpg,07_21__outside_talking_still_laughing__K7KXUHMU_frame_0.jpg,saved
test,fake,07_21__outside_talking_still_laughing__K7KXUHMU_frame_1.jpg,07_21__outside_talking_still_laughing__K7KXUHMU_frame_1.jpg,saved
test,fake,07_21__outside_talking_still_laughing__K7KXUHMU_frame_2.jpg,07_21__outside_talking_still_laughing__K7KXUHMU_frame_2.jpg,saved
test,fake,07_21__outside_talking_still_laughing__K7KXUHMU_frame_3.jpg,07_21__outside_talking_still_laughing__K7KXUHMU_frame_3.jpg,saved
test,fake,07_21__outside_talking_still_laughing__K7KXUHMU_frame_4.jpg,07_21__outside_talking_still_laughing__K7KXUHMU_frame_4.jpg,saved
test,fake,07_21__outside_talking_still_laughing__K7KXUHMU_frame_5.jpg,07_21__outside_talking_still_laughing__K7KXUHMU_frame_5.jpg,saved
test,fake,07_21__outside_talking_still_laughing__K7KXUHMU_frame_6.jpg,07_21__outside_talking_still_laughing__K7KXUHMU_frame_6.jpg,saved
test,fake,07_21__outside_talking_still_laughing__K7KXUHMU_frame_7.jpg,07_21__outside_talking_still_laughing__K7KXUHMU_frame_7.jpg,saved
test,fake,07_21__outside_talking_still_laughing__K7KXUHMU_frame_8.jpg,07_21__outside_talking_still_laughing__K7KXUHMU_frame_8.jpg,saved
test,fake,07_21__outside_talking_still_laughing__K7KXUHMU_frame_9.jpg,07_21__outside_talking_still_laughing__K7KXUHMU_frame_9.jpg,saved
test,fake,08_16__podium_speech_happy__8Q7JCS95_frame_0.jpg,08_16__podium_speech_happy__8Q7JCS95_frame_0.jpg,saved
test,fake,08_16__podium_speech_happy__8Q7JCS95_frame_1.jpg,08_16__podium_speech_happy__8Q7JCS95_frame_1.jpg,saved
test,fake,08_16__podium_speech_happy__8Q7JCS95_frame_2.jpg,08_16__podium_speech_happy__8Q7JCS95_frame_2.jpg,saved
test,fake,08_16__podium_speech_happy__8Q7JCS95_frame_3.jpg,08_16__podium_speech_happy__8Q7JCS95_frame_3.jpg,saved
test,fake,08_16__podium_speech_happy__8Q7JCS95_frame_4.jpg,08_16__podium_speech_happy__8Q7JCS95_frame_4.jpg,saved
test,fake,08_16__podium_speech_happy__8Q7JCS95_frame_5.jpg,08_16__podium_speech_happy__8Q7JCS95_frame_5.jpg,saved
test,fake,08_16__podium_speech_happy__8Q7JCS95_frame_6.jpg,08_16__podium_speech_happy__8Q7JCS95_frame_6.jpg,saved
test,fake,08_16__podium_speech_happy__8Q7JCS95_frame_7.jpg,08_16__podium_speech_happy__8Q7JCS95_frame_7.jpg,saved
test,fake,08_16__podium_speech_happy__8Q7JCS95_frame_8.jpg,08_16__podium_speech_happy__8Q7JCS95_frame_8.jpg,saved
test,fake,08_16__podium_speech_happy__8Q7JCS95_frame_9.jpg,08_16__podium_speech_happy__8Q7JCS95_frame_9.jpg,saved
test,fake,09_18__outside_talking_pan_laughing__3VP8836C_frame_0.jpg,09_18__outside_talking_pan_laughing__3VP8836C_frame_0.jpg,saved
test,fake,09_18__outside_talking_pan_laughing__3VP8836C_frame_1.jpg,09_18__outside_talking_pan_laughing__3VP8836C_frame_1.jpg,saved
test,fake,09_18__outside_talking_pan_laughing__3VP8836C_frame_2.jpg,09_18__outside_talking_pan_laughing__3VP8836C_frame_2.jpg,saved
test,fake,09_18__outside_talking_pan_laughing__3VP8836C_frame_3.jpg,09_18__outside_talking_pan_laughing__3VP8836C_frame_3.jpg,saved
test,fake,09_18__outside_talking_pan_laughing__3VP8836C_frame_4.jpg,09_18__outside_talking_pan_laughing__3VP8836C_frame_4.jpg,saved
test,fake,09_18__outside_talking_pan_laughing__3VP8836C_frame_5.jpg,09_18__outside_talking_pan_laughing__3VP8836C_frame_5.jpg,saved
test,fake,09_18__outside_talking_pan_laughing__3VP8836C_frame_6.jpg,09_18__outside_talking_pan_laughing__3VP8836C_frame_6.jpg,saved
test,fake,09_18__outside_talking_pan_laughing__3VP8836C_frame_7.jpg,09_18__outside_talking_pan_laughing__3VP8836C_frame_7.jpg,saved
test,fake,09_18__outside_talking_pan_laughing__3VP8836C_frame_8.jpg,09_18__outside_talking_pan_laughing__3VP8836C_frame_8.jpg,saved
test,fake,09_18__outside_talking_pan_laughing__3VP8836C_frame_9.jpg,09_18__outside_talking_pan_laughing__3VP8836C_frame_9.jpg,saved
test,fake,09_26__talking_against_wall__C3K20JOL_frame_0.jpg,09_26__talking_against_wall__C3K20JOL_frame_0.jpg,saved
test,fake,09_26__talking_against_wall__C3K20JOL_frame_1.jpg,09_26__talking_against_wall__C3K20JOL_frame_1.jpg,saved
test,fake,09_26__talking_against_wall__C3K20JOL_frame_2.jpg,09_26__talking_against_wall__C3K20JOL_frame_2.jpg,saved
test,fake,09_26__talking_against_wall__C3K20JOL_frame_3.jpg,09_26__talking_against_wall__C3K20JOL_frame_3.jpg,saved
test,fake,09_26__talking_against_wall__C3K20JOL_frame_4.jpg,09_26__talking_against_wall__C3K20JOL_frame_4.jpg,saved
test,fake,09_26__talking_against_wall__C3K20JOL_frame_5.jpg,09_26__talking_against_wall__C3K20JOL_frame_5.jpg,saved
test,fake,09_26__talking_against_wall__C3K20JOL_frame_6.jpg,09_26__talking_against_wall__C3K20JOL_frame_6.jpg,saved
test,fake,09_26__talking_against_wall__C3K20JOL_frame_7.jpg,09_26__talking_against_wall__C3K20JOL_frame_7.jpg,saved
test,fake,09_26__talking_against_wall__C3K20JOL_frame_8.jpg,09_26__talking_against_wall__C3K20JOL_frame_8.jpg,saved
test,fake,09_26__talking_against_wall__C3K20JOL_frame_9.jpg,09_26__talking_against_wall__C3K20JOL_frame_9.jpg,saved
test,fake,10_19__kitchen_still__IDX76N5R_frame_0.jpg,10_19__kitchen_still__IDX76N5R_frame_0.jpg,saved
test,fake,10_19__kitchen_still__IDX76N5R_frame_1.jpg,10_19__kitchen_still__IDX76N5R_frame_1.jpg,saved
test,fake,10_19__kitchen_still__IDX76N5R_frame_2.jpg,10_19__kitchen_still__IDX76N5R_frame_2.jpg,saved
test,fake,10_19__kitchen_still__IDX76N5R_frame_3.jpg,10_19__kitchen_still__IDX76N5R_frame_3.jpg,saved
test,fake,10_19__kitchen_still__IDX76N5R_frame_4.jpg,10_19__kitchen_still__IDX76N5R_frame_4.jpg,saved
test,fake,10_19__kitchen_still__IDX76N5R_frame_5.jpg,10_19__kitchen_still__IDX76N5R_frame_5.jpg,saved
test,fake,10_19__kitchen_still__IDX76N5R_frame_6.jpg,10_19__kitchen_still__IDX76N5R_frame_6.jpg,saved
test,fake,10_19__kitchen_still__IDX76N5R_frame_7.jpg,10_19__kitchen_still__IDX76N5R_frame_7.jpg,saved
test,fake,10_19__kitchen_still__IDX76N5R_frame_8.jpg,10_19__kitchen_still__IDX76N5R_frame_8.jpg,saved
test,fake,10_19__kitchen_still__IDX76N5R_frame_9.jpg,10_19__kitchen_still__IDX76N5R_frame_9.jpg,saved
