split,class,video_id,input_filename,output_stem,status,faces_detected
train,real,01__exit_phone_room,01__exit_phone_room_frame_0.jpg,01__exit_phone_room_frame_0,saved,1
train,real,01__exit_phone_room,01__exit_phone_room_frame_1.jpg,01__exit_phone_room_frame_1,saved,1
train,real,01__exit_phone_room,01__exit_phone_room_frame_2.jpg,01__exit_phone_room_frame_2,saved,1
train,real,01__exit_phone_room,01__exit_phone_room_frame_3.jpg,01__exit_phone_room_frame_3,saved,1
train,real,01__exit_phone_room,01__exit_phone_room_frame_4.jpg,01__exit_phone_room_frame_4,saved,1
train,real,01__exit_phone_room,01__exit_phone_room_frame_5.jpg,01__exit_phone_room_frame_5,saved,1
train,real,01__exit_phone_room,01__exit_phone_room_frame_6.jpg,01__exit_phone_room_frame_6,saved,1
train,real,01__exit_phone_room,01__exit_phone_room_frame_7.jpg,01__exit_phone_room_frame_7,saved,1
train,real,01__exit_phone_room,01__exit_phone_room_frame_8.jpg,01__exit_phone_room_frame_8,saved,1
train,real,01__exit_phone_room,01__exit_phone_room_frame_9.jpg,01__exit_phone_room_frame_9,saved,1
train,real,01__kitchen_pan,01__kitchen_pan_frame_0.jpg,01__kitchen_pan_frame_0,saved,2
train,real,01__kitchen_pan,01__kitchen_pan_frame_1.jpg,01__kitchen_pan_frame_1,saved,1
train,real,01__kitchen_pan,01__kitchen_pan_frame_2.jpg,01__kitchen_pan_frame_2,saved,1
train,real,01__kitchen_pan,01__kitchen_pan_frame_3.jpg,01__kitchen_pan_frame_3,saved,1
train,real,01__kitchen_pan,01__kitchen_pan_frame_4.jpg,01__kitchen_pan_frame_4,saved,1
train,real,01__kitchen_pan,01__kitchen_pan_frame_5.jpg,01__kitchen_pan_frame_5,saved,1
train,real,01__kitchen_pan,01__kitchen_pan_frame_6.jpg,01__kitchen_pan_frame_6,saved,1
train,real,01__kitchen_pan,01__kitchen_pan_frame_7.jpg,01__kitchen_pan_frame_7,saved,1
train,real,01__kitchen_pan,01__kitchen_pan_frame_8.jpg,01__kitchen_pan_frame_8,saved,1
train,real,01__kitchen_pan,01__kitchen_pan_frame_9.jpg,01__kitchen_pan_frame_9,no valid face metadata,0
train,real,01__kitchen_still,01__kitchen_still_frame_0.jpg,01__kitchen_still_frame_0,saved,1
train,real,01__kitchen_still,01__kitchen_still_frame_1.jpg,01__kitchen_still_frame_1,saved,1
train,real,01__kitchen_still,01__kitchen_still_frame_2.jpg,01__kitchen_still_frame_2,saved,1
train,real,01__kitchen_still,01__kitchen_still_frame_3.jpg,01__kitchen_still_frame_3,saved,1
train,real,01__kitchen_still,01__kitchen_still_frame_4.jpg,01__kitchen_still_frame_4,saved,1
train,real,01__kitchen_still,01__kitchen_still_frame_5.jpg,01__kitchen_still_frame_5,saved,1
train,real,01__kitchen_still,01__kitchen_still_frame_6.jpg,01__kitchen_still_frame_6,saved,1
train,real,01__kitchen_still,01__kitchen_still_frame_7.jpg,01__kitchen_still_frame_7,saved,1
train,real,01__kitchen_still,01__kitchen_still_frame_8.jpg,01__kitchen_still_frame_8,saved,1
train,real,01__kitchen_still,01__kitchen_still_frame_9.jpg,01__kitchen_still_frame_9,saved,1
train,real,01__meeting_serious,01__meeting_serious_frame_0.jpg,01__meeting_serious_frame_0,saved,3
train,real,01__meeting_serious,01__meeting_serious_frame_1.jpg,01__meeting_serious_frame_1,saved,3
train,real,01__meeting_serious,01__meeting_serious_frame_2.jpg,01__meeting_serious_frame_2,saved,3
train,real,01__meeting_serious,01__meeting_serious_frame_3.jpg,01__meeting_serious_frame_3,saved,3
train,real,01__meeting_serious,01__meeting_serious_frame_4.jpg,01__meeting_serious_frame_4,saved,3
train,real,01__meeting_serious,01__meeting_serious_frame_5.jpg,01__meeting_serious_frame_5,saved,3
train,real,01__meeting_serious,01__meeting_serious_frame_6.jpg,01__meeting_serious_frame_6,saved,3
train,real,01__meeting_serious,01__meeting_serious_frame_7.jpg,01__meeting_serious_frame_7,saved,3
train,real,01__meeting_serious,01__meeting_serious_frame_8.jpg,01__meeting_serious_frame_8,saved,3
train,real,01__meeting_serious,01__meeting_serious_frame_9.jpg,01__meeting_serious_frame_9,saved,3
train,real,01__outside_talking_pan_laughing,01__outside_talking_pan_laughing_frame_0.jpg,01__outside_talking_pan_laughing_frame_0,no valid face metadata,0
train,real,01__outside_talking_pan_laughing,01__outside_talking_pan_laughing_frame_1.jpg,01__outside_talking_pan_laughing_frame_1,saved,1
train,real,01__outside_talking_pan_laughing,01__outside_talking_pan_laughing_frame_2.jpg,01__outside_talking_pan_laughing_frame_2,saved,1
train,real,01__outside_talking_pan_laughing,01__outside_talking_pan_laughing_frame_3.jpg,01__outside_talking_pan_laughing_frame_3,saved,1
train,real,01__outside_talking_pan_laughing,01__outside_talking_pan_laughing_frame_4.jpg,01__outside_talking_pan_laughing_frame_4,saved,1
train,real,01__outside_talking_pan_laughing,01__outside_talking_pan_laughing_frame_5.jpg,01__outside_talking_pan_laughing_frame_5,saved,1
train,real,01__outside_talking_pan_laughing,01__outside_talking_pan_laughing_frame_6.jpg,01__outside_talking_pan_laughing_frame_6,saved,1
train,real,01__outside_talking_pan_laughing,01__outside_talking_pan_laughing_frame_7.jpg,01__outside_talking_pan_laughing_frame_7,saved,1
train,real,01__outside_talking_pan_laughing,01__outside_talking_pan_laughing_frame_8.jpg,01__outside_talking_pan_laughing_frame_8,saved,1
train,real,01__outside_talking_pan_laughing,01__outside_talking_pan_laughing_frame_9.jpg,01__outside_talking_pan_laughing_frame_9,no valid face metadata,0
train,real,01__talking_against_wall,01__talking_against_wall_frame_0.jpg,01__talking_against_wall_frame_0,saved,1
train,real,01__talking_against_wall,01__talking_against_wall_frame_1.jpg,01__talking_against_wall_frame_1,saved,1
train,real,01__talking_against_wall,01__talking_against_wall_frame_2.jpg,01__talking_against_wall_frame_2,saved,1
train,real,01__talking_against_wall,01__talking_against_wall_frame_3.jpg,01__talking_against_wall_frame_3,saved,1
train,real,01__talking_against_wall,01__talking_against_wall_frame_4.jpg,01__talking_against_wall_frame_4,saved,1
train,real,01__talking_against_wall,01__talking_against_wall_frame_5.jpg,01__talking_against_wall_frame_5,saved,1
train,real,01__talking_against_wall,01__talking_against_wall_frame_6.jpg,01__talking_against_wall_frame_6,saved,1
train,real,01__talking_against_wall,01__talking_against_wall_frame_7.jpg,01__talking_against_wall_frame_7,saved,1
train,real,01__talking_against_wall,01__talking_against_wall_frame_8.jpg,01__talking_against_wall_frame_8,saved,1
train,real,01__talking_against_wall,01__talking_against_wall_frame_9.jpg,01__talking_against_wall_frame_9,saved,1
train,real,01__talking_angry_couch,01__talking_angry_couch_frame_0.jpg,01__talking_angry_couch_frame_0,saved,2
train,real,01__talking_angry_couch,01__talking_angry_couch_frame_1.jpg,01__talking_angry_couch_frame_1,saved,1
train,real,01__talking_angry_couch,01__talking_angry_couch_frame_2.jpg,01__talking_angry_couch_frame_2,saved,1
train,real,01__talking_angry_couch,01__talking_angry_couch_frame_3.jpg,01__talking_angry_couch_frame_3,saved,1
train,real,01__talking_angry_couch,01__talking_angry_couch_frame_4.jpg,01__talking_angry_couch_frame_4,saved,1
train,real,01__talking_angry_couch,01__talking_angry_couch_frame_5.jpg,01__talking_angry_couch_frame_5,saved,1
train,real,01__talking_angry_couch,01__talking_angry_couch_frame_6.jpg,01__talking_angry_couch_frame_6,saved,1
train,real,01__talking_angry_couch,01__talking_angry_couch_frame_7.jpg,01__talking_angry_couch_frame_7,saved,1
train,real,01__talking_angry_couch,01__talking_angry_couch_frame_8.jpg,01__talking_angry_couch_frame_8,saved,1
train,real,01__talking_angry_couch,01__talking_angry_couch_frame_9.jpg,01__talking_angry_couch_frame_9,saved,1
train,real,01__walking_and_outside_surprised,01__walking_and_outside_surprised_frame_0.jpg,01__walking_and_outside_surprised_frame_0,saved,2
train,real,01__walking_and_outside_surprised,01__walking_and_outside_surprised_frame_1.jpg,01__walking_and_outside_surprised_frame_1,saved,2
train,real,01__walking_and_outside_surprised,01__walking_and_outside_surprised_frame_2.jpg,01__walking_and_outside_surprised_frame_2,saved,2
train,real,01__walking_and_outside_surprised,01__walking_and_outside_surprised_frame_3.jpg,01__walking_and_outside_surprised_frame_3,saved,2
train,real,01__walking_and_outside_surprised,01__walking_and_outside_surprised_frame_4.jpg,01__walking_and_outside_surprised_frame_4,saved,2
train,real,01__walking_and_outside_surprised,01__walking_and_outside_surprised_frame_5.jpg,01__walking_and_outside_surprised_frame_5,saved,2
train,real,01__walking_and_outside_surprised,01__walking_and_outside_surprised_frame_6.jpg,01__walking_and_outside_surprised_frame_6,saved,2
train,real,01__walking_and_outside_surprised,01__walking_and_outside_surprised_frame_7.jpg,01__walking_and_outside_surprised_frame_7,saved,2
train,real,01__walking_and_outside_surprised,01__walking_and_outside_surprised_frame_8.jpg,01__walking_and_outside_surprised_frame_8,saved,2
train,real,01__walking_and_outside_surprised,01__walking_and_outside_surprised_frame_9.jpg,01__walking_and_outside_surprised_frame_9,saved,2
train,real,01__walking_down_indoor_hall_disgust,01__walking_down_indoor_hall_disgust_frame_0.jpg,01__walking_down_indoor_hall_disgust_frame_0,saved,2
train,real,01__walking_down_indoor_hall_disgust,01__walking_down_indoor_hall_disgust_frame_1.jpg,01__walking_down_indoor_hall_disgust_frame_1,saved,2
train,real,01__walking_down_indoor_hall_disgust,01__walking_down_indoor_hall_disgust_frame_2.jpg,01__walking_down_indoor_hall_disgust_frame_2,saved,2
train,real,01__walking_down_indoor_hall_disgust,01__walking_down_indoor_hall_disgust_frame_3.jpg,01__walking_down_indoor_hall_disgust_frame_3,saved,2
train,real,01__walking_down_indoor_hall_disgust,01__walking_down_indoor_hall_disgust_frame_4.jpg,01__walking_down_indoor_hall_disgust_frame_4,saved,2
train,real,01__walking_down_indoor_hall_disgust,01__walking_down_indoor_hall_disgust_frame_5.jpg,01__walking_down_indoor_hall_disgust_frame_5,saved,2
train,real,01__walking_down_indoor_hall_disgust,01__walking_down_indoor_hall_disgust_frame_6.jpg,01__walking_down_indoor_hall_disgust_frame_6,saved,2
train,real,01__walking_down_indoor_hall_disgust,01__walking_down_indoor_hall_disgust_frame_7.jpg,01__walking_down_indoor_hall_disgust_frame_7,saved,2
train,real,01__walking_down_indoor_hall_disgust,01__walking_down_indoor_hall_disgust_frame_8.jpg,01__walking_down_indoor_hall_disgust_frame_8,saved,2
train,real,01__walking_down_indoor_hall_disgust,01__walking_down_indoor_hall_disgust_frame_9.jpg,01__walking_down_indoor_hall_disgust_frame_9,no valid face metadata,0
train,real,01__walking_down_street_outside_angry,01__walking_down_street_outside_angry_frame_0.jpg,01__walking_down_street_outside_angry_frame_0,saved,1
train,real,01__walking_down_street_outside_angry,01__walking_down_street_outside_angry_frame_1.jpg,01__walking_down_street_outside_angry_frame_1,saved,1
train,real,01__walking_down_street_outside_angry,01__walking_down_street_outside_angry_frame_2.jpg,01__walking_down_street_outside_angry_frame_2,saved,1
train,real,01__walking_down_street_outside_angry,01__walking_down_street_outside_angry_frame_3.jpg,01__walking_down_street_outside_angry_frame_3,saved,1
train,real,01__walking_down_street_outside_angry,01__walking_down_street_outside_angry_frame_4.jpg,01__walking_down_street_outside_angry_frame_4,saved,1
train,real,01__walking_down_street_outside_angry,01__walking_down_street_outside_angry_frame_5.jpg,01__walking_down_street_outside_angry_frame_5,saved,1
train,real,01__walking_down_street_outside_angry,01__walking_down_street_outside_angry_frame_6.jpg,01__walking_down_street_outside_angry_frame_6,saved,1
train,real,01__walking_down_street_outside_angry,01__walking_down_street_outside_angry_frame_7.jpg,01__walking_down_street_outside_angry_frame_7,saved,1
train,real,01__walking_down_street_outside_angry,01__walking_down_street_outside_angry_frame_8.jpg,01__walking_down_street_outside_angry_frame_8,saved,1
train,real,01__walking_down_street_outside_angry,01__walking_down_street_outside_angry_frame_9.jpg,01__walking_down_street_outside_angry_frame_9,saved,1
train,real,01__walking_outside_cafe_disgusted,01__walking_outside_cafe_disgusted_frame_0.jpg,01__walking_outside_cafe_disgusted_frame_0,saved,2
train,real,01__walking_outside_cafe_disgusted,01__walking_outside_cafe_disgusted_frame_1.jpg,01__walking_outside_cafe_disgusted_frame_1,saved,2
train,real,01__walking_outside_cafe_disgusted,01__walking_outside_cafe_disgusted_frame_2.jpg,01__walking_outside_cafe_disgusted_frame_2,saved,2
train,real,01__walking_outside_cafe_disgusted,01__walking_outside_cafe_disgusted_frame_3.jpg,01__walking_outside_cafe_disgusted_frame_3,saved,4
train,real,01__walking_outside_cafe_disgusted,01__walking_outside_cafe_disgusted_frame_4.jpg,01__walking_outside_cafe_disgusted_frame_4,saved,1
train,real,01__walking_outside_cafe_disgusted,01__walking_outside_cafe_disgusted_frame_5.jpg,01__walking_outside_cafe_disgusted_frame_5,saved,1
train,real,01__walking_outside_cafe_disgusted,01__walking_outside_cafe_disgusted_frame_6.jpg,01__walking_outside_cafe_disgusted_frame_6,saved,1
train,real,01__walking_outside_cafe_disgusted,01__walking_outside_cafe_disgusted_frame_7.jpg,01__walking_outside_cafe_disgusted_frame_7,saved,1
train,real,01__walking_outside_cafe_disgusted,01__walking_outside_cafe_disgusted_frame_8.jpg,01__walking_outside_cafe_disgusted_frame_8,saved,1
train,real,01__walking_outside_cafe_disgusted,01__walking_outside_cafe_disgusted_frame_9.jpg,01__walking_outside_cafe_disgusted_frame_9,saved,2
train,real,02__exit_phone_room,02__exit_phone_room_frame_0.jpg,02__exit_phone_room_frame_0,saved,1
train,real,02__exit_phone_room,02__exit_phone_room_frame_1.jpg,02__exit_phone_room_frame_1,saved,1
train,real,02__exit_phone_room,02__exit_phone_room_frame_2.jpg,02__exit_phone_room_frame_2,saved,1
train,real,02__exit_phone_room,02__exit_phone_room_frame_3.jpg,02__exit_phone_room_frame_3,saved,1
train,real,02__exit_phone_room,02__exit_phone_room_frame_4.jpg,02__exit_phone_room_frame_4,saved,1
train,real,02__exit_phone_room,02__exit_phone_room_frame_5.jpg,02__exit_phone_room_frame_5,saved,1
train,real,02__exit_phone_room,02__exit_phone_room_frame_6.jpg,02__exit_phone_room_frame_6,saved,1
train,real,02__exit_phone_room,02__exit_phone_room_frame_7.jpg,02__exit_phone_room_frame_7,saved,1
train,real,02__exit_phone_room,02__exit_phone_room_frame_8.jpg,02__exit_phone_room_frame_8,saved,1
train,real,02__exit_phone_room,02__exit_phone_room_frame_9.jpg,02__exit_phone_room_frame_9,saved,1
train,real,02__kitchen_pan,02__kitchen_pan_frame_0.jpg,02__kitchen_pan_frame_0,no valid face metadata,0
train,real,02__kitchen_pan,02__kitchen_pan_frame_1.jpg,02__kitchen_pan_frame_1,saved,1
train,real,02__kitchen_pan,02__kitchen_pan_frame_2.jpg,02__kitchen_pan_frame_2,saved,1
train,real,02__kitchen_pan,02__kitchen_pan_frame_3.jpg,02__kitchen_pan_frame_3,saved,1
train,real,02__kitchen_pan,02__kitchen_pan_frame_4.jpg,02__kitchen_pan_frame_4,saved,1
train,real,02__kitchen_pan,02__kitchen_pan_frame_5.jpg,02__kitchen_pan_frame_5,saved,1
train,real,02__kitchen_pan,02__kitchen_pan_frame_6.jpg,02__kitchen_pan_frame_6,saved,2
train,real,02__kitchen_pan,02__kitchen_pan_frame_7.jpg,02__kitchen_pan_frame_7,saved,2
train,real,02__kitchen_pan,02__kitchen_pan_frame_8.jpg,02__kitchen_pan_frame_8,saved,2
train,real,02__kitchen_pan,02__kitchen_pan_frame_9.jpg,02__kitchen_pan_frame_9,saved,1
train,real,02__kitchen_still,02__kitchen_still_frame_0.jpg,02__kitchen_still_frame_0,saved,1
train,real,02__kitchen_still,02__kitchen_still_frame_1.jpg,02__kitchen_still_frame_1,saved,1
train,real,02__kitchen_still,02__kitchen_still_frame_2.jpg,02__kitchen_still_frame_2,saved,1
train,real,02__kitchen_still,02__kitchen_still_frame_3.jpg,02__kitchen_still_frame_3,saved,2
train,real,02__kitchen_still,02__kitchen_still_frame_4.jpg,02__kitchen_still_frame_4,saved,2
train,real,02__kitchen_still,02__kitchen_still_frame_5.jpg,02__kitchen_still_frame_5,saved,2
train,real,02__kitchen_still,02__kitchen_still_frame_6.jpg,02__kitchen_still_frame_6,saved,1
train,real,02__kitchen_still,02__kitchen_still_frame_7.jpg,02__kitchen_still_frame_7,saved,2
train,real,02__kitchen_still,02__kitchen_still_frame_8.jpg,02__kitchen_still_frame_8,saved,1
train,real,02__kitchen_still,02__kitchen_still_frame_9.jpg,02__kitchen_still_frame_9,saved,2
train,real,02__outside_talking_pan_laughing,02__outside_talking_pan_laughing_frame_0.jpg,02__outside_talking_pan_laughing_frame_0,no valid face metadata,0
train,real,02__outside_talking_pan_laughing,02__outside_talking_pan_laughing_frame_1.jpg,02__outside_talking_pan_laughing_frame_1,saved,1
train,real,02__outside_talking_pan_laughing,02__outside_talking_pan_laughing_frame_2.jpg,02__outside_talking_pan_laughing_frame_2,saved,1
train,real,02__outside_talking_pan_laughing,02__outside_talking_pan_laughing_frame_3.jpg,02__outside_talking_pan_laughing_frame_3,saved,1
train,real,02__outside_talking_pan_laughing,02__outside_talking_pan_laughing_frame_4.jpg,02__outside_talking_pan_laughing_frame_4,saved,1
train,real,02__outside_talking_pan_laughing,02__outside_talking_pan_laughing_frame_5.jpg,02__outside_talking_pan_laughing_frame_5,saved,1
train,real,02__outside_talking_pan_laughing,02__outside_talking_pan_laughing_frame_6.jpg,02__outside_talking_pan_laughing_frame_6,saved,1
train,real,02__outside_talking_pan_laughing,02__outside_talking_pan_laughing_frame_7.jpg,02__outside_talking_pan_laughing_frame_7,saved,1
train,real,02__outside_talking_pan_laughing,02__outside_talking_pan_laughing_frame_8.jpg,02__outside_talking_pan_laughing_frame_8,saved,1
train,real,02__outside_talking_pan_laughing,02__outside_talking_pan_laughing_frame_9.jpg,02__outside_talking_pan_laughing_frame_9,no valid face metadata,0
train,real,02__talking_against_wall,02__talking_against_wall_frame_0.jpg,02__talking_against_wall_frame_0,saved,1
train,real,02__talking_against_wall,02__talking_against_wall_frame_1.jpg,02__talking_against_wall_frame_1,saved,1
train,real,02__talking_against_wall,02__talking_against_wall_frame_2.jpg,02__talking_against_wall_frame_2,saved,1
train,real,02__talking_against_wall,02__talking_against_wall_frame_3.jpg,02__talking_against_wall_frame_3,saved,1
train,real,02__talking_against_wall,02__talking_against_wall_frame_4.jpg,02__talking_against_wall_frame_4,saved,1
train,real,02__talking_against_wall,02__talking_against_wall_frame_5.jpg,02__talking_against_wall_frame_5,saved,1
train,real,02__talking_against_wall,02__talking_against_wall_frame_6.jpg,02__talking_against_wall_frame_6,saved,1
train,real,02__talking_against_wall,02__talking_against_wall_frame_7.jpg,02__talking_against_wall_frame_7,saved,1
train,real,02__talking_against_wall,02__talking_against_wall_frame_8.jpg,02__talking_against_wall_frame_8,saved,1
train,real,02__talking_against_wall,02__talking_against_wall_frame_9.jpg,02__talking_against_wall_frame_9,saved,1
train,real,02__walk_down_hall_angry,02__walk_down_hall_angry_frame_0.jpg,02__walk_down_hall_angry_frame_0,no valid face metadata,0
train,real,02__walk_down_hall_angry,02__walk_down_hall_angry_frame_1.jpg,02__walk_down_hall_angry_frame_1,saved,1
train,real,02__walk_down_hall_angry,02__walk_down_hall_angry_frame_2.jpg,02__walk_down_hall_angry_frame_2,saved,1
train,real,02__walk_down_hall_angry,02__walk_down_hall_angry_frame_3.jpg,02__walk_down_hall_angry_frame_3,saved,1
train,real,02__walk_down_hall_angry,02__walk_down_hall_angry_frame_4.jpg,02__walk_down_hall_angry_frame_4,saved,1
train,real,02__walk_down_hall_angry,02__walk_down_hall_angry_frame_5.jpg,02__walk_down_hall_angry_frame_5,saved,1
train,real,02__walk_down_hall_angry,02__walk_down_hall_angry_frame_6.jpg,02__walk_down_hall_angry_frame_6,saved,1
train,real,02__walk_down_hall_angry,02__walk_down_hall_angry_frame_7.jpg,02__walk_down_hall_angry_frame_7,saved,1
train,real,02__walk_down_hall_angry,02__walk_down_hall_angry_frame_8.jpg,02__walk_down_hall_angry_frame_8,saved,1
train,real,02__walk_down_hall_angry,02__walk_down_hall_angry_frame_9.jpg,02__walk_down_hall_angry_frame_9,saved,1
train,real,02__walking_down_indoor_hall_disgust,02__walking_down_indoor_hall_disgust_frame_0.jpg,02__walking_down_indoor_hall_disgust_frame_0,saved,2
train,real,02__walking_down_indoor_hall_disgust,02__walking_down_indoor_hall_disgust_frame_1.jpg,02__walking_down_indoor_hall_disgust_frame_1,saved,2
train,real,02__walking_down_indoor_hall_disgust,02__walking_down_indoor_hall_disgust_frame_2.jpg,02__walking_down_indoor_hall_disgust_frame_2,saved,2
train,real,02__walking_down_indoor_hall_disgust,02__walking_down_indoor_hall_disgust_frame_3.jpg,02__walking_down_indoor_hall_disgust_frame_3,saved,2
train,real,02__walking_down_indoor_hall_disgust,02__walking_down_indoor_hall_disgust_frame_4.jpg,02__walking_down_indoor_hall_disgust_frame_4,saved,2
train,real,02__walking_down_indoor_hall_disgust,02__walking_down_indoor_hall_disgust_frame_5.jpg,02__walking_down_indoor_hall_disgust_frame_5,saved,2
train,real,02__walking_down_indoor_hall_disgust,02__walking_down_indoor_hall_disgust_frame_6.jpg,02__walking_down_indoor_hall_disgust_frame_6,saved,2
train,real,02__walking_down_indoor_hall_disgust,02__walking_down_indoor_hall_disgust_frame_7.jpg,02__walking_down_indoor_hall_disgust_frame_7,saved,2
train,real,02__walking_down_indoor_hall_disgust,02__walking_down_indoor_hall_disgust_frame_8.jpg,02__walking_down_indoor_hall_disgust_frame_8,saved,2
train,real,02__walking_down_indoor_hall_disgust,02__walking_down_indoor_hall_disgust_frame_9.jpg,02__walking_down_indoor_hall_disgust_frame_9,saved,2
train,real,02__walking_down_street_outside_angry,02__walking_down_street_outside_angry_frame_0.jpg,02__walking_down_street_outside_angry_frame_0,saved,1
train,real,02__walking_down_street_outside_angry,02__walking_down_street_outside_angry_frame_1.jpg,02__walking_down_street_outside_angry_frame_1,saved,1
train,real,02__walking_down_street_outside_angry,02__walking_down_street_outside_angry_frame_2.jpg,02__walking_down_street_outside_angry_frame_2,saved,1
train,real,02__walking_down_street_outside_angry,02__walking_down_street_outside_angry_frame_3.jpg,02__walking_down_street_outside_angry_frame_3,saved,1
train,real,02__walking_down_street_outside_angry,02__walking_down_street_outside_angry_frame_4.jpg,02__walking_down_street_outside_angry_frame_4,saved,1
train,real,02__walking_down_street_outside_angry,02__walking_down_street_outside_angry_frame_5.jpg,02__walking_down_street_outside_angry_frame_5,saved,1
train,real,02__walking_down_street_outside_angry,02__walking_down_street_outside_angry_frame_6.jpg,02__walking_down_street_outside_angry_frame_6,saved,1
train,real,02__walking_down_street_outside_angry,02__walking_down_street_outside_angry_frame_7.jpg,02__walking_down_street_outside_angry_frame_7,saved,2
train,real,02__walking_down_street_outside_angry,02__walking_down_street_outside_angry_frame_8.jpg,02__walking_down_street_outside_angry_frame_8,saved,1
train,real,02__walking_down_street_outside_angry,02__walking_down_street_outside_angry_frame_9.jpg,02__walking_down_street_outside_angry_frame_9,saved,1
train,real,03__exit_phone_room,03__exit_phone_room_frame_0.jpg,03__exit_phone_room_frame_0,saved,1
train,real,03__exit_phone_room,03__exit_phone_room_frame_1.jpg,03__exit_phone_room_frame_1,saved,1
train,real,03__exit_phone_room,03__exit_phone_room_frame_2.jpg,03__exit_phone_room_frame_2,saved,1
train,real,03__exit_phone_room,03__exit_phone_room_frame_3.jpg,03__exit_phone_room_frame_3,saved,1
train,real,03__exit_phone_room,03__exit_phone_room_frame_4.jpg,03__exit_phone_room_frame_4,saved,1
train,real,03__exit_phone_room,03__exit_phone_room_frame_5.jpg,03__exit_phone_room_frame_5,saved,1
train,real,03__exit_phone_room,03__exit_phone_room_frame_6.jpg,03__exit_phone_room_frame_6,saved,2
train,real,03__exit_phone_room,03__exit_phone_room_frame_7.jpg,03__exit_phone_room_frame_7,saved,2
train,real,03__exit_phone_room,03__exit_phone_room_frame_8.jpg,03__exit_phone_room_frame_8,saved,1
train,real,03__exit_phone_room,03__exit_phone_room_frame_9.jpg,03__exit_phone_room_frame_9,saved,1
train,real,03__hugging_happy,03__hugging_happy_frame_0.jpg,03__hugging_happy_frame_0,saved,1
train,real,03__hugging_happy,03__hugging_happy_frame_1.jpg,03__hugging_happy_frame_1,saved,1
train,real,03__hugging_happy,03__hugging_happy_frame_2.jpg,03__hugging_happy_frame_2,saved,1
train,real,03__hugging_happy,03__hugging_happy_frame_3.jpg,03__hugging_happy_frame_3,saved,1
train,real,03__hugging_happy,03__hugging_happy_frame_4.jpg,03__hugging_happy_frame_4,saved,1
train,real,03__hugging_happy,03__hugging_happy_frame_5.jpg,03__hugging_happy_frame_5,saved,1
train,real,03__hugging_happy,03__hugging_happy_frame_6.jpg,03__hugging_happy_frame_6,saved,1
train,real,03__hugging_happy,03__hugging_happy_frame_7.jpg,03__hugging_happy_frame_7,saved,1
train,real,03__hugging_happy,03__hugging_happy_frame_8.jpg,03__hugging_happy_frame_8,saved,1
train,real,03__hugging_happy,03__hugging_happy_frame_9.jpg,03__hugging_happy_frame_9,saved,1
train,real,03__kitchen_pan,03__kitchen_pan_frame_0.jpg,03__kitchen_pan_frame_0,no valid face metadata,0
train,real,03__kitchen_pan,03__kitchen_pan_frame_1.jpg,03__kitchen_pan_frame_1,saved,1
train,real,03__kitchen_pan,03__kitchen_pan_frame_2.jpg,03__kitchen_pan_frame_2,saved,1
train,real,03__kitchen_pan,03__kitchen_pan_frame_3.jpg,03__kitchen_pan_frame_3,saved,1
train,real,03__kitchen_pan,03__kitchen_pan_frame_4.jpg,03__kitchen_pan_frame_4,saved,1
train,real,03__kitchen_pan,03__kitchen_pan_frame_5.jpg,03__kitchen_pan_frame_5,saved,1
train,real,03__kitchen_pan,03__kitchen_pan_frame_6.jpg,03__kitchen_pan_frame_6,saved,1
train,real,03__kitchen_pan,03__kitchen_pan_frame_7.jpg,03__kitchen_pan_frame_7,saved,1
train,real,03__kitchen_pan,03__kitchen_pan_frame_8.jpg,03__kitchen_pan_frame_8,saved,1
train,real,03__kitchen_pan,03__kitchen_pan_frame_9.jpg,03__kitchen_pan_frame_9,no valid face metadata,0
train,real,03__meeting_serious,03__meeting_serious_frame_0.jpg,03__meeting_serious_frame_0,saved,4
train,real,03__meeting_serious,03__meeting_serious_frame_1.jpg,03__meeting_serious_frame_1,saved,3
train,real,03__meeting_serious,03__meeting_serious_frame_2.jpg,03__meeting_serious_frame_2,saved,3
train,real,03__meeting_serious,03__meeting_serious_frame_3.jpg,03__meeting_serious_frame_3,saved,3
train,real,03__meeting_serious,03__meeting_serious_frame_4.jpg,03__meeting_serious_frame_4,saved,3
train,real,03__meeting_serious,03__meeting_serious_frame_5.jpg,03__meeting_serious_frame_5,saved,3
train,real,03__meeting_serious,03__meeting_serious_frame_6.jpg,03__meeting_serious_frame_6,saved,4
train,real,03__meeting_serious,03__meeting_serious_frame_7.jpg,03__meeting_serious_frame_7,saved,4
train,real,03__meeting_serious,03__meeting_serious_frame_8.jpg,03__meeting_serious_frame_8,saved,4
train,real,03__meeting_serious,03__meeting_serious_frame_9.jpg,03__meeting_serious_frame_9,saved,3
train,real,03__outside_talking_pan_laughing,03__outside_talking_pan_laughing_frame_0.jpg,03__outside_talking_pan_laughing_frame_0,no valid face metadata,0
train,real,03__outside_talking_pan_laughing,03__outside_talking_pan_laughing_frame_1.jpg,03__outside_talking_pan_laughing_frame_1,saved,1
train,real,03__outside_talking_pan_laughing,03__outside_talking_pan_laughing_frame_2.jpg,03__outside_talking_pan_laughing_frame_2,saved,1
train,real,03__outside_talking_pan_laughing,03__outside_talking_pan_laughing_frame_3.jpg,03__outside_talking_pan_laughing_frame_3,saved,1
train,real,03__outside_talking_pan_laughing,03__outside_talking_pan_laughing_frame_4.jpg,03__outside_talking_pan_laughing_frame_4,saved,1
train,real,03__outside_talking_pan_laughing,03__outside_talking_pan_laughing_frame_5.jpg,03__outside_talking_pan_laughing_frame_5,saved,1
train,real,03__outside_talking_pan_laughing,03__outside_talking_pan_laughing_frame_6.jpg,03__outside_talking_pan_laughing_frame_6,saved,1
train,real,03__outside_talking_pan_laughing,03__outside_talking_pan_laughing_frame_7.jpg,03__outside_talking_pan_laughing_frame_7,saved,1
train,real,03__outside_talking_pan_laughing,03__outside_talking_pan_laughing_frame_8.jpg,03__outside_talking_pan_laughing_frame_8,saved,1
train,real,03__outside_talking_pan_laughing,03__outside_talking_pan_laughing_frame_9.jpg,03__outside_talking_pan_laughing_frame_9,no valid face metadata,0
train,real,03__outside_talking_still_laughing,03__outside_talking_still_laughing_frame_0.jpg,03__outside_talking_still_laughing_frame_0,saved,1
train,real,03__outside_talking_still_laughing,03__outside_talking_still_laughing_frame_1.jpg,03__outside_talking_still_laughing_frame_1,saved,1
train,real,03__outside_talking_still_laughing,03__outside_talking_still_laughing_frame_2.jpg,03__outside_talking_still_laughing_frame_2,saved,1
train,real,03__outside_talking_still_laughing,03__outside_talking_still_laughing_frame_3.jpg,03__outside_talking_still_laughing_frame_3,saved,1
train,real,03__outside_talking_still_laughing,03__outside_talking_still_laughing_frame_4.jpg,03__outside_talking_still_laughing_frame_4,saved,1
train,real,03__outside_talking_still_laughing,03__outside_talking_still_laughing_frame_5.jpg,03__outside_talking_still_laughing_frame_5,saved,1
train,real,03__outside_talking_still_laughing,03__outside_talking_still_laughing_frame_6.jpg,03__outside_talking_still_laughing_frame_6,saved,1
train,real,03__outside_talking_still_laughing,03__outside_talking_still_laughing_frame_7.jpg,03__outside_talking_still_laughing_frame_7,saved,1
train,real,03__outside_talking_still_laughing,03__outside_talking_still_laughing_frame_8.jpg,03__outside_talking_still_laughing_frame_8,saved,1
train,real,03__outside_talking_still_laughing,03__outside_talking_still_laughing_frame_9.jpg,03__outside_talking_still_laughing_frame_9,saved,1
train,real,03__talking_against_wall,03__talking_against_wall_frame_0.jpg,03__talking_against_wall_frame_0,saved,1
train,real,03__talking_against_wall,03__talking_against_wall_frame_1.jpg,03__talking_against_wall_frame_1,saved,1
train,real,03__talking_against_wall,03__talking_against_wall_frame_2.jpg,03__talking_against_wall_frame_2,saved,1
train,real,03__talking_against_wall,03__talking_against_wall_frame_3.jpg,03__talking_against_wall_frame_3,saved,1
train,real,03__talking_against_wall,03__talking_against_wall_frame_4.jpg,03__talking_against_wall_frame_4,saved,1
train,real,03__talking_against_wall,03__talking_against_wall_frame_5.jpg,03__talking_against_wall_frame_5,saved,1
train,real,03__talking_against_wall,03__talking_against_wall_frame_6.jpg,03__talking_against_wall_frame_6,saved,1
train,real,03__talking_against_wall,03__talking_against_wall_frame_7.jpg,03__talking_against_wall_frame_7,saved,1
train,real,03__talking_against_wall,03__talking_against_wall_frame_8.jpg,03__talking_against_wall_frame_8,saved,1
train,real,03__talking_against_wall,03__talking_against_wall_frame_9.jpg,03__talking_against_wall_frame_9,saved,1
train,real,03__talking_angry_couch,03__talking_angry_couch_frame_0.jpg,03__talking_angry_couch_frame_0,saved,1
train,real,03__talking_angry_couch,03__talking_angry_couch_frame_1.jpg,03__talking_angry_couch_frame_1,saved,1
train,real,03__talking_angry_couch,03__talking_angry_couch_frame_2.jpg,03__talking_angry_couch_frame_2,saved,1
train,real,03__talking_angry_couch,03__talking_angry_couch_frame_3.jpg,03__talking_angry_couch_frame_3,saved,1
train,real,03__talking_angry_couch,03__talking_angry_couch_frame_4.jpg,03__talking_angry_couch_frame_4,saved,1
train,real,03__talking_angry_couch,03__talking_angry_couch_frame_5.jpg,03__talking_angry_couch_frame_5,saved,1
train,real,03__talking_angry_couch,03__talking_angry_couch_frame_6.jpg,03__talking_angry_couch_frame_6,saved,1
train,real,03__talking_angry_couch,03__talking_angry_couch_frame_7.jpg,03__talking_angry_couch_frame_7,saved,1
train,real,03__talking_angry_couch,03__talking_angry_couch_frame_8.jpg,03__talking_angry_couch_frame_8,saved,1
train,real,03__talking_angry_couch,03__talking_angry_couch_frame_9.jpg,03__talking_angry_couch_frame_9,saved,1
train,real,03__walk_down_hall_angry,03__walk_down_hall_angry_frame_0.jpg,03__walk_down_hall_angry_frame_0,no valid face metadata,0
train,real,03__walk_down_hall_angry,03__walk_down_hall_angry_frame_1.jpg,03__walk_down_hall_angry_frame_1,saved,1
train,real,03__walk_down_hall_angry,03__walk_down_hall_angry_frame_2.jpg,03__walk_down_hall_angry_frame_2,saved,1
train,real,03__walk_down_hall_angry,03__walk_down_hall_angry_frame_3.jpg,03__walk_down_hall_angry_frame_3,saved,1
train,real,03__walk_down_hall_angry,03__walk_down_hall_angry_frame_4.jpg,03__walk_down_hall_angry_frame_4,saved,1
train,real,03__walk_down_hall_angry,03__walk_down_hall_angry_frame_5.jpg,03__walk_down_hall_angry_frame_5,saved,1
train,real,03__walk_down_hall_angry,03__walk_down_hall_angry_frame_6.jpg,03__walk_down_hall_angry_frame_6,saved,1
train,real,03__walk_down_hall_angry,03__walk_down_hall_angry_frame_7.jpg,03__walk_down_hall_angry_frame_7,saved,1
train,real,03__walk_down_hall_angry,03__walk_down_hall_angry_frame_8.jpg,03__walk_down_hall_angry_frame_8,saved,1
train,real,03__walk_down_hall_angry,03__walk_down_hall_angry_frame_9.jpg,03__walk_down_hall_angry_frame_9,saved,1
train,real,03__walking_and_outside_surprised,03__walking_and_outside_surprised_frame_0.jpg,03__walking_and_outside_surprised_frame_0,saved,2
train,real,03__walking_and_outside_surprised,03__walking_and_outside_surprised_frame_1.jpg,03__walking_and_outside_surprised_frame_1,saved,2
train,real,03__walking_and_outside_surprised,03__walking_and_outside_surprised_frame_2.jpg,03__walking_and_outside_surprised_frame_2,saved,2
train,real,03__walking_and_outside_surprised,03__walking_and_outside_surprised_frame_3.jpg,03__walking_and_outside_surprised_frame_3,saved,2
train,real,03__walking_and_outside_surprised,03__walking_and_outside_surprised_frame_4.jpg,03__walking_and_outside_surprised_frame_4,saved,2
train,real,03__walking_and_outside_surprised,03__walking_and_outside_surprised_frame_5.jpg,03__walking_and_outside_surprised_frame_5,saved,2
train,real,03__walking_and_outside_surprised,03__walking_and_outside_surprised_frame_6.jpg,03__walking_and_outside_surprised_frame_6,saved,2
train,real,03__walking_and_outside_surprised,03__walking_and_outside_surprised_frame_7.jpg,03__walking_and_outside_surprised_frame_7,saved,2
train,real,03__walking_and_outside_surprised,03__walking_and_outside_surprised_frame_8.jpg,03__walking_and_outside_surprised_frame_8,saved,2
train,real,03__walking_and_outside_surprised,03__walking_and_outside_surprised_frame_9.jpg,03__walking_and_outside_surprised_frame_9,saved,2
train,real,03__walking_down_indoor_hall_disgust,03__walking_down_indoor_hall_disgust_frame_0.jpg,03__walking_down_indoor_hall_disgust_frame_0,saved,2
train,real,03__walking_down_indoor_hall_disgust,03__walking_down_indoor_hall_disgust_frame_1.jpg,03__walking_down_indoor_hall_disgust_frame_1,saved,3
train,real,03__walking_down_indoor_hall_disgust,03__walking_down_indoor_hall_disgust_frame_2.jpg,03__walking_down_indoor_hall_disgust_frame_2,saved,2
train,real,03__walking_down_indoor_hall_disgust,03__walking_down_indoor_hall_disgust_frame_3.jpg,03__walking_down_indoor_hall_disgust_frame_3,saved,2
train,real,03__walking_down_indoor_hall_disgust,03__walking_down_indoor_hall_disgust_frame_4.jpg,03__walking_down_indoor_hall_disgust_frame_4,saved,2
train,real,03__walking_down_indoor_hall_disgust,03__walking_down_indoor_hall_disgust_frame_5.jpg,03__walking_down_indoor_hall_disgust_frame_5,saved,2
train,real,03__walking_down_indoor_hall_disgust,03__walking_down_indoor_hall_disgust_frame_6.jpg,03__walking_down_indoor_hall_disgust_frame_6,saved,2
train,real,03__walking_down_indoor_hall_disgust,03__walking_down_indoor_hall_disgust_frame_7.jpg,03__walking_down_indoor_hall_disgust_frame_7,saved,2
train,real,03__walking_down_indoor_hall_disgust,03__walking_down_indoor_hall_disgust_frame_8.jpg,03__walking_down_indoor_hall_disgust_frame_8,saved,2
train,real,03__walking_down_indoor_hall_disgust,03__walking_down_indoor_hall_disgust_frame_9.jpg,03__walking_down_indoor_hall_disgust_frame_9,saved,2
train,real,03__walking_down_street_outside_angry,03__walking_down_street_outside_angry_frame_0.jpg,03__walking_down_street_outside_angry_frame_0,saved,1
train,real,03__walking_down_street_outside_angry,03__walking_down_street_outside_angry_frame_1.jpg,03__walking_down_street_outside_angry_frame_1,saved,1
train,real,03__walking_down_street_outside_angry,03__walking_down_street_outside_angry_frame_2.jpg,03__walking_down_street_outside_angry_frame_2,saved,1
train,real,03__walking_down_street_outside_angry,03__walking_down_street_outside_angry_frame_3.jpg,03__walking_down_street_outside_angry_frame_3,saved,1
train,real,03__walking_down_street_outside_angry,03__walking_down_street_outside_angry_frame_4.jpg,03__walking_down_street_outside_angry_frame_4,saved,1
train,real,03__walking_down_street_outside_angry,03__walking_down_street_outside_angry_frame_5.jpg,03__walking_down_street_outside_angry_frame_5,saved,1
train,real,03__walking_down_street_outside_angry,03__walking_down_street_outside_angry_frame_6.jpg,03__walking_down_street_outside_angry_frame_6,saved,2
train,real,03__walking_down_street_outside_angry,03__walking_down_street_outside_angry_frame_7.jpg,03__walking_down_street_outside_angry_frame_7,saved,1
train,real,03__walking_down_street_outside_angry,03__walking_down_street_outside_angry_frame_8.jpg,03__walking_down_street_outside_angry_frame_8,saved,1
train,real,03__walking_down_street_outside_angry,03__walking_down_street_outside_angry_frame_9.jpg,03__walking_down_street_outside_angry_frame_9,saved,1
train,real,03__walking_outside_cafe_disgusted,03__walking_outside_cafe_disgusted_frame_0.jpg,03__walking_outside_cafe_disgusted_frame_0,no valid face metadata,0
train,real,03__walking_outside_cafe_disgusted,03__walking_outside_cafe_disgusted_frame_1.jpg,03__walking_outside_cafe_disgusted_frame_1,saved,1
train,real,03__walking_outside_cafe_disgusted,03__walking_outside_cafe_disgusted_frame_2.jpg,03__walking_outside_cafe_disgusted_frame_2,saved,1
train,real,03__walking_outside_cafe_disgusted,03__walking_outside_cafe_disgusted_frame_3.jpg,03__walking_outside_cafe_disgusted_frame_3,saved,1
train,real,03__walking_outside_cafe_disgusted,03__walking_outside_cafe_disgusted_frame_4.jpg,03__walking_outside_cafe_disgusted_frame_4,saved,1
train,real,03__walking_outside_cafe_disgusted,03__walking_outside_cafe_disgusted_frame_5.jpg,03__walking_outside_cafe_disgusted_frame_5,saved,1
train,real,03__walking_outside_cafe_disgusted,03__walking_outside_cafe_disgusted_frame_6.jpg,03__walking_outside_cafe_disgusted_frame_6,saved,1
train,real,03__walking_outside_cafe_disgusted,03__walking_outside_cafe_disgusted_frame_7.jpg,03__walking_outside_cafe_disgusted_frame_7,saved,1
train,real,03__walking_outside_cafe_disgusted,03__walking_outside_cafe_disgusted_frame_8.jpg,03__walking_outside_cafe_disgusted_frame_8,saved,1
train,real,03__walking_outside_cafe_disgusted,03__walking_outside_cafe_disgusted_frame_9.jpg,03__walking_outside_cafe_disgusted_frame_9,saved,1
train,real,04__exit_phone_room,04__exit_phone_room_frame_0.jpg,04__exit_phone_room_frame_0,saved,1
train,real,04__exit_phone_room,04__exit_phone_room_frame_1.jpg,04__exit_phone_room_frame_1,saved,1
train,real,04__exit_phone_room,04__exit_phone_room_frame_2.jpg,04__exit_phone_room_frame_2,saved,1
train,real,04__exit_phone_room,04__exit_phone_room_frame_3.jpg,04__exit_phone_room_frame_3,saved,1
train,real,04__exit_phone_room,04__exit_phone_room_frame_4.jpg,04__exit_phone_room_frame_4,saved,1
train,real,04__exit_phone_room,04__exit_phone_room_frame_5.jpg,04__exit_phone_room_frame_5,saved,1
train,real,04__exit_phone_room,04__exit_phone_room_frame_6.jpg,04__exit_phone_room_frame_6,saved,1
train,real,04__exit_phone_room,04__exit_phone_room_frame_7.jpg,04__exit_phone_room_frame_7,saved,1
train,real,04__exit_phone_room,04__exit_phone_room_frame_8.jpg,04__exit_phone_room_frame_8,saved,1
train,real,04__exit_phone_room,04__exit_phone_room_frame_9.jpg,04__exit_phone_room_frame_9,saved,1
train,real,04__outside_talking_pan_laughing,04__outside_talking_pan_laughing_frame_0.jpg,04__outside_talking_pan_laughing_frame_0,no valid face metadata,0
train,real,04__outside_talking_pan_laughing,04__outside_talking_pan_laughing_frame_1.jpg,04__outside_talking_pan_laughing_frame_1,saved,1
train,real,04__outside_talking_pan_laughing,04__outside_talking_pan_laughing_frame_2.jpg,04__outside_talking_pan_laughing_frame_2,saved,1
train,real,04__outside_talking_pan_laughing,04__outside_talking_pan_laughing_frame_3.jpg,04__outside_talking_pan_laughing_frame_3,saved,1
train,real,04__outside_talking_pan_laughing,04__outside_talking_pan_laughing_frame_4.jpg,04__outside_talking_pan_laughing_frame_4,saved,1
train,real,04__outside_talking_pan_laughing,04__outside_talking_pan_laughing_frame_5.jpg,04__outside_talking_pan_laughing_frame_5,saved,1
train,real,04__outside_talking_pan_laughing,04__outside_talking_pan_laughing_frame_6.jpg,04__outside_talking_pan_laughing_frame_6,saved,1
train,real,04__outside_talking_pan_laughing,04__outside_talking_pan_laughing_frame_7.jpg,04__outside_talking_pan_laughing_frame_7,saved,1
train,real,04__outside_talking_pan_laughing,04__outside_talking_pan_laughing_frame_8.jpg,04__outside_talking_pan_laughing_frame_8,saved,1
train,real,04__outside_talking_pan_laughing,04__outside_talking_pan_laughing_frame_9.jpg,04__outside_talking_pan_laughing_frame_9,no valid face metadata,0
train,real,04__outside_talking_still_laughing,04__outside_talking_still_laughing_frame_0.jpg,04__outside_talking_still_laughing_frame_0,saved,1
train,real,04__outside_talking_still_laughing,04__outside_talking_still_laughing_frame_1.jpg,04__outside_talking_still_laughing_frame_1,saved,1
train,real,04__outside_talking_still_laughing,04__outside_talking_still_laughing_frame_2.jpg,04__outside_talking_still_laughing_frame_2,saved,1
train,real,04__outside_talking_still_laughing,04__outside_talking_still_laughing_frame_3.jpg,04__outside_talking_still_laughing_frame_3,saved,1
train,real,04__outside_talking_still_laughing,04__outside_talking_still_laughing_frame_4.jpg,04__outside_talking_still_laughing_frame_4,saved,1
train,real,04__outside_talking_still_laughing,04__outside_talking_still_laughing_frame_5.jpg,04__outside_talking_still_laughing_frame_5,saved,1
train,real,04__outside_talking_still_laughing,04__outside_talking_still_laughing_frame_6.jpg,04__outside_talking_still_laughing_frame_6,saved,1
train,real,04__outside_talking_still_laughing,04__outside_talking_still_laughing_frame_7.jpg,04__outside_talking_still_laughing_frame_7,saved,1
train,real,04__outside_talking_still_laughing,04__outside_talking_still_laughing_frame_8.jpg,04__outside_talking_still_laughing_frame_8,saved,1
train,real,04__outside_talking_still_laughing,04__outside_talking_still_laughing_frame_9.jpg,04__outside_talking_still_laughing_frame_9,saved,1
train,real,04__podium_speech_happy,04__podium_speech_happy_frame_0.jpg,04__podium_speech_happy_frame_0,saved,1
train,real,04__podium_speech_happy,04__podium_speech_happy_frame_1.jpg,04__podium_speech_happy_frame_1,saved,1
train,real,04__podium_speech_happy,04__podium_speech_happy_frame_2.jpg,04__podium_speech_happy_frame_2,saved,1
train,real,04__podium_speech_happy,04__podium_speech_happy_frame_3.jpg,04__podium_speech_happy_frame_3,saved,1
train,real,04__podium_speech_happy,04__podium_speech_happy_frame_4.jpg,04__podium_speech_happy_frame_4,saved,1
train,real,04__podium_speech_happy,04__podium_speech_happy_frame_5.jpg,04__podium_speech_happy_frame_5,saved,1
train,real,04__podium_speech_happy,04__podium_speech_happy_frame_6.jpg,04__podium_speech_happy_frame_6,saved,1
train,real,04__podium_speech_happy,04__podium_speech_happy_frame_7.jpg,04__podium_speech_happy_frame_7,saved,1
train,real,04__podium_speech_happy,04__podium_speech_happy_frame_8.jpg,04__podium_speech_happy_frame_8,saved,1
train,real,04__podium_speech_happy,04__podium_speech_happy_frame_9.jpg,04__podium_speech_happy_frame_9,saved,1
train,real,04__secret_conversation,04__secret_conversation_frame_0.jpg,04__secret_conversation_frame_0,saved,2
train,real,04__secret_conversation,04__secret_conversation_frame_1.jpg,04__secret_conversation_frame_1,saved,2
train,real,04__secret_conversation,04__secret_conversation_frame_2.jpg,04__secret_conversation_frame_2,saved,2
train,real,04__secret_conversation,04__secret_conversation_frame_3.jpg,04__secret_conversation_frame_3,saved,2
train,real,04__secret_conversation,04__secret_conversation_frame_4.jpg,04__secret_conversation_frame_4,saved,2
train,real,04__secret_conversation,04__secret_conversation_frame_5.jpg,04__secret_conversation_frame_5,saved,2
train,real,04__secret_conversation,04__secret_conversation_frame_6.jpg,04__secret_conversation_frame_6,saved,2
train,real,04__secret_conversation,04__secret_conversation_frame_7.jpg,04__secret_conversation_frame_7,saved,2
train,real,04__secret_conversation,04__secret_conversation_frame_8.jpg,04__secret_conversation_frame_8,saved,2
train,real,04__secret_conversation,04__secret_conversation_frame_9.jpg,04__secret_conversation_frame_9,saved,2
train,real,05__exit_phone_room,05__exit_phone_room_frame_0.jpg,05__exit_phone_room_frame_0,saved,1
train,real,05__exit_phone_room,05__exit_phone_room_frame_1.jpg,05__exit_phone_room_frame_1,saved,1
train,real,05__exit_phone_room,05__exit_phone_room_frame_2.jpg,05__exit_phone_room_frame_2,saved,1
train,real,05__exit_phone_room,05__exit_phone_room_frame_3.jpg,05__exit_phone_room_frame_3,saved,1
train,real,05__exit_phone_room,05__exit_phone_room_frame_4.jpg,05__exit_phone_room_frame_4,saved,1
train,real,05__exit_phone_room,05__exit_phone_room_frame_5.jpg,05__exit_phone_room_frame_5,saved,1
train,real,05__exit_phone_room,05__exit_phone_room_frame_6.jpg,05__exit_phone_room_frame_6,saved,1
train,real,05__exit_phone_room,05__exit_phone_room_frame_7.jpg,05__exit_phone_room_frame_7,saved,1
train,real,05__exit_phone_room,05__exit_phone_room_frame_8.jpg,05__exit_phone_room_frame_8,saved,1
train,real,05__exit_phone_room,05__exit_phone_room_frame_9.jpg,05__exit_phone_room_frame_9,saved,1
train,real,05__hugging_happy,05__hugging_happy_frame_0.jpg,05__hugging_happy_frame_0,saved,1
train,real,05__hugging_happy,05__hugging_happy_frame_1.jpg,05__hugging_happy_frame_1,saved,1
train,real,05__hugging_happy,05__hugging_happy_frame_2.jpg,05__hugging_happy_frame_2,saved,1
train,real,05__hugging_happy,05__hugging_happy_frame_3.jpg,05__hugging_happy_frame_3,saved,1
train,real,05__hugging_happy,05__hugging_happy_frame_4.jpg,05__hugging_happy_frame_4,saved,1
train,real,05__hugging_happy,05__hugging_happy_frame_5.jpg,05__hugging_happy_frame_5,saved,1
train,real,05__hugging_happy,05__hugging_happy_frame_6.jpg,05__hugging_happy_frame_6,saved,1
train,real,05__hugging_happy,05__hugging_happy_frame_7.jpg,05__hugging_happy_frame_7,saved,1
train,real,05__hugging_happy,05__hugging_happy_frame_8.jpg,05__hugging_happy_frame_8,saved,1
train,real,05__hugging_happy,05__hugging_happy_frame_9.jpg,05__hugging_happy_frame_9,saved,1
train,real,05__kitchen_still,05__kitchen_still_frame_0.jpg,05__kitchen_still_frame_0,saved,1
train,real,05__kitchen_still,05__kitchen_still_frame_1.jpg,05__kitchen_still_frame_1,saved,1
train,real,05__kitchen_still,05__kitchen_still_frame_2.jpg,05__kitchen_still_frame_2,saved,1
train,real,05__kitchen_still,05__kitchen_still_frame_3.jpg,05__kitchen_still_frame_3,saved,1
train,real,05__kitchen_still,05__kitchen_still_frame_4.jpg,05__kitchen_still_frame_4,saved,1
train,real,05__kitchen_still,05__kitchen_still_frame_5.jpg,05__kitchen_still_frame_5,saved,1
train,real,05__kitchen_still,05__kitchen_still_frame_6.jpg,05__kitchen_still_frame_6,saved,1
train,real,05__kitchen_still,05__kitchen_still_frame_7.jpg,05__kitchen_still_frame_7,saved,1
train,real,05__kitchen_still,05__kitchen_still_frame_8.jpg,05__kitchen_still_frame_8,saved,1
train,real,05__kitchen_still,05__kitchen_still_frame_9.jpg,05__kitchen_still_frame_9,saved,1
train,real,05__outside_talking_pan_laughing,05__outside_talking_pan_laughing_frame_0.jpg,05__outside_talking_pan_laughing_frame_0,no valid face metadata,0
train,real,05__outside_talking_pan_laughing,05__outside_talking_pan_laughing_frame_1.jpg,05__outside_talking_pan_laughing_frame_1,saved,1
train,real,05__outside_talking_pan_laughing,05__outside_talking_pan_laughing_frame_2.jpg,05__outside_talking_pan_laughing_frame_2,saved,1
train,real,05__outside_talking_pan_laughing,05__outside_talking_pan_laughing_frame_3.jpg,05__outside_talking_pan_laughing_frame_3,saved,1
train,real,05__outside_talking_pan_laughing,05__outside_talking_pan_laughing_frame_4.jpg,05__outside_talking_pan_laughing_frame_4,saved,1
train,real,05__outside_talking_pan_laughing,05__outside_talking_pan_laughing_frame_5.jpg,05__outside_talking_pan_laughing_frame_5,saved,1
train,real,05__outside_talking_pan_laughing,05__outside_talking_pan_laughing_frame_6.jpg,05__outside_talking_pan_laughing_frame_6,saved,1
train,real,05__outside_talking_pan_laughing,05__outside_talking_pan_laughing_frame_7.jpg,05__outside_talking_pan_laughing_frame_7,saved,1
train,real,05__outside_talking_pan_laughing,05__outside_talking_pan_laughing_frame_8.jpg,05__outside_talking_pan_laughing_frame_8,saved,1
train,real,05__outside_talking_pan_laughing,05__outside_talking_pan_laughing_frame_9.jpg,05__outside_talking_pan_laughing_frame_9,no valid face metadata,0
train,real,05__outside_talking_still_laughing,05__outside_talking_still_laughing_frame_0.jpg,05__outside_talking_still_laughing_frame_0,saved,1
train,real,05__outside_talking_still_laughing,05__outside_talking_still_laughing_frame_1.jpg,05__outside_talking_still_laughing_frame_1,saved,1
train,real,05__outside_talking_still_laughing,05__outside_talking_still_laughing_frame_2.jpg,05__outside_talking_still_laughing_frame_2,saved,1
train,real,05__outside_talking_still_laughing,05__outside_talking_still_laughing_frame_3.jpg,05__outside_talking_still_laughing_frame_3,saved,1
train,real,05__outside_talking_still_laughing,05__outside_talking_still_laughing_frame_4.jpg,05__outside_talking_still_laughing_frame_4,saved,1
train,real,05__outside_talking_still_laughing,05__outside_talking_still_laughing_frame_5.jpg,05__outside_talking_still_laughing_frame_5,saved,1
train,real,05__outside_talking_still_laughing,05__outside_talking_still_laughing_frame_6.jpg,05__outside_talking_still_laughing_frame_6,saved,1
train,real,05__outside_talking_still_laughing,05__outside_talking_still_laughing_frame_7.jpg,05__outside_talking_still_laughing_frame_7,saved,1
train,real,05__outside_talking_still_laughing,05__outside_talking_still_laughing_frame_8.jpg,05__outside_talking_still_laughing_frame_8,saved,1
train,real,05__outside_talking_still_laughing,05__outside_talking_still_laughing_frame_9.jpg,05__outside_talking_still_laughing_frame_9,saved,1
train,real,05__podium_speech_happy,05__podium_speech_happy_frame_0.jpg,05__podium_speech_happy_frame_0,saved,1
train,real,05__podium_speech_happy,05__podium_speech_happy_frame_1.jpg,05__podium_speech_happy_frame_1,saved,1
train,real,05__podium_speech_happy,05__podium_speech_happy_frame_2.jpg,05__podium_speech_happy_frame_2,saved,1
train,real,05__podium_speech_happy,05__podium_speech_happy_frame_3.jpg,05__podium_speech_happy_frame_3,saved,1
train,real,05__podium_speech_happy,05__podium_speech_happy_frame_4.jpg,05__podium_speech_happy_frame_4,saved,1
train,real,05__podium_speech_happy,05__podium_speech_happy_frame_5.jpg,05__podium_speech_happy_frame_5,saved,1
train,real,05__podium_speech_happy,05__podium_speech_happy_frame_6.jpg,05__podium_speech_happy_frame_6,saved,1
train,real,05__podium_speech_happy,05__podium_speech_happy_frame_7.jpg,05__podium_speech_happy_frame_7,saved,1
train,real,05__podium_speech_happy,05__podium_speech_happy_frame_8.jpg,05__podium_speech_happy_frame_8,saved,1
train,real,05__podium_speech_happy,05__podium_speech_happy_frame_9.jpg,05__podium_speech_happy_frame_9,saved,1
train,real,05__walk_down_hall_angry,05__walk_down_hall_angry_frame_0.jpg,05__walk_down_hall_angry_frame_0,no valid face metadata,0
train,real,05__walk_down_hall_angry,05__walk_down_hall_angry_frame_1.jpg,05__walk_down_hall_angry_frame_1,saved,1
train,real,05__walk_down_hall_angry,05__walk_down_hall_angry_frame_2.jpg,05__walk_down_hall_angry_frame_2,saved,1
train,real,05__walk_down_hall_angry,05__walk_down_hall_angry_frame_3.jpg,05__walk_down_hall_angry_frame_3,saved,1
train,real,05__walk_down_hall_angry,05__walk_down_hall_angry_frame_4.jpg,05__walk_down_hall_angry_frame_4,saved,1
train,real,05__walk_down_hall_angry,05__walk_down_hall_angry_frame_5.jpg,05__walk_down_hall_angry_frame_5,saved,1
train,real,05__walk_down_hall_angry,05__walk_down_hall_angry_frame_6.jpg,05__walk_down_hall_angry_frame_6,saved,1
train,real,05__walk_down_hall_angry,05__walk_down_hall_angry_frame_7.jpg,05__walk_down_hall_angry_frame_7,saved,1
train,real,05__walk_down_hall_angry,05__walk_down_hall_angry_frame_8.jpg,05__walk_down_hall_angry_frame_8,saved,1
train,real,05__walk_down_hall_angry,05__walk_down_hall_angry_frame_9.jpg,05__walk_down_hall_angry_frame_9,saved,1
train,real,05__walking_down_street_outside_angry,05__walking_down_street_outside_angry_frame_0.jpg,05__walking_down_street_outside_angry_frame_0,saved,1
train,real,05__walking_down_street_outside_angry,05__walking_down_street_outside_angry_frame_1.jpg,05__walking_down_street_outside_angry_frame_1,saved,1
train,real,05__walking_down_street_outside_angry,05__walking_down_street_outside_angry_frame_2.jpg,05__walking_down_street_outside_angry_frame_2,saved,1
train,real,05__walking_down_street_outside_angry,05__walking_down_street_outside_angry_frame_3.jpg,05__walking_down_street_outside_angry_frame_3,saved,1
train,real,05__walking_down_street_outside_angry,05__walking_down_street_outside_angry_frame_4.jpg,05__walking_down_street_outside_angry_frame_4,saved,1
train,real,05__walking_down_street_outside_angry,05__walking_down_street_outside_angry_frame_5.jpg,05__walking_down_street_outside_angry_frame_5,saved,1
train,real,05__walking_down_street_outside_angry,05__walking_down_street_outside_angry_frame_6.jpg,05__walking_down_street_outside_angry_frame_6,saved,1
train,real,05__walking_down_street_outside_angry,05__walking_down_street_outside_angry_frame_7.jpg,05__walking_down_street_outside_angry_frame_7,saved,1
train,real,05__walking_down_street_outside_angry,05__walking_down_street_outside_angry_frame_8.jpg,05__walking_down_street_outside_angry_frame_8,saved,1
train,real,05__walking_down_street_outside_angry,05__walking_down_street_outside_angry_frame_9.jpg,05__walking_down_street_outside_angry_frame_9,saved,1
train,real,06__hugging_happy,06__hugging_happy_frame_0.jpg,06__hugging_happy_frame_0,saved,1
train,real,06__hugging_happy,06__hugging_happy_frame_1.jpg,06__hugging_happy_frame_1,saved,1
train,real,06__hugging_happy,06__hugging_happy_frame_2.jpg,06__hugging_happy_frame_2,saved,1
train,real,06__hugging_happy,06__hugging_happy_frame_3.jpg,06__hugging_happy_frame_3,saved,1
train,real,06__hugging_happy,06__hugging_happy_frame_4.jpg,06__hugging_happy_frame_4,saved,1
train,real,06__hugging_happy,06__hugging_happy_frame_5.jpg,06__hugging_happy_frame_5,saved,1
train,real,06__hugging_happy,06__hugging_happy_frame_6.jpg,06__hugging_happy_frame_6,saved,1
train,real,06__hugging_happy,06__hugging_happy_frame_7.jpg,06__hugging_happy_frame_7,saved,1
train,real,06__hugging_happy,06__hugging_happy_frame_8.jpg,06__hugging_happy_frame_8,saved,1
train,real,06__hugging_happy,06__hugging_happy_frame_9.jpg,06__hugging_happy_frame_9,saved,1
train,real,06__kitchen_pan,06__kitchen_pan_frame_0.jpg,06__kitchen_pan_frame_0,no valid face metadata,0
train,real,06__kitchen_pan,06__kitchen_pan_frame_1.jpg,06__kitchen_pan_frame_1,saved,1
train,real,06__kitchen_pan,06__kitchen_pan_frame_2.jpg,06__kitchen_pan_frame_2,saved,1
train,real,06__kitchen_pan,06__kitchen_pan_frame_3.jpg,06__kitchen_pan_frame_3,saved,1
train,real,06__kitchen_pan,06__kitchen_pan_frame_4.jpg,06__kitchen_pan_frame_4,saved,1
train,real,06__kitchen_pan,06__kitchen_pan_frame_5.jpg,06__kitchen_pan_frame_5,saved,1
train,real,06__kitchen_pan,06__kitchen_pan_frame_6.jpg,06__kitchen_pan_frame_6,saved,1
train,real,06__kitchen_pan,06__kitchen_pan_frame_7.jpg,06__kitchen_pan_frame_7,saved,1
train,real,06__kitchen_pan,06__kitchen_pan_frame_8.jpg,06__kitchen_pan_frame_8,saved,1
train,real,06__kitchen_pan,06__kitchen_pan_frame_9.jpg,06__kitchen_pan_frame_9,no valid face metadata,0
train,real,06__kitchen_still,06__kitchen_still_frame_0.jpg,06__kitchen_still_frame_0,saved,1
train,real,06__kitchen_still,06__kitchen_still_frame_1.jpg,06__kitchen_still_frame_1,saved,1
train,real,06__kitchen_still,06__kitchen_still_frame_2.jpg,06__kitchen_still_frame_2,saved,1
train,real,06__kitchen_still,06__kitchen_still_frame_3.jpg,06__kitchen_still_frame_3,saved,1
train,real,06__kitchen_still,06__kitchen_still_frame_4.jpg,06__kitchen_still_frame_4,saved,1
train,real,06__kitchen_still,06__kitchen_still_frame_5.jpg,06__kitchen_still_frame_5,saved,1
train,real,06__kitchen_still,06__kitchen_still_frame_6.jpg,06__kitchen_still_frame_6,saved,1
train,real,06__kitchen_still,06__kitchen_still_frame_7.jpg,06__kitchen_still_frame_7,saved,1
train,real,06__kitchen_still,06__kitchen_still_frame_8.jpg,06__kitchen_still_frame_8,saved,1
train,real,06__kitchen_still,06__kitchen_still_frame_9.jpg,06__kitchen_still_frame_9,saved,1
train,real,06__outside_talking_still_laughing,06__outside_talking_still_laughing_frame_0.jpg,06__outside_talking_still_laughing_frame_0,saved,1
train,real,06__outside_talking_still_laughing,06__outside_talking_still_laughing_frame_1.jpg,06__outside_talking_still_laughing_frame_1,saved,1
train,real,06__outside_talking_still_laughing,06__outside_talking_still_laughing_frame_2.jpg,06__outside_talking_still_laughing_frame_2,saved,1
train,real,06__outside_talking_still_laughing,06__outside_talking_still_laughing_frame_3.jpg,06__outside_talking_still_laughing_frame_3,saved,1
train,real,06__outside_talking_still_laughing,06__outside_talking_still_laughing_frame_4.jpg,06__outside_talking_still_laughing_frame_4,saved,1
train,real,06__outside_talking_still_laughing,06__outside_talking_still_laughing_frame_5.jpg,06__outside_talking_still_laughing_frame_5,saved,1
train,real,06__outside_talking_still_laughing,06__outside_talking_still_laughing_frame_6.jpg,06__outside_talking_still_laughing_frame_6,saved,1
train,real,06__outside_talking_still_laughing,06__outside_talking_still_laughing_frame_7.jpg,06__outside_talking_still_laughing_frame_7,saved,1
train,real,06__outside_talking_still_laughing,06__outside_talking_still_laughing_frame_8.jpg,06__outside_talking_still_laughing_frame_8,saved,1
train,real,06__outside_talking_still_laughing,06__outside_talking_still_laughing_frame_9.jpg,06__outside_talking_still_laughing_frame_9,saved,1
train,real,06__podium_speech_happy,06__podium_speech_happy_frame_0.jpg,06__podium_speech_happy_frame_0,saved,1
train,real,06__podium_speech_happy,06__podium_speech_happy_frame_1.jpg,06__podium_speech_happy_frame_1,saved,1
train,real,06__podium_speech_happy,06__podium_speech_happy_frame_2.jpg,06__podium_speech_happy_frame_2,saved,1
train,real,06__podium_speech_happy,06__podium_speech_happy_frame_3.jpg,06__podium_speech_happy_frame_3,saved,1
train,real,06__podium_speech_happy,06__podium_speech_happy_frame_4.jpg,06__podium_speech_happy_frame_4,saved,1
train,real,06__podium_speech_happy,06__podium_speech_happy_frame_5.jpg,06__podium_speech_happy_frame_5,saved,1
train,real,06__podium_speech_happy,06__podium_speech_happy_frame_6.jpg,06__podium_speech_happy_frame_6,saved,1
train,real,06__podium_speech_happy,06__podium_speech_happy_frame_7.jpg,06__podium_speech_happy_frame_7,saved,1
train,real,06__podium_speech_happy,06__podium_speech_happy_frame_8.jpg,06__podium_speech_happy_frame_8,saved,1
train,real,06__podium_speech_happy,06__podium_speech_happy_frame_9.jpg,06__podium_speech_happy_frame_9,saved,1
train,real,06__talking_against_wall,06__talking_against_wall_frame_0.jpg,06__talking_against_wall_frame_0,saved,1
train,real,06__talking_against_wall,06__talking_against_wall_frame_1.jpg,06__talking_against_wall_frame_1,saved,1
train,real,06__talking_against_wall,06__talking_against_wall_frame_2.jpg,06__talking_against_wall_frame_2,saved,1
train,real,06__talking_against_wall,06__talking_against_wall_frame_3.jpg,06__talking_against_wall_frame_3,saved,1
train,real,06__talking_against_wall,06__talking_against_wall_frame_4.jpg,06__talking_against_wall_frame_4,saved,1
train,real,06__talking_against_wall,06__talking_against_wall_frame_5.jpg,06__talking_against_wall_frame_5,saved,1
train,real,06__talking_against_wall,06__talking_against_wall_frame_6.jpg,06__talking_against_wall_frame_6,saved,1
train,real,06__talking_against_wall,06__talking_against_wall_frame_7.jpg,06__talking_against_wall_frame_7,saved,1
train,real,06__talking_against_wall,06__talking_against_wall_frame_8.jpg,06__talking_against_wall_frame_8,saved,1
train,real,06__talking_against_wall,06__talking_against_wall_frame_9.jpg,06__talking_against_wall_frame_9,saved,1
train,real,06__talking_angry_couch,06__talking_angry_couch_frame_0.jpg,06__talking_angry_couch_frame_0,saved,1
train,real,06__talking_angry_couch,06__talking_angry_couch_frame_1.jpg,06__talking_angry_couch_frame_1,saved,1
train,real,06__talking_angry_couch,06__talking_angry_couch_frame_2.jpg,06__talking_angry_couch_frame_2,saved,1
train,real,06__talking_angry_couch,06__talking_angry_couch_frame_3.jpg,06__talking_angry_couch_frame_3,saved,1
train,real,06__talking_angry_couch,06__talking_angry_couch_frame_4.jpg,06__talking_angry_couch_frame_4,saved,1
train,real,06__talking_angry_couch,06__talking_angry_couch_frame_5.jpg,06__talking_angry_couch_frame_5,saved,2
train,real,06__talking_angry_couch,06__talking_angry_couch_frame_6.jpg,06__talking_angry_couch_frame_6,saved,2
train,real,06__talking_angry_couch,06__talking_angry_couch_frame_7.jpg,06__talking_angry_couch_frame_7,saved,1
train,real,06__talking_angry_couch,06__talking_angry_couch_frame_8.jpg,06__talking_angry_couch_frame_8,saved,1
train,real,06__talking_angry_couch,06__talking_angry_couch_frame_9.jpg,06__talking_angry_couch_frame_9,saved,2
train,real,06__walk_down_hall_angry,06__walk_down_hall_angry_frame_0.jpg,06__walk_down_hall_angry_frame_0,no valid face metadata,0
train,real,06__walk_down_hall_angry,06__walk_down_hall_angry_frame_1.jpg,06__walk_down_hall_angry_frame_1,saved,1
train,real,06__walk_down_hall_angry,06__walk_down_hall_angry_frame_2.jpg,06__walk_down_hall_angry_frame_2,saved,1
train,real,06__walk_down_hall_angry,06__walk_down_hall_angry_frame_3.jpg,06__walk_down_hall_angry_frame_3,saved,1
train,real,06__walk_down_hall_angry,06__walk_down_hall_angry_frame_4.jpg,06__walk_down_hall_angry_frame_4,saved,1
train,real,06__walk_down_hall_angry,06__walk_down_hall_angry_frame_5.jpg,06__walk_down_hall_angry_frame_5,saved,1
train,real,06__walk_down_hall_angry,06__walk_down_hall_angry_frame_6.jpg,06__walk_down_hall_angry_frame_6,saved,1
train,real,06__walk_down_hall_angry,06__walk_down_hall_angry_frame_7.jpg,06__walk_down_hall_angry_frame_7,saved,1
train,real,06__walk_down_hall_angry,06__walk_down_hall_angry_frame_8.jpg,06__walk_down_hall_angry_frame_8,saved,1
train,real,06__walk_down_hall_angry,06__walk_down_hall_angry_frame_9.jpg,06__walk_down_hall_angry_frame_9,saved,1
train,real,06__walking_and_outside_surprised,06__walking_and_outside_surprised_frame_0.jpg,06__walking_and_outside_surprised_frame_0,saved,2
train,real,06__walking_and_outside_surprised,06__walking_and_outside_surprised_frame_1.jpg,06__walking_and_outside_surprised_frame_1,saved,2
train,real,06__walking_and_outside_surprised,06__walking_and_outside_surprised_frame_2.jpg,06__walking_and_outside_surprised_frame_2,saved,2
train,real,06__walking_and_outside_surprised,06__walking_and_outside_surprised_frame_3.jpg,06__walking_and_outside_surprised_frame_3,saved,2
train,real,06__walking_and_outside_surprised,06__walking_and_outside_surprised_frame_4.jpg,06__walking_and_outside_surprised_frame_4,saved,2
train,real,06__walking_and_outside_surprised,06__walking_and_outside_surprised_frame_5.jpg,06__walking_and_outside_surprised_frame_5,saved,2
train,real,06__walking_and_outside_surprised,06__walking_and_outside_surprised_frame_6.jpg,06__walking_and_outside_surprised_frame_6,saved,2
train,real,06__walking_and_outside_surprised,06__walking_and_outside_surprised_frame_7.jpg,06__walking_and_outside_surprised_frame_7,saved,2
train,real,06__walking_and_outside_surprised,06__walking_and_outside_surprised_frame_8.jpg,06__walking_and_outside_surprised_frame_8,saved,2
train,real,06__walking_and_outside_surprised,06__walking_and_outside_surprised_frame_9.jpg,06__walking_and_outside_surprised_frame_9,saved,2
train,real,06__walking_down_indoor_hall_disgust,06__walking_down_indoor_hall_disgust_frame_0.jpg,06__walking_down_indoor_hall_disgust_frame_0,saved,2
train,real,06__walking_down_indoor_hall_disgust,06__walking_down_indoor_hall_disgust_frame_1.jpg,06__walking_down_indoor_hall_disgust_frame_1,saved,2
train,real,06__walking_down_indoor_hall_disgust,06__walking_down_indoor_hall_disgust_frame_2.jpg,06__walking_down_indoor_hall_disgust_frame_2,saved,2
train,real,06__walking_down_indoor_hall_disgust,06__walking_down_indoor_hall_disgust_frame_3.jpg,06__walking_down_indoor_hall_disgust_frame_3,saved,2
train,real,06__walking_down_indoor_hall_disgust,06__walking_down_indoor_hall_disgust_frame_4.jpg,06__walking_down_indoor_hall_disgust_frame_4,saved,2
train,real,06__walking_down_indoor_hall_disgust,06__walking_down_indoor_hall_disgust_frame_5.jpg,06__walking_down_indoor_hall_disgust_frame_5,saved,2
train,real,06__walking_down_indoor_hall_disgust,06__walking_down_indoor_hall_disgust_frame_6.jpg,06__walking_down_indoor_hall_disgust_frame_6,saved,2
train,real,06__walking_down_indoor_hall_disgust,06__walking_down_indoor_hall_disgust_frame_7.jpg,06__walking_down_indoor_hall_disgust_frame_7,saved,2
train,real,06__walking_down_indoor_hall_disgust,06__walking_down_indoor_hall_disgust_frame_8.jpg,06__walking_down_indoor_hall_disgust_frame_8,saved,2
train,real,06__walking_down_indoor_hall_disgust,06__walking_down_indoor_hall_disgust_frame_9.jpg,06__walking_down_indoor_hall_disgust_frame_9,saved,2
train,real,06__walking_down_street_outside_angry,06__walking_down_street_outside_angry_frame_0.jpg,06__walking_down_street_outside_angry_frame_0,saved,1
train,real,06__walking_down_street_outside_angry,06__walking_down_street_outside_angry_frame_1.jpg,06__walking_down_street_outside_angry_frame_1,saved,1
train,real,06__walking_down_street_outside_angry,06__walking_down_street_outside_angry_frame_2.jpg,06__walking_down_street_outside_angry_frame_2,saved,1
train,real,06__walking_down_street_outside_angry,06__walking_down_street_outside_angry_frame_3.jpg,06__walking_down_street_outside_angry_frame_3,saved,1
train,real,06__walking_down_street_outside_angry,06__walking_down_street_outside_angry_frame_4.jpg,06__walking_down_street_outside_angry_frame_4,saved,1
train,real,06__walking_down_street_outside_angry,06__walking_down_street_outside_angry_frame_5.jpg,06__walking_down_street_outside_angry_frame_5,saved,1
train,real,06__walking_down_street_outside_angry,06__walking_down_street_outside_angry_frame_6.jpg,06__walking_down_street_outside_angry_frame_6,saved,1
train,real,06__walking_down_street_outside_angry,06__walking_down_street_outside_angry_frame_7.jpg,06__walking_down_street_outside_angry_frame_7,saved,1
train,real,06__walking_down_street_outside_angry,06__walking_down_street_outside_angry_frame_8.jpg,06__walking_down_street_outside_angry_frame_8,saved,1
train,real,06__walking_down_street_outside_angry,06__walking_down_street_outside_angry_frame_9.jpg,06__walking_down_street_outside_angry_frame_9,saved,1
train,real,06__walking_outside_cafe_disgusted,06__walking_outside_cafe_disgusted_frame_0.jpg,06__walking_outside_cafe_disgusted_frame_0,saved,1
train,real,06__walking_outside_cafe_disgusted,06__walking_outside_cafe_disgusted_frame_1.jpg,06__walking_outside_cafe_disgusted_frame_1,saved,1
train,real,06__walking_outside_cafe_disgusted,06__walking_outside_cafe_disgusted_frame_2.jpg,06__walking_outside_cafe_disgusted_frame_2,saved,1
train,real,06__walking_outside_cafe_disgusted,06__walking_outside_cafe_disgusted_frame_3.jpg,06__walking_outside_cafe_disgusted_frame_3,saved,1
train,real,06__walking_outside_cafe_disgusted,06__walking_outside_cafe_disgusted_frame_4.jpg,06__walking_outside_cafe_disgusted_frame_4,saved,1
train,real,06__walking_outside_cafe_disgusted,06__walking_outside_cafe_disgusted_frame_5.jpg,06__walking_outside_cafe_disgusted_frame_5,saved,1
train,real,06__walking_outside_cafe_disgusted,06__walking_outside_cafe_disgusted_frame_6.jpg,06__walking_outside_cafe_disgusted_frame_6,saved,1
train,real,06__walking_outside_cafe_disgusted,06__walking_outside_cafe_disgusted_frame_7.jpg,06__walking_outside_cafe_disgusted_frame_7,saved,1
train,real,06__walking_outside_cafe_disgusted,06__walking_outside_cafe_disgusted_frame_8.jpg,06__walking_outside_cafe_disgusted_frame_8,saved,1
train,real,06__walking_outside_cafe_disgusted,06__walking_outside_cafe_disgusted_frame_9.jpg,06__walking_outside_cafe_disgusted_frame_9,saved,1
train,real,07__exit_phone_room,07__exit_phone_room_frame_0.jpg,07__exit_phone_room_frame_0,saved,1
train,real,07__exit_phone_room,07__exit_phone_room_frame_1.jpg,07__exit_phone_room_frame_1,saved,1
train,real,07__exit_phone_room,07__exit_phone_room_frame_2.jpg,07__exit_phone_room_frame_2,saved,1
train,real,07__exit_phone_room,07__exit_phone_room_frame_3.jpg,07__exit_phone_room_frame_3,saved,1
train,real,07__exit_phone_room,07__exit_phone_room_frame_4.jpg,07__exit_phone_room_frame_4,saved,1
train,real,07__exit_phone_room,07__exit_phone_room_frame_5.jpg,07__exit_phone_room_frame_5,saved,1
train,real,07__exit_phone_room,07__exit_phone_room_frame_6.jpg,07__exit_phone_room_frame_6,saved,1
train,real,07__exit_phone_room,07__exit_phone_room_frame_7.jpg,07__exit_phone_room_frame_7,saved,1
train,real,07__exit_phone_room,07__exit_phone_room_frame_8.jpg,07__exit_phone_room_frame_8,saved,1
train,real,07__exit_phone_room,07__exit_phone_room_frame_9.jpg,07__exit_phone_room_frame_9,saved,2
train,real,07__outside_talking_pan_laughing,07__outside_talking_pan_laughing_frame_0.jpg,07__outside_talking_pan_laughing_frame_0,no valid face metadata,0
train,real,07__outside_talking_pan_laughing,07__outside_talking_pan_laughing_frame_1.jpg,07__outside_talking_pan_laughing_frame_1,saved,1
train,real,07__outside_talking_pan_laughing,07__outside_talking_pan_laughing_frame_2.jpg,07__outside_talking_pan_laughing_frame_2,saved,1
train,real,07__outside_talking_pan_laughing,07__outside_talking_pan_laughing_frame_3.jpg,07__outside_talking_pan_laughing_frame_3,saved,1
train,real,07__outside_talking_pan_laughing,07__outside_talking_pan_laughing_frame_4.jpg,07__outside_talking_pan_laughing_frame_4,saved,1
train,real,07__outside_talking_pan_laughing,07__outside_talking_pan_laughing_frame_5.jpg,07__outside_talking_pan_laughing_frame_5,saved,1
train,real,07__outside_talking_pan_laughing,07__outside_talking_pan_laughing_frame_6.jpg,07__outside_talking_pan_laughing_frame_6,saved,1
train,real,07__outside_talking_pan_laughing,07__outside_talking_pan_laughing_frame_7.jpg,07__outside_talking_pan_laughing_frame_7,saved,1
train,real,07__outside_talking_pan_laughing,07__outside_talking_pan_laughing_frame_8.jpg,07__outside_talking_pan_laughing_frame_8,saved,1
train,real,07__outside_talking_pan_laughing,07__outside_talking_pan_laughing_frame_9.jpg,07__outside_talking_pan_laughing_frame_9,no valid face metadata,0
train,real,07__outside_talking_still_laughing,07__outside_talking_still_laughing_frame_0.jpg,07__outside_talking_still_laughing_frame_0,saved,1
train,real,07__outside_talking_still_laughing,07__outside_talking_still_laughing_frame_1.jpg,07__outside_talking_still_laughing_frame_1,saved,1
train,real,07__outside_talking_still_laughing,07__outside_talking_still_laughing_frame_2.jpg,07__outside_talking_still_laughing_frame_2,saved,1
train,real,07__outside_talking_still_laughing,07__outside_talking_still_laughing_frame_3.jpg,07__outside_talking_still_laughing_frame_3,saved,1
train,real,07__outside_talking_still_laughing,07__outside_talking_still_laughing_frame_4.jpg,07__outside_talking_still_laughing_frame_4,saved,1
train,real,07__outside_talking_still_laughing,07__outside_talking_still_laughing_frame_5.jpg,07__outside_talking_still_laughing_frame_5,saved,1
train,real,07__outside_talking_still_laughing,07__outside_talking_still_laughing_frame_6.jpg,07__outside_talking_still_laughing_frame_6,saved,1
train,real,07__outside_talking_still_laughing,07__outside_talking_still_laughing_frame_7.jpg,07__outside_talking_still_laughing_frame_7,saved,1
train,real,07__outside_talking_still_laughing,07__outside_talking_still_laughing_frame_8.jpg,07__outside_talking_still_laughing_frame_8,saved,1
train,real,07__outside_talking_still_laughing,07__outside_talking_still_laughing_frame_9.jpg,07__outside_talking_still_laughing_frame_9,saved,1
train,real,07__talking_against_wall,07__talking_against_wall_frame_0.jpg,07__talking_against_wall_frame_0,saved,1
train,real,07__talking_against_wall,07__talking_against_wall_frame_1.jpg,07__talking_against_wall_frame_1,saved,1
train,real,07__talking_against_wall,07__talking_against_wall_frame_2.jpg,07__talking_against_wall_frame_2,saved,1
train,real,07__talking_against_wall,07__talking_against_wall_frame_3.jpg,07__talking_against_wall_frame_3,saved,1
train,real,07__talking_against_wall,07__talking_against_wall_frame_4.jpg,07__talking_against_wall_frame_4,saved,1
train,real,07__talking_against_wall,07__talking_against_wall_frame_5.jpg,07__talking_against_wall_frame_5,saved,1
train,real,07__talking_against_wall,07__talking_against_wall_frame_6.jpg,07__talking_against_wall_frame_6,saved,1
train,real,07__talking_against_wall,07__talking_against_wall_frame_7.jpg,07__talking_against_wall_frame_7,saved,1
train,real,07__talking_against_wall,07__talking_against_wall_frame_8.jpg,07__talking_against_wall_frame_8,saved,1
train,real,07__talking_against_wall,07__talking_against_wall_frame_9.jpg,07__talking_against_wall_frame_9,saved,1
train,real,07__talking_angry_couch,07__talking_angry_couch_frame_0.jpg,07__talking_angry_couch_frame_0,saved,2
train,real,07__talking_angry_couch,07__talking_angry_couch_frame_1.jpg,07__talking_angry_couch_frame_1,saved,2
train,real,07__talking_angry_couch,07__talking_angry_couch_frame_2.jpg,07__talking_angry_couch_frame_2,saved,2
train,real,07__talking_angry_couch,07__talking_angry_couch_frame_3.jpg,07__talking_angry_couch_frame_3,saved,2
train,real,07__talking_angry_couch,07__talking_angry_couch_frame_4.jpg,07__talking_angry_couch_frame_4,saved,2
train,real,07__talking_angry_couch,07__talking_angry_couch_frame_5.jpg,07__talking_angry_couch_frame_5,saved,2
train,real,07__talking_angry_couch,07__talking_angry_couch_frame_6.jpg,07__talking_angry_couch_frame_6,saved,2
train,real,07__talking_angry_couch,07__talking_angry_couch_frame_7.jpg,07__talking_angry_couch_frame_7,saved,2
train,real,07__talking_angry_couch,07__talking_angry_couch_frame_8.jpg,07__talking_angry_couch_frame_8,saved,2
train,real,07__talking_angry_couch,07__talking_angry_couch_frame_9.jpg,07__talking_angry_couch_frame_9,saved,2
train,real,07__walk_down_hall_angry,07__walk_down_hall_angry_frame_0.jpg,07__walk_down_hall_angry_frame_0,no valid face metadata,0
train,real,07__walk_down_hall_angry,07__walk_down_hall_angry_frame_1.jpg,07__walk_down_hall_angry_frame_1,saved,1
train,real,07__walk_down_hall_angry,07__walk_down_hall_angry_frame_2.jpg,07__walk_down_hall_angry_frame_2,saved,1
train,real,07__walk_down_hall_angry,07__walk_down_hall_angry_frame_3.jpg,07__walk_down_hall_angry_frame_3,saved,1
train,real,07__walk_down_hall_angry,07__walk_down_hall_angry_frame_4.jpg,07__walk_down_hall_angry_frame_4,saved,1
train,real,07__walk_down_hall_angry,07__walk_down_hall_angry_frame_5.jpg,07__walk_down_hall_angry_frame_5,saved,1
train,real,07__walk_down_hall_angry,07__walk_down_hall_angry_frame_6.jpg,07__walk_down_hall_angry_frame_6,saved,1
train,real,07__walk_down_hall_angry,07__walk_down_hall_angry_frame_7.jpg,07__walk_down_hall_angry_frame_7,saved,1
train,real,07__walk_down_hall_angry,07__walk_down_hall_angry_frame_8.jpg,07__walk_down_hall_angry_frame_8,saved,1
train,real,07__walk_down_hall_angry,07__walk_down_hall_angry_frame_9.jpg,07__walk_down_hall_angry_frame_9,saved,1
train,real,08__exit_phone_room,08__exit_phone_room_frame_0.jpg,08__exit_phone_room_frame_0,saved,1
train,real,08__exit_phone_room,08__exit_phone_room_frame_1.jpg,08__exit_phone_room_frame_1,saved,1
train,real,08__exit_phone_room,08__exit_phone_room_frame_2.jpg,08__exit_phone_room_frame_2,saved,1
train,real,08__exit_phone_room,08__exit_phone_room_frame_3.jpg,08__exit_phone_room_frame_3,saved,1
train,real,08__exit_phone_room,08__exit_phone_room_frame_4.jpg,08__exit_phone_room_frame_4,saved,1
train,real,08__exit_phone_room,08__exit_phone_room_frame_5.jpg,08__exit_phone_room_frame_5,saved,1
train,real,08__exit_phone_room,08__exit_phone_room_frame_6.jpg,08__exit_phone_room_frame_6,saved,1
train,real,08__exit_phone_room,08__exit_phone_room_frame_7.jpg,08__exit_phone_room_frame_7,saved,1
train,real,08__exit_phone_room,08__exit_phone_room_frame_8.jpg,08__exit_phone_room_frame_8,saved,1
train,real,08__exit_phone_room,08__exit_phone_room_frame_9.jpg,08__exit_phone_room_frame_9,saved,1
train,real,08__kitchen_pan,08__kitchen_pan_frame_0.jpg,08__kitchen_pan_frame_0,no valid face metadata,0
train,real,08__kitchen_pan,08__kitchen_pan_frame_1.jpg,08__kitchen_pan_frame_1,saved,1
train,real,08__kitchen_pan,08__kitchen_pan_frame_2.jpg,08__kitchen_pan_frame_2,saved,1
train,real,08__kitchen_pan,08__kitchen_pan_frame_3.jpg,08__kitchen_pan_frame_3,saved,1
train,real,08__kitchen_pan,08__kitchen_pan_frame_4.jpg,08__kitchen_pan_frame_4,saved,1
train,real,08__kitchen_pan,08__kitchen_pan_frame_5.jpg,08__kitchen_pan_frame_5,saved,1
train,real,08__kitchen_pan,08__kitchen_pan_frame_6.jpg,08__kitchen_pan_frame_6,saved,1
train,real,08__kitchen_pan,08__kitchen_pan_frame_7.jpg,08__kitchen_pan_frame_7,saved,1
train,real,08__kitchen_pan,08__kitchen_pan_frame_8.jpg,08__kitchen_pan_frame_8,saved,1
train,real,08__kitchen_pan,08__kitchen_pan_frame_9.jpg,08__kitchen_pan_frame_9,no valid face metadata,0
train,real,08__kitchen_still,08__kitchen_still_frame_0.jpg,08__kitchen_still_frame_0,saved,1
train,real,08__kitchen_still,08__kitchen_still_frame_1.jpg,08__kitchen_still_frame_1,saved,1
train,real,08__kitchen_still,08__kitchen_still_frame_2.jpg,08__kitchen_still_frame_2,saved,1
train,real,08__kitchen_still,08__kitchen_still_frame_3.jpg,08__kitchen_still_frame_3,saved,1
train,real,08__kitchen_still,08__kitchen_still_frame_4.jpg,08__kitchen_still_frame_4,saved,1
train,real,08__kitchen_still,08__kitchen_still_frame_5.jpg,08__kitchen_still_frame_5,saved,1
train,real,08__kitchen_still,08__kitchen_still_frame_6.jpg,08__kitchen_still_frame_6,saved,1
train,real,08__kitchen_still,08__kitchen_still_frame_7.jpg,08__kitchen_still_frame_7,saved,1
train,real,08__kitchen_still,08__kitchen_still_frame_8.jpg,08__kitchen_still_frame_8,saved,1
train,real,08__kitchen_still,08__kitchen_still_frame_9.jpg,08__kitchen_still_frame_9,saved,1
train,real,08__outside_talking_pan_laughing,08__outside_talking_pan_laughing_frame_0.jpg,08__outside_talking_pan_laughing_frame_0,no valid face metadata,0
train,real,08__outside_talking_pan_laughing,08__outside_talking_pan_laughing_frame_1.jpg,08__outside_talking_pan_laughing_frame_1,saved,1
train,real,08__outside_talking_pan_laughing,08__outside_talking_pan_laughing_frame_2.jpg,08__outside_talking_pan_laughing_frame_2,saved,1
train,real,08__outside_talking_pan_laughing,08__outside_talking_pan_laughing_frame_3.jpg,08__outside_talking_pan_laughing_frame_3,saved,1
train,real,08__outside_talking_pan_laughing,08__outside_talking_pan_laughing_frame_4.jpg,08__outside_talking_pan_laughing_frame_4,saved,1
train,real,08__outside_talking_pan_laughing,08__outside_talking_pan_laughing_frame_5.jpg,08__outside_talking_pan_laughing_frame_5,saved,1
train,real,08__outside_talking_pan_laughing,08__outside_talking_pan_laughing_frame_6.jpg,08__outside_talking_pan_laughing_frame_6,saved,1
train,real,08__outside_talking_pan_laughing,08__outside_talking_pan_laughing_frame_7.jpg,08__outside_talking_pan_laughing_frame_7,saved,1
train,real,08__outside_talking_pan_laughing,08__outside_talking_pan_laughing_frame_8.jpg,08__outside_talking_pan_laughing_frame_8,saved,1
train,real,08__outside_talking_pan_laughing,08__outside_talking_pan_laughing_frame_9.jpg,08__outside_talking_pan_laughing_frame_9,no valid face metadata,0
train,real,08__outside_talking_still_laughing,08__outside_talking_still_laughing_frame_0.jpg,08__outside_talking_still_laughing_frame_0,saved,1
train,real,08__outside_talking_still_laughing,08__outside_talking_still_laughing_frame_1.jpg,08__outside_talking_still_laughing_frame_1,saved,1
train,real,08__outside_talking_still_laughing,08__outside_talking_still_laughing_frame_2.jpg,08__outside_talking_still_laughing_frame_2,saved,1
train,real,08__outside_talking_still_laughing,08__outside_talking_still_laughing_frame_3.jpg,08__outside_talking_still_laughing_frame_3,saved,1
train,real,08__outside_talking_still_laughing,08__outside_talking_still_laughing_frame_4.jpg,08__outside_talking_still_laughing_frame_4,saved,1
train,real,08__outside_talking_still_laughing,08__outside_talking_still_laughing_frame_5.jpg,08__outside_talking_still_laughing_frame_5,saved,1
train,real,08__outside_talking_still_laughing,08__outside_talking_still_laughing_frame_6.jpg,08__outside_talking_still_laughing_frame_6,saved,1
train,real,08__outside_talking_still_laughing,08__outside_talking_still_laughing_frame_7.jpg,08__outside_talking_still_laughing_frame_7,saved,1
train,real,08__outside_talking_still_laughing,08__outside_talking_still_laughing_frame_8.jpg,08__outside_talking_still_laughing_frame_8,saved,1
train,real,08__outside_talking_still_laughing,08__outside_talking_still_laughing_frame_9.jpg,08__outside_talking_still_laughing_frame_9,saved,1
train,real,08__podium_speech_happy,08__podium_speech_happy_frame_0.jpg,08__podium_speech_happy_frame_0,saved,1
train,real,08__podium_speech_happy,08__podium_speech_happy_frame_1.jpg,08__podium_speech_happy_frame_1,saved,1
train,real,08__podium_speech_happy,08__podium_speech_happy_frame_2.jpg,08__podium_speech_happy_frame_2,saved,1
train,real,08__podium_speech_happy,08__podium_speech_happy_frame_3.jpg,08__podium_speech_happy_frame_3,saved,1
train,real,08__podium_speech_happy,08__podium_speech_happy_frame_4.jpg,08__podium_speech_happy_frame_4,saved,1
train,real,08__podium_speech_happy,08__podium_speech_happy_frame_5.jpg,08__podium_speech_happy_frame_5,saved,1
train,real,08__podium_speech_happy,08__podium_speech_happy_frame_6.jpg,08__podium_speech_happy_frame_6,saved,1
train,real,08__podium_speech_happy,08__podium_speech_happy_frame_7.jpg,08__podium_speech_happy_frame_7,saved,1
train,real,08__podium_speech_happy,08__podium_speech_happy_frame_8.jpg,08__podium_speech_happy_frame_8,saved,1
train,real,08__podium_speech_happy,08__podium_speech_happy_frame_9.jpg,08__podium_speech_happy_frame_9,saved,1
train,real,08__talking_against_wall,08__talking_against_wall_frame_0.jpg,08__talking_against_wall_frame_0,saved,1
train,real,08__talking_against_wall,08__talking_against_wall_frame_1.jpg,08__talking_against_wall_frame_1,saved,1
train,real,08__talking_against_wall,08__talking_against_wall_frame_2.jpg,08__talking_against_wall_frame_2,saved,1
train,real,08__talking_against_wall,08__talking_against_wall_frame_3.jpg,08__talking_against_wall_frame_3,saved,1
train,real,08__talking_against_wall,08__talking_against_wall_frame_4.jpg,08__talking_against_wall_frame_4,saved,1
train,real,08__talking_against_wall,08__talking_against_wall_frame_5.jpg,08__talking_against_wall_frame_5,saved,1
train,real,08__talking_against_wall,08__talking_against_wall_frame_6.jpg,08__talking_against_wall_frame_6,saved,1
train,real,08__talking_against_wall,08__talking_against_wall_frame_7.jpg,08__talking_against_wall_frame_7,saved,1
train,real,08__talking_against_wall,08__talking_against_wall_frame_8.jpg,08__talking_against_wall_frame_8,saved,1
train,real,08__talking_against_wall,08__talking_against_wall_frame_9.jpg,08__talking_against_wall_frame_9,saved,1
train,real,08__walk_down_hall_angry,08__walk_down_hall_angry_frame_0.jpg,08__walk_down_hall_angry_frame_0,no valid face metadata,0
train,real,08__walk_down_hall_angry,08__walk_down_hall_angry_frame_1.jpg,08__walk_down_hall_angry_frame_1,saved,1
train,real,08__walk_down_hall_angry,08__walk_down_hall_angry_frame_2.jpg,08__walk_down_hall_angry_frame_2,saved,1
train,real,08__walk_down_hall_angry,08__walk_down_hall_angry_frame_3.jpg,08__walk_down_hall_angry_frame_3,saved,1
train,real,08__walk_down_hall_angry,08__walk_down_hall_angry_frame_4.jpg,08__walk_down_hall_angry_frame_4,saved,1
train,real,08__walk_down_hall_angry,08__walk_down_hall_angry_frame_5.jpg,08__walk_down_hall_angry_frame_5,saved,1
train,real,08__walk_down_hall_angry,08__walk_down_hall_angry_frame_6.jpg,08__walk_down_hall_angry_frame_6,saved,1
train,real,08__walk_down_hall_angry,08__walk_down_hall_angry_frame_7.jpg,08__walk_down_hall_angry_frame_7,saved,1
train,real,08__walk_down_hall_angry,08__walk_down_hall_angry_frame_8.jpg,08__walk_down_hall_angry_frame_8,saved,1
train,real,08__walk_down_hall_angry,08__walk_down_hall_angry_frame_9.jpg,08__walk_down_hall_angry_frame_9,saved,1
train,real,08__walking_down_street_outside_angry,08__walking_down_street_outside_angry_frame_0.jpg,08__walking_down_street_outside_angry_frame_0,saved,1
train,real,08__walking_down_street_outside_angry,08__walking_down_street_outside_angry_frame_1.jpg,08__walking_down_street_outside_angry_frame_1,saved,1
train,real,08__walking_down_street_outside_angry,08__walking_down_street_outside_angry_frame_2.jpg,08__walking_down_street_outside_angry_frame_2,saved,1
train,real,08__walking_down_street_outside_angry,08__walking_down_street_outside_angry_frame_3.jpg,08__walking_down_street_outside_angry_frame_3,saved,1
train,real,08__walking_down_street_outside_angry,08__walking_down_street_outside_angry_frame_4.jpg,08__walking_down_street_outside_angry_frame_4,saved,1
train,real,08__walking_down_street_outside_angry,08__walking_down_street_outside_angry_frame_5.jpg,08__walking_down_street_outside_angry_frame_5,saved,1
train,real,08__walking_down_street_outside_angry,08__walking_down_street_outside_angry_frame_6.jpg,08__walking_down_street_outside_angry_frame_6,saved,1
train,real,08__walking_down_street_outside_angry,08__walking_down_street_outside_angry_frame_7.jpg,08__walking_down_street_outside_angry_frame_7,saved,1
train,real,08__walking_down_street_outside_angry,08__walking_down_street_outside_angry_frame_8.jpg,08__walking_down_street_outside_angry_frame_8,saved,1
train,real,08__walking_down_street_outside_angry,08__walking_down_street_outside_angry_frame_9.jpg,08__walking_down_street_outside_angry_frame_9,saved,1
train,real,09__kitchen_pan,09__kitchen_pan_frame_0.jpg,09__kitchen_pan_frame_0,no valid face metadata,0
train,real,09__kitchen_pan,09__kitchen_pan_frame_1.jpg,09__kitchen_pan_frame_1,saved,1
train,real,09__kitchen_pan,09__kitchen_pan_frame_2.jpg,09__kitchen_pan_frame_2,saved,1
train,real,09__kitchen_pan,09__kitchen_pan_frame_3.jpg,09__kitchen_pan_frame_3,saved,1
train,real,09__kitchen_pan,09__kitchen_pan_frame_4.jpg,09__kitchen_pan_frame_4,saved,1
train,real,09__kitchen_pan,09__kitchen_pan_frame_5.jpg,09__kitchen_pan_frame_5,saved,1
train,real,09__kitchen_pan,09__kitchen_pan_frame_6.jpg,09__kitchen_pan_frame_6,saved,1
train,real,09__kitchen_pan,09__kitchen_pan_frame_7.jpg,09__kitchen_pan_frame_7,saved,1
train,real,09__kitchen_pan,09__kitchen_pan_frame_8.jpg,09__kitchen_pan_frame_8,saved,1
train,real,09__kitchen_pan,09__kitchen_pan_frame_9.jpg,09__kitchen_pan_frame_9,no valid face metadata,0
train,real,09__outside_talking_pan_laughing,09__outside_talking_pan_laughing_frame_0.jpg,09__outside_talking_pan_laughing_frame_0,saved,1
train,real,09__outside_talking_pan_laughing,09__outside_talking_pan_laughing_frame_1.jpg,09__outside_talking_pan_laughing_frame_1,saved,1
train,real,09__outside_talking_pan_laughing,09__outside_talking_pan_laughing_frame_2.jpg,09__outside_talking_pan_laughing_frame_2,saved,1
train,real,09__outside_talking_pan_laughing,09__outside_talking_pan_laughing_frame_3.jpg,09__outside_talking_pan_laughing_frame_3,saved,1
train,real,09__outside_talking_pan_laughing,09__outside_talking_pan_laughing_frame_4.jpg,09__outside_talking_pan_laughing_frame_4,saved,1
train,real,09__outside_talking_pan_laughing,09__outside_talking_pan_laughing_frame_5.jpg,09__outside_talking_pan_laughing_frame_5,saved,1
train,real,09__outside_talking_pan_laughing,09__outside_talking_pan_laughing_frame_6.jpg,09__outside_talking_pan_laughing_frame_6,saved,1
train,real,09__outside_talking_pan_laughing,09__outside_talking_pan_laughing_frame_7.jpg,09__outside_talking_pan_laughing_frame_7,saved,1
train,real,09__outside_talking_pan_laughing,09__outside_talking_pan_laughing_frame_8.jpg,09__outside_talking_pan_laughing_frame_8,saved,1
train,real,09__outside_talking_pan_laughing,09__outside_talking_pan_laughing_frame_9.jpg,09__outside_talking_pan_laughing_frame_9,no valid face metadata,0
train,real,09__outside_talking_still_laughing,09__outside_talking_still_laughing_frame_0.jpg,09__outside_talking_still_laughing_frame_0,saved,1
train,real,09__outside_talking_still_laughing,09__outside_talking_still_laughing_frame_1.jpg,09__outside_talking_still_laughing_frame_1,saved,1
train,real,09__outside_talking_still_laughing,09__outside_talking_still_laughing_frame_2.jpg,09__outside_talking_still_laughing_frame_2,saved,1
train,real,09__outside_talking_still_laughing,09__outside_talking_still_laughing_frame_3.jpg,09__outside_talking_still_laughing_frame_3,saved,1
train,real,09__outside_talking_still_laughing,09__outside_talking_still_laughing_frame_4.jpg,09__outside_talking_still_laughing_frame_4,saved,1
train,real,09__outside_talking_still_laughing,09__outside_talking_still_laughing_frame_5.jpg,09__outside_talking_still_laughing_frame_5,saved,1
train,real,09__outside_talking_still_laughing,09__outside_talking_still_laughing_frame_6.jpg,09__outside_talking_still_laughing_frame_6,saved,1
train,real,09__outside_talking_still_laughing,09__outside_talking_still_laughing_frame_7.jpg,09__outside_talking_still_laughing_frame_7,saved,1
train,real,09__outside_talking_still_laughing,09__outside_talking_still_laughing_frame_8.jpg,09__outside_talking_still_laughing_frame_8,saved,1
train,real,09__outside_talking_still_laughing,09__outside_talking_still_laughing_frame_9.jpg,09__outside_talking_still_laughing_frame_9,saved,1
train,real,09__podium_speech_happy,09__podium_speech_happy_frame_0.jpg,09__podium_speech_happy_frame_0,saved,1
train,real,09__podium_speech_happy,09__podium_speech_happy_frame_1.jpg,09__podium_speech_happy_frame_1,saved,1
train,real,09__podium_speech_happy,09__podium_speech_happy_frame_2.jpg,09__podium_speech_happy_frame_2,saved,1
train,real,09__podium_speech_happy,09__podium_speech_happy_frame_3.jpg,09__podium_speech_happy_frame_3,saved,1
train,real,09__podium_speech_happy,09__podium_speech_happy_frame_4.jpg,09__podium_speech_happy_frame_4,saved,1
train,real,09__podium_speech_happy,09__podium_speech_happy_frame_5.jpg,09__podium_speech_happy_frame_5,saved,1
train,real,09__podium_speech_happy,09__podium_speech_happy_frame_6.jpg,09__podium_speech_happy_frame_6,saved,1
train,real,09__podium_speech_happy,09__podium_speech_happy_frame_7.jpg,09__podium_speech_happy_frame_7,saved,1
train,real,09__podium_speech_happy,09__podium_speech_happy_frame_8.jpg,09__podium_speech_happy_frame_8,saved,1
train,real,09__podium_speech_happy,09__podium_speech_happy_frame_9.jpg,09__podium_speech_happy_frame_9,saved,1
train,real,09__talking_against_wall,09__talking_against_wall_frame_0.jpg,09__talking_against_wall_frame_0,saved,1
train,real,09__talking_against_wall,09__talking_against_wall_frame_1.jpg,09__talking_against_wall_frame_1,saved,1
train,real,09__talking_against_wall,09__talking_against_wall_frame_2.jpg,09__talking_against_wall_frame_2,saved,1
train,real,09__talking_against_wall,09__talking_against_wall_frame_3.jpg,09__talking_against_wall_frame_3,saved,1
train,real,09__talking_against_wall,09__talking_against_wall_frame_4.jpg,09__talking_against_wall_frame_4,saved,1
train,real,09__talking_against_wall,09__talking_against_wall_frame_5.jpg,09__talking_against_wall_frame_5,saved,1
train,real,09__talking_against_wall,09__talking_against_wall_frame_6.jpg,09__talking_against_wall_frame_6,saved,1
train,real,09__talking_against_wall,09__talking_against_wall_frame_7.jpg,09__talking_against_wall_frame_7,saved,1
train,real,09__talking_against_wall,09__talking_against_wall_frame_8.jpg,09__talking_against_wall_frame_8,saved,1
train,real,09__talking_against_wall,09__talking_against_wall_frame_9.jpg,09__talking_against_wall_frame_9,saved,1
train,real,09__walk_down_hall_angry,09__walk_down_hall_angry_frame_0.jpg,09__walk_down_hall_angry_frame_0,no valid face metadata,0
train,real,09__walk_down_hall_angry,09__walk_down_hall_angry_frame_1.jpg,09__walk_down_hall_angry_frame_1,saved,1
train,real,09__walk_down_hall_angry,09__walk_down_hall_angry_frame_2.jpg,09__walk_down_hall_angry_frame_2,saved,1
train,real,09__walk_down_hall_angry,09__walk_down_hall_angry_frame_3.jpg,09__walk_down_hall_angry_frame_3,saved,1
train,real,09__walk_down_hall_angry,09__walk_down_hall_angry_frame_4.jpg,09__walk_down_hall_angry_frame_4,saved,1
train,real,09__walk_down_hall_angry,09__walk_down_hall_angry_frame_5.jpg,09__walk_down_hall_angry_frame_5,saved,1
train,real,09__walk_down_hall_angry,09__walk_down_hall_angry_frame_6.jpg,09__walk_down_hall_angry_frame_6,saved,1
train,real,09__walk_down_hall_angry,09__walk_down_hall_angry_frame_7.jpg,09__walk_down_hall_angry_frame_7,saved,1
train,real,09__walk_down_hall_angry,09__walk_down_hall_angry_frame_8.jpg,09__walk_down_hall_angry_frame_8,saved,1
train,real,09__walk_down_hall_angry,09__walk_down_hall_angry_frame_9.jpg,09__walk_down_hall_angry_frame_9,saved,1
train,real,09__walking_down_street_outside_angry,09__walking_down_street_outside_angry_frame_0.jpg,09__walking_down_street_outside_angry_frame_0,saved,1
train,real,09__walking_down_street_outside_angry,09__walking_down_street_outside_angry_frame_1.jpg,09__walking_down_street_outside_angry_frame_1,saved,1
train,real,09__walking_down_street_outside_angry,09__walking_down_street_outside_angry_frame_2.jpg,09__walking_down_street_outside_angry_frame_2,saved,1
train,real,09__walking_down_street_outside_angry,09__walking_down_street_outside_angry_frame_3.jpg,09__walking_down_street_outside_angry_frame_3,saved,1
train,real,09__walking_down_street_outside_angry,09__walking_down_street_outside_angry_frame_4.jpg,09__walking_down_street_outside_angry_frame_4,saved,1
train,real,09__walking_down_street_outside_angry,09__walking_down_street_outside_angry_frame_5.jpg,09__walking_down_street_outside_angry_frame_5,saved,1
train,real,09__walking_down_street_outside_angry,09__walking_down_street_outside_angry_frame_6.jpg,09__walking_down_street_outside_angry_frame_6,saved,1
train,real,09__walking_down_street_outside_angry,09__walking_down_street_outside_angry_frame_7.jpg,09__walking_down_street_outside_angry_frame_7,saved,1
train,real,09__walking_down_street_outside_angry,09__walking_down_street_outside_angry_frame_8.jpg,09__walking_down_street_outside_angry_frame_8,saved,1
train,real,09__walking_down_street_outside_angry,09__walking_down_street_outside_angry_frame_9.jpg,09__walking_down_street_outside_angry_frame_9,saved,2
train,real,10__kitchen_pan,10__kitchen_pan_frame_0.jpg,10__kitchen_pan_frame_0,no valid face metadata,0
train,real,10__kitchen_pan,10__kitchen_pan_frame_1.jpg,10__kitchen_pan_frame_1,saved,1
train,real,10__kitchen_pan,10__kitchen_pan_frame_2.jpg,10__kitchen_pan_frame_2,saved,1
train,real,10__kitchen_pan,10__kitchen_pan_frame_3.jpg,10__kitchen_pan_frame_3,saved,1
train,real,10__kitchen_pan,10__kitchen_pan_frame_4.jpg,10__kitchen_pan_frame_4,saved,1
train,real,10__kitchen_pan,10__kitchen_pan_frame_5.jpg,10__kitchen_pan_frame_5,saved,1
train,real,10__kitchen_pan,10__kitchen_pan_frame_6.jpg,10__kitchen_pan_frame_6,saved,1
train,real,10__kitchen_pan,10__kitchen_pan_frame_7.jpg,10__kitchen_pan_frame_7,saved,1
train,real,10__kitchen_pan,10__kitchen_pan_frame_8.jpg,10__kitchen_pan_frame_8,saved,1
train,real,10__kitchen_pan,10__kitchen_pan_frame_9.jpg,10__kitchen_pan_frame_9,no valid face metadata,0
train,real,10__kitchen_still,10__kitchen_still_frame_0.jpg,10__kitchen_still_frame_0,saved,1
train,real,10__kitchen_still,10__kitchen_still_frame_1.jpg,10__kitchen_still_frame_1,saved,1
train,real,10__kitchen_still,10__kitchen_still_frame_2.jpg,10__kitchen_still_frame_2,saved,1
train,real,10__kitchen_still,10__kitchen_still_frame_3.jpg,10__kitchen_still_frame_3,saved,1
train,real,10__kitchen_still,10__kitchen_still_frame_4.jpg,10__kitchen_still_frame_4,saved,1
train,real,10__kitchen_still,10__kitchen_still_frame_5.jpg,10__kitchen_still_frame_5,saved,1
train,real,10__kitchen_still,10__kitchen_still_frame_6.jpg,10__kitchen_still_frame_6,saved,1
train,real,10__kitchen_still,10__kitchen_still_frame_7.jpg,10__kitchen_still_frame_7,saved,1
train,real,10__kitchen_still,10__kitchen_still_frame_8.jpg,10__kitchen_still_frame_8,saved,1
train,real,10__kitchen_still,10__kitchen_still_frame_9.jpg,10__kitchen_still_frame_9,saved,1
train,real,10__outside_talking_pan_laughing,10__outside_talking_pan_laughing_frame_0.jpg,10__outside_talking_pan_laughing_frame_0,no valid face metadata,0
train,real,10__outside_talking_pan_laughing,10__outside_talking_pan_laughing_frame_1.jpg,10__outside_talking_pan_laughing_frame_1,saved,1
train,real,10__outside_talking_pan_laughing,10__outside_talking_pan_laughing_frame_2.jpg,10__outside_talking_pan_laughing_frame_2,saved,1
train,real,10__outside_talking_pan_laughing,10__outside_talking_pan_laughing_frame_3.jpg,10__outside_talking_pan_laughing_frame_3,saved,1
train,real,10__outside_talking_pan_laughing,10__outside_talking_pan_laughing_frame_4.jpg,10__outside_talking_pan_laughing_frame_4,saved,1
train,real,10__outside_talking_pan_laughing,10__outside_talking_pan_laughing_frame_5.jpg,10__outside_talking_pan_laughing_frame_5,saved,1
train,real,10__outside_talking_pan_laughing,10__outside_talking_pan_laughing_frame_6.jpg,10__outside_talking_pan_laughing_frame_6,saved,1
train,real,10__outside_talking_pan_laughing,10__outside_talking_pan_laughing_frame_7.jpg,10__outside_talking_pan_laughing_frame_7,saved,1
train,real,10__outside_talking_pan_laughing,10__outside_talking_pan_laughing_frame_8.jpg,10__outside_talking_pan_laughing_frame_8,saved,1
train,real,10__outside_talking_pan_laughing,10__outside_talking_pan_laughing_frame_9.jpg,10__outside_talking_pan_laughing_frame_9,no valid face metadata,0
train,real,10__outside_talking_still_laughing,10__outside_talking_still_laughing_frame_0.jpg,10__outside_talking_still_laughing_frame_0,saved,1
train,real,10__outside_talking_still_laughing,10__outside_talking_still_laughing_frame_1.jpg,10__outside_talking_still_laughing_frame_1,saved,1
train,real,10__outside_talking_still_laughing,10__outside_talking_still_laughing_frame_2.jpg,10__outside_talking_still_laughing_frame_2,saved,1
train,real,10__outside_talking_still_laughing,10__outside_talking_still_laughing_frame_3.jpg,10__outside_talking_still_laughing_frame_3,saved,1
train,real,10__outside_talking_still_laughing,10__outside_talking_still_laughing_frame_4.jpg,10__outside_talking_still_laughing_frame_4,saved,1
train,real,10__outside_talking_still_laughing,10__outside_talking_still_laughing_frame_5.jpg,10__outside_talking_still_laughing_frame_5,saved,1
train,real,10__outside_talking_still_laughing,10__outside_talking_still_laughing_frame_6.jpg,10__outside_talking_still_laughing_frame_6,saved,1
train,real,10__outside_talking_still_laughing,10__outside_talking_still_laughing_frame_7.jpg,10__outside_talking_still_laughing_frame_7,saved,1
train,real,10__outside_talking_still_laughing,10__outside_talking_still_laughing_frame_8.jpg,10__outside_talking_still_laughing_frame_8,saved,1
train,real,10__outside_talking_still_laughing,10__outside_talking_still_laughing_frame_9.jpg,10__outside_talking_still_laughing_frame_9,saved,1
train,real,10__podium_speech_happy,10__podium_speech_happy_frame_0.jpg,10__podium_speech_happy_frame_0,saved,1
train,real,10__podium_speech_happy,10__podium_speech_happy_frame_1.jpg,10__podium_speech_happy_frame_1,saved,1
train,real,10__podium_speech_happy,10__podium_speech_happy_frame_2.jpg,10__podium_speech_happy_frame_2,saved,1
train,real,10__podium_speech_happy,10__podium_speech_happy_frame_3.jpg,10__podium_speech_happy_frame_3,saved,1
train,real,10__podium_speech_happy,10__podium_speech_happy_frame_4.jpg,10__podium_speech_happy_frame_4,saved,1
train,real,10__podium_speech_happy,10__podium_speech_happy_frame_5.jpg,10__podium_speech_happy_frame_5,saved,1
train,real,10__podium_speech_happy,10__podium_speech_happy_frame_6.jpg,10__podium_speech_happy_frame_6,saved,1
train,real,10__podium_speech_happy,10__podium_speech_happy_frame_7.jpg,10__podium_speech_happy_frame_7,saved,1
train,real,10__podium_speech_happy,10__podium_speech_happy_frame_8.jpg,10__podium_speech_happy_frame_8,saved,1
train,real,10__podium_speech_happy,10__podium_speech_happy_frame_9.jpg,10__podium_speech_happy_frame_9,saved,1
train,real,10__talking_against_wall,10__talking_against_wall_frame_0.jpg,10__talking_against_wall_frame_0,saved,1
train,real,10__talking_against_wall,10__talking_against_wall_frame_1.jpg,10__talking_against_wall_frame_1,saved,1
train,real,10__talking_against_wall,10__talking_against_wall_frame_2.jpg,10__talking_against_wall_frame_2,saved,1
train,real,10__talking_against_wall,10__talking_against_wall_frame_3.jpg,10__talking_against_wall_frame_3,saved,1
train,real,10__talking_against_wall,10__talking_against_wall_frame_4.jpg,10__talking_against_wall_frame_4,saved,1
train,real,10__talking_against_wall,10__talking_against_wall_frame_5.jpg,10__talking_against_wall_frame_5,saved,1
train,real,10__talking_against_wall,10__talking_against_wall_frame_6.jpg,10__talking_against_wall_frame_6,saved,1
train,real,10__talking_against_wall,10__talking_against_wall_frame_7.jpg,10__talking_against_wall_frame_7,saved,1
train,real,10__talking_against_wall,10__talking_against_wall_frame_8.jpg,10__talking_against_wall_frame_8,saved,1
train,real,10__talking_against_wall,10__talking_against_wall_frame_9.jpg,10__talking_against_wall_frame_9,saved,1
train,real,10__talking_angry_couch,10__talking_angry_couch_frame_0.jpg,10__talking_angry_couch_frame_0,saved,2
train,real,10__talking_angry_couch,10__talking_angry_couch_frame_1.jpg,10__talking_angry_couch_frame_1,saved,2
train,real,10__talking_angry_couch,10__talking_angry_couch_frame_2.jpg,10__talking_angry_couch_frame_2,saved,2
train,real,10__talking_angry_couch,10__talking_angry_couch_frame_3.jpg,10__talking_angry_couch_frame_3,saved,1
train,real,10__talking_angry_couch,10__talking_angry_couch_frame_4.jpg,10__talking_angry_couch_frame_4,saved,1
train,real,10__talking_angry_couch,10__talking_angry_couch_frame_5.jpg,10__talking_angry_couch_frame_5,saved,1
train,real,10__talking_angry_couch,10__talking_angry_couch_frame_6.jpg,10__talking_angry_couch_frame_6,saved,2
train,real,10__talking_angry_couch,10__talking_angry_couch_frame_7.jpg,10__talking_angry_couch_frame_7,saved,2
train,real,10__talking_angry_couch,10__talking_angry_couch_frame_8.jpg,10__talking_angry_couch_frame_8,saved,2
train,real,10__talking_angry_couch,10__talking_angry_couch_frame_9.jpg,10__talking_angry_couch_frame_9,saved,2
train,real,10__walk_down_hall_angry,10__walk_down_hall_angry_frame_0.jpg,10__walk_down_hall_angry_frame_0,no valid face metadata,0
train,real,10__walk_down_hall_angry,10__walk_down_hall_angry_frame_1.jpg,10__walk_down_hall_angry_frame_1,saved,1
train,real,10__walk_down_hall_angry,10__walk_down_hall_angry_frame_2.jpg,10__walk_down_hall_angry_frame_2,saved,1
train,real,10__walk_down_hall_angry,10__walk_down_hall_angry_frame_3.jpg,10__walk_down_hall_angry_frame_3,saved,1
train,real,10__walk_down_hall_angry,10__walk_down_hall_angry_frame_4.jpg,10__walk_down_hall_angry_frame_4,saved,1
train,real,10__walk_down_hall_angry,10__walk_down_hall_angry_frame_5.jpg,10__walk_down_hall_angry_frame_5,saved,1
train,real,10__walk_down_hall_angry,10__walk_down_hall_angry_frame_6.jpg,10__walk_down_hall_angry_frame_6,saved,1
train,real,10__walk_down_hall_angry,10__walk_down_hall_angry_frame_7.jpg,10__walk_down_hall_angry_frame_7,saved,1
train,real,10__walk_down_hall_angry,10__walk_down_hall_angry_frame_8.jpg,10__walk_down_hall_angry_frame_8,saved,1
train,real,10__walk_down_hall_angry,10__walk_down_hall_angry_frame_9.jpg,10__walk_down_hall_angry_frame_9,saved,1
train,real,10__walking_down_street_outside_angry,10__walking_down_street_outside_angry_frame_0.jpg,10__walking_down_street_outside_angry_frame_0,saved,1
train,real,10__walking_down_street_outside_angry,10__walking_down_street_outside_angry_frame_1.jpg,10__walking_down_street_outside_angry_frame_1,saved,1
train,real,10__walking_down_street_outside_angry,10__walking_down_street_outside_angry_frame_2.jpg,10__walking_down_street_outside_angry_frame_2,saved,1
train,real,10__walking_down_street_outside_angry,10__walking_down_street_outside_angry_frame_3.jpg,10__walking_down_street_outside_angry_frame_3,saved,1
train,real,10__walking_down_street_outside_angry,10__walking_down_street_outside_angry_frame_4.jpg,10__walking_down_street_outside_angry_frame_4,saved,1
train,real,10__walking_down_street_outside_angry,10__walking_down_street_outside_angry_frame_5.jpg,10__walking_down_street_outside_angry_frame_5,saved,1
train,real,10__walking_down_street_outside_angry,10__walking_down_street_outside_angry_frame_6.jpg,10__walking_down_street_outside_angry_frame_6,saved,1
train,real,10__walking_down_street_outside_angry,10__walking_down_street_outside_angry_frame_7.jpg,10__walking_down_street_outside_angry_frame_7,saved,1
train,real,10__walking_down_street_outside_angry,10__walking_down_street_outside_angry_frame_8.jpg,10__walking_down_street_outside_angry_frame_8,saved,1
train,real,10__walking_down_street_outside_angry,10__walking_down_street_outside_angry_frame_9.jpg,10__walking_down_street_outside_angry_frame_9,saved,1
train,real,10__walking_outside_cafe_disgusted,10__walking_outside_cafe_disgusted_frame_0.jpg,10__walking_outside_cafe_disgusted_frame_0,saved,1
train,real,10__walking_outside_cafe_disgusted,10__walking_outside_cafe_disgusted_frame_1.jpg,10__walking_outside_cafe_disgusted_frame_1,saved,1
train,real,10__walking_outside_cafe_disgusted,10__walking_outside_cafe_disgusted_frame_2.jpg,10__walking_outside_cafe_disgusted_frame_2,saved,1
train,real,10__walking_outside_cafe_disgusted,10__walking_outside_cafe_disgusted_frame_3.jpg,10__walking_outside_cafe_disgusted_frame_3,saved,1
train,real,10__walking_outside_cafe_disgusted,10__walking_outside_cafe_disgusted_frame_4.jpg,10__walking_outside_cafe_disgusted_frame_4,saved,1
train,real,10__walking_outside_cafe_disgusted,10__walking_outside_cafe_disgusted_frame_5.jpg,10__walking_outside_cafe_disgusted_frame_5,saved,1
train,real,10__walking_outside_cafe_disgusted,10__walking_outside_cafe_disgusted_frame_6.jpg,10__walking_outside_cafe_disgusted_frame_6,saved,1
train,real,10__walking_outside_cafe_disgusted,10__walking_outside_cafe_disgusted_frame_7.jpg,10__walking_outside_cafe_disgusted_frame_7,saved,1
train,real,10__walking_outside_cafe_disgusted,10__walking_outside_cafe_disgusted_frame_8.jpg,10__walking_outside_cafe_disgusted_frame_8,saved,1
train,real,10__walking_outside_cafe_disgusted,10__walking_outside_cafe_disgusted_frame_9.jpg,10__walking_outside_cafe_disgusted_frame_9,saved,1
train,real,11__exit_phone_room,11__exit_phone_room_frame_0.jpg,11__exit_phone_room_frame_0,saved,1
train,real,11__exit_phone_room,11__exit_phone_room_frame_1.jpg,11__exit_phone_room_frame_1,saved,1
train,real,11__exit_phone_room,11__exit_phone_room_frame_2.jpg,11__exit_phone_room_frame_2,saved,1
train,real,11__exit_phone_room,11__exit_phone_room_frame_3.jpg,11__exit_phone_room_frame_3,saved,1
train,real,11__exit_phone_room,11__exit_phone_room_frame_4.jpg,11__exit_phone_room_frame_4,saved,1
train,real,11__exit_phone_room,11__exit_phone_room_frame_5.jpg,11__exit_phone_room_frame_5,saved,1
train,real,11__exit_phone_room,11__exit_phone_room_frame_6.jpg,11__exit_phone_room_frame_6,saved,1
train,real,11__exit_phone_room,11__exit_phone_room_frame_7.jpg,11__exit_phone_room_frame_7,saved,1
train,real,11__exit_phone_room,11__exit_phone_room_frame_8.jpg,11__exit_phone_room_frame_8,saved,1
train,real,11__exit_phone_room,11__exit_phone_room_frame_9.jpg,11__exit_phone_room_frame_9,saved,1
train,real,11__kitchen_still,11__kitchen_still_frame_0.jpg,11__kitchen_still_frame_0,saved,1
train,real,11__kitchen_still,11__kitchen_still_frame_1.jpg,11__kitchen_still_frame_1,saved,1
train,real,11__kitchen_still,11__kitchen_still_frame_2.jpg,11__kitchen_still_frame_2,saved,1
train,real,11__kitchen_still,11__kitchen_still_frame_3.jpg,11__kitchen_still_frame_3,saved,1
train,real,11__kitchen_still,11__kitchen_still_frame_4.jpg,11__kitchen_still_frame_4,saved,1
train,real,11__kitchen_still,11__kitchen_still_frame_5.jpg,11__kitchen_still_frame_5,saved,1
train,real,11__kitchen_still,11__kitchen_still_frame_6.jpg,11__kitchen_still_frame_6,saved,1
train,real,11__kitchen_still,11__kitchen_still_frame_7.jpg,11__kitchen_still_frame_7,saved,1
train,real,11__kitchen_still,11__kitchen_still_frame_8.jpg,11__kitchen_still_frame_8,saved,1
train,real,11__kitchen_still,11__kitchen_still_frame_9.jpg,11__kitchen_still_frame_9,saved,1
train,real,11__outside_talking_pan_laughing,11__outside_talking_pan_laughing_frame_0.jpg,11__outside_talking_pan_laughing_frame_0,no valid face metadata,0
train,real,11__outside_talking_pan_laughing,11__outside_talking_pan_laughing_frame_1.jpg,11__outside_talking_pan_laughing_frame_1,saved,1
train,real,11__outside_talking_pan_laughing,11__outside_talking_pan_laughing_frame_2.jpg,11__outside_talking_pan_laughing_frame_2,saved,1
train,real,11__outside_talking_pan_laughing,11__outside_talking_pan_laughing_frame_3.jpg,11__outside_talking_pan_laughing_frame_3,saved,1
train,real,11__outside_talking_pan_laughing,11__outside_talking_pan_laughing_frame_4.jpg,11__outside_talking_pan_laughing_frame_4,saved,1
train,real,11__outside_talking_pan_laughing,11__outside_talking_pan_laughing_frame_5.jpg,11__outside_talking_pan_laughing_frame_5,saved,1
train,real,11__outside_talking_pan_laughing,11__outside_talking_pan_laughing_frame_6.jpg,11__outside_talking_pan_laughing_frame_6,saved,1
train,real,11__outside_talking_pan_laughing,11__outside_talking_pan_laughing_frame_7.jpg,11__outside_talking_pan_laughing_frame_7,saved,1
train,real,11__outside_talking_pan_laughing,11__outside_talking_pan_laughing_frame_8.jpg,11__outside_talking_pan_laughing_frame_8,saved,1
train,real,11__outside_talking_pan_laughing,11__outside_talking_pan_laughing_frame_9.jpg,11__outside_talking_pan_laughing_frame_9,no valid face metadata,0
train,real,11__outside_talking_still_laughing,11__outside_talking_still_laughing_frame_0.jpg,11__outside_talking_still_laughing_frame_0,saved,1
train,real,11__outside_talking_still_laughing,11__outside_talking_still_laughing_frame_1.jpg,11__outside_talking_still_laughing_frame_1,saved,1
train,real,11__outside_talking_still_laughing,11__outside_talking_still_laughing_frame_2.jpg,11__outside_talking_still_laughing_frame_2,saved,1
train,real,11__outside_talking_still_laughing,11__outside_talking_still_laughing_frame_3.jpg,11__outside_talking_still_laughing_frame_3,saved,1
train,real,11__outside_talking_still_laughing,11__outside_talking_still_laughing_frame_4.jpg,11__outside_talking_still_laughing_frame_4,saved,1
train,real,11__outside_talking_still_laughing,11__outside_talking_still_laughing_frame_5.jpg,11__outside_talking_still_laughing_frame_5,saved,1
train,real,11__outside_talking_still_laughing,11__outside_talking_still_laughing_frame_6.jpg,11__outside_talking_still_laughing_frame_6,saved,1
train,real,11__outside_talking_still_laughing,11__outside_talking_still_laughing_frame_7.jpg,11__outside_talking_still_laughing_frame_7,saved,1
train,real,11__outside_talking_still_laughing,11__outside_talking_still_laughing_frame_8.jpg,11__outside_talking_still_laughing_frame_8,saved,1
train,real,11__outside_talking_still_laughing,11__outside_talking_still_laughing_frame_9.jpg,11__outside_talking_still_laughing_frame_9,saved,1
train,real,11__podium_speech_happy,11__podium_speech_happy_frame_0.jpg,11__podium_speech_happy_frame_0,saved,1
train,real,11__podium_speech_happy,11__podium_speech_happy_frame_1.jpg,11__podium_speech_happy_frame_1,saved,1
train,real,11__podium_speech_happy,11__podium_speech_happy_frame_2.jpg,11__podium_speech_happy_frame_2,saved,1
train,real,11__podium_speech_happy,11__podium_speech_happy_frame_3.jpg,11__podium_speech_happy_frame_3,saved,1
train,real,11__podium_speech_happy,11__podium_speech_happy_frame_4.jpg,11__podium_speech_happy_frame_4,saved,1
train,real,11__podium_speech_happy,11__podium_speech_happy_frame_5.jpg,11__podium_speech_happy_frame_5,saved,1
train,real,11__podium_speech_happy,11__podium_speech_happy_frame_6.jpg,11__podium_speech_happy_frame_6,saved,1
train,real,11__podium_speech_happy,11__podium_speech_happy_frame_7.jpg,11__podium_speech_happy_frame_7,saved,1
train,real,11__podium_speech_happy,11__podium_speech_happy_frame_8.jpg,11__podium_speech_happy_frame_8,saved,1
train,real,11__podium_speech_happy,11__podium_speech_happy_frame_9.jpg,11__podium_speech_happy_frame_9,saved,1
train,real,11__secret_conversation,11__secret_conversation_frame_0.jpg,11__secret_conversation_frame_0,saved,2
train,real,11__secret_conversation,11__secret_conversation_frame_1.jpg,11__secret_conversation_frame_1,saved,1
train,real,11__secret_conversation,11__secret_conversation_frame_2.jpg,11__secret_conversation_frame_2,saved,1
train,real,11__secret_conversation,11__secret_conversation_frame_3.jpg,11__secret_conversation_frame_3,saved,2
train,real,11__secret_conversation,11__secret_conversation_frame_4.jpg,11__secret_conversation_frame_4,saved,1
train,real,11__secret_conversation,11__secret_conversation_frame_5.jpg,11__secret_conversation_frame_5,saved,1
train,real,11__secret_conversation,11__secret_conversation_frame_6.jpg,11__secret_conversation_frame_6,saved,1
train,real,11__secret_conversation,11__secret_conversation_frame_7.jpg,11__secret_conversation_frame_7,saved,2
train,real,11__secret_conversation,11__secret_conversation_frame_8.jpg,11__secret_conversation_frame_8,saved,2
train,real,11__secret_conversation,11__secret_conversation_frame_9.jpg,11__secret_conversation_frame_9,saved,1
train,real,11__talking_against_wall,11__talking_against_wall_frame_0.jpg,11__talking_against_wall_frame_0,saved,1
train,real,11__talking_against_wall,11__talking_against_wall_frame_1.jpg,11__talking_against_wall_frame_1,saved,1
train,real,11__talking_against_wall,11__talking_against_wall_frame_2.jpg,11__talking_against_wall_frame_2,saved,1
train,real,11__talking_against_wall,11__talking_against_wall_frame_3.jpg,11__talking_against_wall_frame_3,saved,1
train,real,11__talking_against_wall,11__talking_against_wall_frame_4.jpg,11__talking_against_wall_frame_4,saved,1
train,real,11__talking_against_wall,11__talking_against_wall_frame_5.jpg,11__talking_against_wall_frame_5,saved,1
train,real,11__talking_against_wall,11__talking_against_wall_frame_6.jpg,11__talking_against_wall_frame_6,saved,1
train,real,11__talking_against_wall,11__talking_against_wall_frame_7.jpg,11__talking_against_wall_frame_7,saved,1
train,real,11__talking_against_wall,11__talking_against_wall_frame_8.jpg,11__talking_against_wall_frame_8,saved,1
train,real,11__talking_against_wall,11__talking_against_wall_frame_9.jpg,11__talking_against_wall_frame_9,saved,1
train,real,11__talking_angry_couch,11__talking_angry_couch_frame_0.jpg,11__talking_angry_couch_frame_0,saved,1
train,real,11__talking_angry_couch,11__talking_angry_couch_frame_1.jpg,11__talking_angry_couch_frame_1,saved,1
train,real,11__talking_angry_couch,11__talking_angry_couch_frame_2.jpg,11__talking_angry_couch_frame_2,saved,1
train,real,11__talking_angry_couch,11__talking_angry_couch_frame_3.jpg,11__talking_angry_couch_frame_3,saved,1
train,real,11__talking_angry_couch,11__talking_angry_couch_frame_4.jpg,11__talking_angry_couch_frame_4,saved,1
train,real,11__talking_angry_couch,11__talking_angry_couch_frame_5.jpg,11__talking_angry_couch_frame_5,saved,1
train,real,11__talking_angry_couch,11__talking_angry_couch_frame_6.jpg,11__talking_angry_couch_frame_6,saved,1
train,real,11__talking_angry_couch,11__talking_angry_couch_frame_7.jpg,11__talking_angry_couch_frame_7,saved,1
train,real,11__talking_angry_couch,11__talking_angry_couch_frame_8.jpg,11__talking_angry_couch_frame_8,saved,1
train,real,11__talking_angry_couch,11__talking_angry_couch_frame_9.jpg,11__talking_angry_couch_frame_9,saved,1
train,real,11__walking_down_street_outside_angry,11__walking_down_street_outside_angry_frame_0.jpg,11__walking_down_street_outside_angry_frame_0,saved,1
train,real,11__walking_down_street_outside_angry,11__walking_down_street_outside_angry_frame_1.jpg,11__walking_down_street_outside_angry_frame_1,saved,1
train,real,11__walking_down_street_outside_angry,11__walking_down_street_outside_angry_frame_2.jpg,11__walking_down_street_outside_angry_frame_2,saved,1
train,real,11__walking_down_street_outside_angry,11__walking_down_street_outside_angry_frame_3.jpg,11__walking_down_street_outside_angry_frame_3,saved,1
train,real,11__walking_down_street_outside_angry,11__walking_down_street_outside_angry_frame_4.jpg,11__walking_down_street_outside_angry_frame_4,saved,1
train,real,11__walking_down_street_outside_angry,11__walking_down_street_outside_angry_frame_5.jpg,11__walking_down_street_outside_angry_frame_5,saved,1
train,real,11__walking_down_street_outside_angry,11__walking_down_street_outside_angry_frame_6.jpg,11__walking_down_street_outside_angry_frame_6,saved,1
train,real,11__walking_down_street_outside_angry,11__walking_down_street_outside_angry_frame_7.jpg,11__walking_down_street_outside_angry_frame_7,saved,1
train,real,11__walking_down_street_outside_angry,11__walking_down_street_outside_angry_frame_8.jpg,11__walking_down_street_outside_angry_frame_8,saved,1
train,real,11__walking_down_street_outside_angry,11__walking_down_street_outside_angry_frame_9.jpg,11__walking_down_street_outside_angry_frame_9,saved,1
train,real,12__exit_phone_room,12__exit_phone_room_frame_0.jpg,12__exit_phone_room_frame_0,saved,1
train,real,12__exit_phone_room,12__exit_phone_room_frame_1.jpg,12__exit_phone_room_frame_1,saved,1
train,real,12__exit_phone_room,12__exit_phone_room_frame_2.jpg,12__exit_phone_room_frame_2,saved,1
train,real,12__exit_phone_room,12__exit_phone_room_frame_3.jpg,12__exit_phone_room_frame_3,saved,1
train,real,12__exit_phone_room,12__exit_phone_room_frame_4.jpg,12__exit_phone_room_frame_4,saved,1
train,real,12__exit_phone_room,12__exit_phone_room_frame_5.jpg,12__exit_phone_room_frame_5,saved,1
train,real,12__exit_phone_room,12__exit_phone_room_frame_6.jpg,12__exit_phone_room_frame_6,saved,1
train,real,12__exit_phone_room,12__exit_phone_room_frame_7.jpg,12__exit_phone_room_frame_7,saved,1
train,real,12__exit_phone_room,12__exit_phone_room_frame_8.jpg,12__exit_phone_room_frame_8,saved,1
train,real,12__exit_phone_room,12__exit_phone_room_frame_9.jpg,12__exit_phone_room_frame_9,saved,1
train,real,12__kitchen_pan,12__kitchen_pan_frame_0.jpg,12__kitchen_pan_frame_0,no valid face metadata,0
train,real,12__kitchen_pan,12__kitchen_pan_frame_1.jpg,12__kitchen_pan_frame_1,saved,1
train,real,12__kitchen_pan,12__kitchen_pan_frame_2.jpg,12__kitchen_pan_frame_2,saved,1
train,real,12__kitchen_pan,12__kitchen_pan_frame_3.jpg,12__kitchen_pan_frame_3,saved,1
train,real,12__kitchen_pan,12__kitchen_pan_frame_4.jpg,12__kitchen_pan_frame_4,saved,1
train,real,12__kitchen_pan,12__kitchen_pan_frame_5.jpg,12__kitchen_pan_frame_5,saved,1
train,real,12__kitchen_pan,12__kitchen_pan_frame_6.jpg,12__kitchen_pan_frame_6,saved,1
train,real,12__kitchen_pan,12__kitchen_pan_frame_7.jpg,12__kitchen_pan_frame_7,saved,1
train,real,12__kitchen_pan,12__kitchen_pan_frame_8.jpg,12__kitchen_pan_frame_8,saved,1
train,real,12__kitchen_pan,12__kitchen_pan_frame_9.jpg,12__kitchen_pan_frame_9,no valid face metadata,0
train,real,12__outside_talking_pan_laughing,12__outside_talking_pan_laughing_frame_0.jpg,12__outside_talking_pan_laughing_frame_0,no valid face metadata,0
train,real,12__outside_talking_pan_laughing,12__outside_talking_pan_laughing_frame_1.jpg,12__outside_talking_pan_laughing_frame_1,saved,1
train,real,12__outside_talking_pan_laughing,12__outside_talking_pan_laughing_frame_2.jpg,12__outside_talking_pan_laughing_frame_2,saved,1
train,real,12__outside_talking_pan_laughing,12__outside_talking_pan_laughing_frame_3.jpg,12__outside_talking_pan_laughing_frame_3,saved,1
train,real,12__outside_talking_pan_laughing,12__outside_talking_pan_laughing_frame_4.jpg,12__outside_talking_pan_laughing_frame_4,saved,1
train,real,12__outside_talking_pan_laughing,12__outside_talking_pan_laughing_frame_5.jpg,12__outside_talking_pan_laughing_frame_5,saved,1
train,real,12__outside_talking_pan_laughing,12__outside_talking_pan_laughing_frame_6.jpg,12__outside_talking_pan_laughing_frame_6,saved,1
train,real,12__outside_talking_pan_laughing,12__outside_talking_pan_laughing_frame_7.jpg,12__outside_talking_pan_laughing_frame_7,saved,1
train,real,12__outside_talking_pan_laughing,12__outside_talking_pan_laughing_frame_8.jpg,12__outside_talking_pan_laughing_frame_8,saved,1
train,real,12__outside_talking_pan_laughing,12__outside_talking_pan_laughing_frame_9.jpg,12__outside_talking_pan_laughing_frame_9,no valid face metadata,0
train,real,12__outside_talking_still_laughing,12__outside_talking_still_laughing_frame_0.jpg,12__outside_talking_still_laughing_frame_0,saved,1
train,real,12__outside_talking_still_laughing,12__outside_talking_still_laughing_frame_1.jpg,12__outside_talking_still_laughing_frame_1,saved,1
train,real,12__outside_talking_still_laughing,12__outside_talking_still_laughing_frame_2.jpg,12__outside_talking_still_laughing_frame_2,saved,1
train,real,12__outside_talking_still_laughing,12__outside_talking_still_laughing_frame_3.jpg,12__outside_talking_still_laughing_frame_3,saved,1
train,real,12__outside_talking_still_laughing,12__outside_talking_still_laughing_frame_4.jpg,12__outside_talking_still_laughing_frame_4,saved,1
train,real,12__outside_talking_still_laughing,12__outside_talking_still_laughing_frame_5.jpg,12__outside_talking_still_laughing_frame_5,saved,1
train,real,12__outside_talking_still_laughing,12__outside_talking_still_laughing_frame_6.jpg,12__outside_talking_still_laughing_frame_6,saved,1
train,real,12__outside_talking_still_laughing,12__outside_talking_still_laughing_frame_7.jpg,12__outside_talking_still_laughing_frame_7,saved,1
train,real,12__outside_talking_still_laughing,12__outside_talking_still_laughing_frame_8.jpg,12__outside_talking_still_laughing_frame_8,saved,1
train,real,12__outside_talking_still_laughing,12__outside_talking_still_laughing_frame_9.jpg,12__outside_talking_still_laughing_frame_9,saved,1
train,real,12__podium_speech_happy,12__podium_speech_happy_frame_0.jpg,12__podium_speech_happy_frame_0,saved,1
train,real,12__podium_speech_happy,12__podium_speech_happy_frame_1.jpg,12__podium_speech_happy_frame_1,saved,1
train,real,12__podium_speech_happy,12__podium_speech_happy_frame_2.jpg,12__podium_speech_happy_frame_2,saved,1
train,real,12__podium_speech_happy,12__podium_speech_happy_frame_3.jpg,12__podium_speech_happy_frame_3,saved,1
train,real,12__podium_speech_happy,12__podium_speech_happy_frame_4.jpg,12__podium_speech_happy_frame_4,saved,1
train,real,12__podium_speech_happy,12__podium_speech_happy_frame_5.jpg,12__podium_speech_happy_frame_5,saved,1
train,real,12__podium_speech_happy,12__podium_speech_happy_frame_6.jpg,12__podium_speech_happy_frame_6,saved,1
train,real,12__podium_speech_happy,12__podium_speech_happy_frame_7.jpg,12__podium_speech_happy_frame_7,saved,1
train,real,12__podium_speech_happy,12__podium_speech_happy_frame_8.jpg,12__podium_speech_happy_frame_8,saved,1
train,real,12__podium_speech_happy,12__podium_speech_happy_frame_9.jpg,12__podium_speech_happy_frame_9,saved,1
train,real,12__secret_conversation,12__secret_conversation_frame_0.jpg,12__secret_conversation_frame_0,saved,2
train,real,12__secret_conversation,12__secret_conversation_frame_1.jpg,12__secret_conversation_frame_1,saved,2
train,real,12__secret_conversation,12__secret_conversation_frame_2.jpg,12__secret_conversation_frame_2,saved,2
train,real,12__secret_conversation,12__secret_conversation_frame_3.jpg,12__secret_conversation_frame_3,saved,2
train,real,12__secret_conversation,12__secret_conversation_frame_4.jpg,12__secret_conversation_frame_4,saved,2
train,real,12__secret_conversation,12__secret_conversation_frame_5.jpg,12__secret_conversation_frame_5,saved,2
train,real,12__secret_conversation,12__secret_conversation_frame_6.jpg,12__secret_conversation_frame_6,saved,2
train,real,12__secret_conversation,12__secret_conversation_frame_7.jpg,12__secret_conversation_frame_7,saved,2
train,real,12__secret_conversation,12__secret_conversation_frame_8.jpg,12__secret_conversation_frame_8,saved,2
train,real,12__secret_conversation,12__secret_conversation_frame_9.jpg,12__secret_conversation_frame_9,saved,2
train,real,12__talking_against_wall,12__talking_against_wall_frame_0.jpg,12__talking_against_wall_frame_0,saved,1
train,real,12__talking_against_wall,12__talking_against_wall_frame_1.jpg,12__talking_against_wall_frame_1,saved,1
train,real,12__talking_against_wall,12__talking_against_wall_frame_2.jpg,12__talking_against_wall_frame_2,saved,1
train,real,12__talking_against_wall,12__talking_against_wall_frame_3.jpg,12__talking_against_wall_frame_3,saved,1
train,real,12__talking_against_wall,12__talking_against_wall_frame_4.jpg,12__talking_against_wall_frame_4,saved,1
train,real,12__talking_against_wall,12__talking_against_wall_frame_5.jpg,12__talking_against_wall_frame_5,saved,1
train,real,12__talking_against_wall,12__talking_against_wall_frame_6.jpg,12__talking_against_wall_frame_6,saved,1
train,real,12__talking_against_wall,12__talking_against_wall_frame_7.jpg,12__talking_against_wall_frame_7,saved,1
train,real,12__talking_against_wall,12__talking_against_wall_frame_8.jpg,12__talking_against_wall_frame_8,saved,1
train,real,12__talking_against_wall,12__talking_against_wall_frame_9.jpg,12__talking_against_wall_frame_9,saved,1
train,real,12__talking_angry_couch,12__talking_angry_couch_frame_0.jpg,12__talking_angry_couch_frame_0,saved,1
train,real,12__talking_angry_couch,12__talking_angry_couch_frame_1.jpg,12__talking_angry_couch_frame_1,saved,1
train,real,12__talking_angry_couch,12__talking_angry_couch_frame_2.jpg,12__talking_angry_couch_frame_2,saved,1
train,real,12__talking_angry_couch,12__talking_angry_couch_frame_3.jpg,12__talking_angry_couch_frame_3,saved,2
train,real,12__talking_angry_couch,12__talking_angry_couch_frame_4.jpg,12__talking_angry_couch_frame_4,saved,2
train,real,12__talking_angry_couch,12__talking_angry_couch_frame_5.jpg,12__talking_angry_couch_frame_5,saved,2
train,real,12__talking_angry_couch,12__talking_angry_couch_frame_6.jpg,12__talking_angry_couch_frame_6,saved,2
train,real,12__talking_angry_couch,12__talking_angry_couch_frame_7.jpg,12__talking_angry_couch_frame_7,saved,2
train,real,12__talking_angry_couch,12__talking_angry_couch_frame_8.jpg,12__talking_angry_couch_frame_8,saved,2
train,real,12__talking_angry_couch,12__talking_angry_couch_frame_9.jpg,12__talking_angry_couch_frame_9,saved,2
train,real,12__walking_down_street_outside_angry,12__walking_down_street_outside_angry_frame_0.jpg,12__walking_down_street_outside_angry_frame_0,saved,1
train,real,12__walking_down_street_outside_angry,12__walking_down_street_outside_angry_frame_1.jpg,12__walking_down_street_outside_angry_frame_1,saved,1
train,real,12__walking_down_street_outside_angry,12__walking_down_street_outside_angry_frame_2.jpg,12__walking_down_street_outside_angry_frame_2,saved,1
train,real,12__walking_down_street_outside_angry,12__walking_down_street_outside_angry_frame_3.jpg,12__walking_down_street_outside_angry_frame_3,saved,1
train,real,12__walking_down_street_outside_angry,12__walking_down_street_outside_angry_frame_4.jpg,12__walking_down_street_outside_angry_frame_4,saved,1
train,real,12__walking_down_street_outside_angry,12__walking_down_street_outside_angry_frame_5.jpg,12__walking_down_street_outside_angry_frame_5,saved,1
train,real,12__walking_down_street_outside_angry,12__walking_down_street_outside_angry_frame_6.jpg,12__walking_down_street_outside_angry_frame_6,saved,1
train,real,12__walking_down_street_outside_angry,12__walking_down_street_outside_angry_frame_7.jpg,12__walking_down_street_outside_angry_frame_7,saved,1
train,real,12__walking_down_street_outside_angry,12__walking_down_street_outside_angry_frame_8.jpg,12__walking_down_street_outside_angry_frame_8,saved,1
train,real,12__walking_down_street_outside_angry,12__walking_down_street_outside_angry_frame_9.jpg,12__walking_down_street_outside_angry_frame_9,saved,1
train,real,13__exit_phone_room,13__exit_phone_room_frame_0.jpg,13__exit_phone_room_frame_0,saved,1
train,real,13__exit_phone_room,13__exit_phone_room_frame_1.jpg,13__exit_phone_room_frame_1,saved,1
train,real,13__exit_phone_room,13__exit_phone_room_frame_2.jpg,13__exit_phone_room_frame_2,saved,1
train,real,13__exit_phone_room,13__exit_phone_room_frame_3.jpg,13__exit_phone_room_frame_3,saved,1
train,real,13__exit_phone_room,13__exit_phone_room_frame_4.jpg,13__exit_phone_room_frame_4,saved,1
train,real,13__exit_phone_room,13__exit_phone_room_frame_5.jpg,13__exit_phone_room_frame_5,saved,1
train,real,13__exit_phone_room,13__exit_phone_room_frame_6.jpg,13__exit_phone_room_frame_6,saved,1
train,real,13__exit_phone_room,13__exit_phone_room_frame_7.jpg,13__exit_phone_room_frame_7,saved,1
train,real,13__exit_phone_room,13__exit_phone_room_frame_8.jpg,13__exit_phone_room_frame_8,saved,1
train,real,13__exit_phone_room,13__exit_phone_room_frame_9.jpg,13__exit_phone_room_frame_9,saved,1
train,real,13__hugging_happy,13__hugging_happy_frame_0.jpg,13__hugging_happy_frame_0,saved,1
train,real,13__hugging_happy,13__hugging_happy_frame_1.jpg,13__hugging_happy_frame_1,saved,1
train,real,13__hugging_happy,13__hugging_happy_frame_2.jpg,13__hugging_happy_frame_2,saved,1
train,real,13__hugging_happy,13__hugging_happy_frame_3.jpg,13__hugging_happy_frame_3,saved,1
train,real,13__hugging_happy,13__hugging_happy_frame_4.jpg,13__hugging_happy_frame_4,saved,1
train,real,13__hugging_happy,13__hugging_happy_frame_5.jpg,13__hugging_happy_frame_5,saved,1
train,real,13__hugging_happy,13__hugging_happy_frame_6.jpg,13__hugging_happy_frame_6,saved,1
train,real,13__hugging_happy,13__hugging_happy_frame_7.jpg,13__hugging_happy_frame_7,saved,1
train,real,13__hugging_happy,13__hugging_happy_frame_8.jpg,13__hugging_happy_frame_8,saved,2
train,real,13__hugging_happy,13__hugging_happy_frame_9.jpg,13__hugging_happy_frame_9,saved,1
train,real,13__kitchen_pan,13__kitchen_pan_frame_0.jpg,13__kitchen_pan_frame_0,no valid face metadata,0
train,real,13__kitchen_pan,13__kitchen_pan_frame_1.jpg,13__kitchen_pan_frame_1,saved,1
train,real,13__kitchen_pan,13__kitchen_pan_frame_2.jpg,13__kitchen_pan_frame_2,saved,1
train,real,13__kitchen_pan,13__kitchen_pan_frame_3.jpg,13__kitchen_pan_frame_3,saved,1
train,real,13__kitchen_pan,13__kitchen_pan_frame_4.jpg,13__kitchen_pan_frame_4,saved,1
train,real,13__kitchen_pan,13__kitchen_pan_frame_5.jpg,13__kitchen_pan_frame_5,saved,1
train,real,13__kitchen_pan,13__kitchen_pan_frame_6.jpg,13__kitchen_pan_frame_6,saved,1
train,real,13__kitchen_pan,13__kitchen_pan_frame_7.jpg,13__kitchen_pan_frame_7,saved,1
train,real,13__kitchen_pan,13__kitchen_pan_frame_8.jpg,13__kitchen_pan_frame_8,saved,1
train,real,13__kitchen_pan,13__kitchen_pan_frame_9.jpg,13__kitchen_pan_frame_9,no valid face metadata,0
train,real,13__kitchen_still,13__kitchen_still_frame_0.jpg,13__kitchen_still_frame_0,saved,1
train,real,13__kitchen_still,13__kitchen_still_frame_1.jpg,13__kitchen_still_frame_1,saved,1
train,real,13__kitchen_still,13__kitchen_still_frame_2.jpg,13__kitchen_still_frame_2,saved,1
train,real,13__kitchen_still,13__kitchen_still_frame_3.jpg,13__kitchen_still_frame_3,saved,1
train,real,13__kitchen_still,13__kitchen_still_frame_4.jpg,13__kitchen_still_frame_4,saved,1
train,real,13__kitchen_still,13__kitchen_still_frame_5.jpg,13__kitchen_still_frame_5,saved,2
train,real,13__kitchen_still,13__kitchen_still_frame_6.jpg,13__kitchen_still_frame_6,saved,1
train,real,13__kitchen_still,13__kitchen_still_frame_7.jpg,13__kitchen_still_frame_7,saved,1
train,real,13__kitchen_still,13__kitchen_still_frame_8.jpg,13__kitchen_still_frame_8,saved,1
train,real,13__kitchen_still,13__kitchen_still_frame_9.jpg,13__kitchen_still_frame_9,saved,1
train,real,13__outside_talking_pan_laughing,13__outside_talking_pan_laughing_frame_0.jpg,13__outside_talking_pan_laughing_frame_0,no valid face metadata,0
train,real,13__outside_talking_pan_laughing,13__outside_talking_pan_laughing_frame_1.jpg,13__outside_talking_pan_laughing_frame_1,saved,1
train,real,13__outside_talking_pan_laughing,13__outside_talking_pan_laughing_frame_2.jpg,13__outside_talking_pan_laughing_frame_2,saved,1
train,real,13__outside_talking_pan_laughing,13__outside_talking_pan_laughing_frame_3.jpg,13__outside_talking_pan_laughing_frame_3,saved,1
train,real,13__outside_talking_pan_laughing,13__outside_talking_pan_laughing_frame_4.jpg,13__outside_talking_pan_laughing_frame_4,saved,1
train,real,13__outside_talking_pan_laughing,13__outside_talking_pan_laughing_frame_5.jpg,13__outside_talking_pan_laughing_frame_5,saved,1
train,real,13__outside_talking_pan_laughing,13__outside_talking_pan_laughing_frame_6.jpg,13__outside_talking_pan_laughing_frame_6,saved,1
train,real,13__outside_talking_pan_laughing,13__outside_talking_pan_laughing_frame_7.jpg,13__outside_talking_pan_laughing_frame_7,saved,1
train,real,13__outside_talking_pan_laughing,13__outside_talking_pan_laughing_frame_8.jpg,13__outside_talking_pan_laughing_frame_8,saved,1
train,real,13__outside_talking_pan_laughing,13__outside_talking_pan_laughing_frame_9.jpg,13__outside_talking_pan_laughing_frame_9,no valid face metadata,0
train,real,13__outside_talking_still_laughing,13__outside_talking_still_laughing_frame_0.jpg,13__outside_talking_still_laughing_frame_0,saved,1
train,real,13__outside_talking_still_laughing,13__outside_talking_still_laughing_frame_1.jpg,13__outside_talking_still_laughing_frame_1,saved,1
train,real,13__outside_talking_still_laughing,13__outside_talking_still_laughing_frame_2.jpg,13__outside_talking_still_laughing_frame_2,saved,1
train,real,13__outside_talking_still_laughing,13__outside_talking_still_laughing_frame_3.jpg,13__outside_talking_still_laughing_frame_3,saved,1
train,real,13__outside_talking_still_laughing,13__outside_talking_still_laughing_frame_4.jpg,13__outside_talking_still_laughing_frame_4,saved,1
train,real,13__outside_talking_still_laughing,13__outside_talking_still_laughing_frame_5.jpg,13__outside_talking_still_laughing_frame_5,saved,1
train,real,13__outside_talking_still_laughing,13__outside_talking_still_laughing_frame_6.jpg,13__outside_talking_still_laughing_frame_6,saved,1
train,real,13__outside_talking_still_laughing,13__outside_talking_still_laughing_frame_7.jpg,13__outside_talking_still_laughing_frame_7,saved,1
train,real,13__outside_talking_still_laughing,13__outside_talking_still_laughing_frame_8.jpg,13__outside_talking_still_laughing_frame_8,saved,1
train,real,13__outside_talking_still_laughing,13__outside_talking_still_laughing_frame_9.jpg,13__outside_talking_still_laughing_frame_9,saved,1
train,real,13__podium_speech_happy,13__podium_speech_happy_frame_0.jpg,13__podium_speech_happy_frame_0,saved,1
train,real,13__podium_speech_happy,13__podium_speech_happy_frame_1.jpg,13__podium_speech_happy_frame_1,saved,1
train,real,13__podium_speech_happy,13__podium_speech_happy_frame_2.jpg,13__podium_speech_happy_frame_2,saved,1
train,real,13__podium_speech_happy,13__podium_speech_happy_frame_3.jpg,13__podium_speech_happy_frame_3,saved,1
train,real,13__podium_speech_happy,13__podium_speech_happy_frame_4.jpg,13__podium_speech_happy_frame_4,saved,1
train,real,13__podium_speech_happy,13__podium_speech_happy_frame_5.jpg,13__podium_speech_happy_frame_5,saved,1
train,real,13__podium_speech_happy,13__podium_speech_happy_frame_6.jpg,13__podium_speech_happy_frame_6,saved,1
train,real,13__podium_speech_happy,13__podium_speech_happy_frame_7.jpg,13__podium_speech_happy_frame_7,saved,1
train,real,13__podium_speech_happy,13__podium_speech_happy_frame_8.jpg,13__podium_speech_happy_frame_8,saved,1
train,real,13__podium_speech_happy,13__podium_speech_happy_frame_9.jpg,13__podium_speech_happy_frame_9,saved,1
train,real,13__secret_conversation,13__secret_conversation_frame_0.jpg,13__secret_conversation_frame_0,saved,1
train,real,13__secret_conversation,13__secret_conversation_frame_1.jpg,13__secret_conversation_frame_1,saved,1
train,real,13__secret_conversation,13__secret_conversation_frame_2.jpg,13__secret_conversation_frame_2,saved,1
train,real,13__secret_conversation,13__secret_conversation_frame_3.jpg,13__secret_conversation_frame_3,saved,1
train,real,13__secret_conversation,13__secret_conversation_frame_4.jpg,13__secret_conversation_frame_4,saved,1
train,real,13__secret_conversation,13__secret_conversation_frame_5.jpg,13__secret_conversation_frame_5,saved,1
train,real,13__secret_conversation,13__secret_conversation_frame_6.jpg,13__secret_conversation_frame_6,saved,2
train,real,13__secret_conversation,13__secret_conversation_frame_7.jpg,13__secret_conversation_frame_7,saved,1
train,real,13__secret_conversation,13__secret_conversation_frame_8.jpg,13__secret_conversation_frame_8,saved,1
train,real,13__secret_conversation,13__secret_conversation_frame_9.jpg,13__secret_conversation_frame_9,saved,1
train,real,13__talking_angry_couch,13__talking_angry_couch_frame_0.jpg,13__talking_angry_couch_frame_0,saved,2
train,real,13__talking_angry_couch,13__talking_angry_couch_frame_1.jpg,13__talking_angry_couch_frame_1,saved,2
train,real,13__talking_angry_couch,13__talking_angry_couch_frame_2.jpg,13__talking_angry_couch_frame_2,saved,2
train,real,13__talking_angry_couch,13__talking_angry_couch_frame_3.jpg,13__talking_angry_couch_frame_3,saved,2
train,real,13__talking_angry_couch,13__talking_angry_couch_frame_4.jpg,13__talking_angry_couch_frame_4,saved,2
train,real,13__talking_angry_couch,13__talking_angry_couch_frame_5.jpg,13__talking_angry_couch_frame_5,saved,2
train,real,13__talking_angry_couch,13__talking_angry_couch_frame_6.jpg,13__talking_angry_couch_frame_6,saved,2
train,real,13__talking_angry_couch,13__talking_angry_couch_frame_7.jpg,13__talking_angry_couch_frame_7,saved,2
train,real,13__talking_angry_couch,13__talking_angry_couch_frame_8.jpg,13__talking_angry_couch_frame_8,saved,2
train,real,13__talking_angry_couch,13__talking_angry_couch_frame_9.jpg,13__talking_angry_couch_frame_9,saved,2
train,real,13__walk_down_hall_angry,13__walk_down_hall_angry_frame_0.jpg,13__walk_down_hall_angry_frame_0,saved,1
train,real,13__walk_down_hall_angry,13__walk_down_hall_angry_frame_1.jpg,13__walk_down_hall_angry_frame_1,saved,1
train,real,13__walk_down_hall_angry,13__walk_down_hall_angry_frame_2.jpg,13__walk_down_hall_angry_frame_2,saved,1
train,real,13__walk_down_hall_angry,13__walk_down_hall_angry_frame_3.jpg,13__walk_down_hall_angry_frame_3,saved,1
train,real,13__walk_down_hall_angry,13__walk_down_hall_angry_frame_4.jpg,13__walk_down_hall_angry_frame_4,saved,1
train,real,13__walk_down_hall_angry,13__walk_down_hall_angry_frame_5.jpg,13__walk_down_hall_angry_frame_5,saved,1
train,real,13__walk_down_hall_angry,13__walk_down_hall_angry_frame_6.jpg,13__walk_down_hall_angry_frame_6,saved,2
train,real,13__walk_down_hall_angry,13__walk_down_hall_angry_frame_7.jpg,13__walk_down_hall_angry_frame_7,saved,2
train,real,13__walk_down_hall_angry,13__walk_down_hall_angry_frame_8.jpg,13__walk_down_hall_angry_frame_8,saved,3
train,real,13__walk_down_hall_angry,13__walk_down_hall_angry_frame_9.jpg,13__walk_down_hall_angry_frame_9,saved,2
train,real,13__walking_down_indoor_hall_disgust,13__walking_down_indoor_hall_disgust_frame_0.jpg,13__walking_down_indoor_hall_disgust_frame_0,saved,2
train,real,13__walking_down_indoor_hall_disgust,13__walking_down_indoor_hall_disgust_frame_1.jpg,13__walking_down_indoor_hall_disgust_frame_1,saved,2
train,real,13__walking_down_indoor_hall_disgust,13__walking_down_indoor_hall_disgust_frame_2.jpg,13__walking_down_indoor_hall_disgust_frame_2,saved,2
train,real,13__walking_down_indoor_hall_disgust,13__walking_down_indoor_hall_disgust_frame_3.jpg,13__walking_down_indoor_hall_disgust_frame_3,saved,2
train,real,13__walking_down_indoor_hall_disgust,13__walking_down_indoor_hall_disgust_frame_4.jpg,13__walking_down_indoor_hall_disgust_frame_4,saved,2
train,real,13__walking_down_indoor_hall_disgust,13__walking_down_indoor_hall_disgust_frame_5.jpg,13__walking_down_indoor_hall_disgust_frame_5,saved,2
train,real,13__walking_down_indoor_hall_disgust,13__walking_down_indoor_hall_disgust_frame_6.jpg,13__walking_down_indoor_hall_disgust_frame_6,saved,2
train,real,13__walking_down_indoor_hall_disgust,13__walking_down_indoor_hall_disgust_frame_7.jpg,13__walking_down_indoor_hall_disgust_frame_7,saved,2
train,real,13__walking_down_indoor_hall_disgust,13__walking_down_indoor_hall_disgust_frame_8.jpg,13__walking_down_indoor_hall_disgust_frame_8,saved,2
train,real,13__walking_down_indoor_hall_disgust,13__walking_down_indoor_hall_disgust_frame_9.jpg,13__walking_down_indoor_hall_disgust_frame_9,saved,2
train,real,13__walking_outside_cafe_disgusted,13__walking_outside_cafe_disgusted_frame_0.jpg,13__walking_outside_cafe_disgusted_frame_0,saved,1
train,real,13__walking_outside_cafe_disgusted,13__walking_outside_cafe_disgusted_frame_1.jpg,13__walking_outside_cafe_disgusted_frame_1,saved,1
train,real,13__walking_outside_cafe_disgusted,13__walking_outside_cafe_disgusted_frame_2.jpg,13__walking_outside_cafe_disgusted_frame_2,saved,1
train,real,13__walking_outside_cafe_disgusted,13__walking_outside_cafe_disgusted_frame_3.jpg,13__walking_outside_cafe_disgusted_frame_3,saved,1
train,real,13__walking_outside_cafe_disgusted,13__walking_outside_cafe_disgusted_frame_4.jpg,13__walking_outside_cafe_disgusted_frame_4,saved,1
train,real,13__walking_outside_cafe_disgusted,13__walking_outside_cafe_disgusted_frame_5.jpg,13__walking_outside_cafe_disgusted_frame_5,saved,1
train,real,13__walking_outside_cafe_disgusted,13__walking_outside_cafe_disgusted_frame_6.jpg,13__walking_outside_cafe_disgusted_frame_6,saved,1
train,real,13__walking_outside_cafe_disgusted,13__walking_outside_cafe_disgusted_frame_7.jpg,13__walking_outside_cafe_disgusted_frame_7,saved,1
train,real,13__walking_outside_cafe_disgusted,13__walking_outside_cafe_disgusted_frame_8.jpg,13__walking_outside_cafe_disgusted_frame_8,saved,1
train,real,13__walking_outside_cafe_disgusted,13__walking_outside_cafe_disgusted_frame_9.jpg,13__walking_outside_cafe_disgusted_frame_9,saved,1
train,real,14__exit_phone_room,14__exit_phone_room_frame_0.jpg,14__exit_phone_room_frame_0,saved,1
train,real,14__exit_phone_room,14__exit_phone_room_frame_1.jpg,14__exit_phone_room_frame_1,saved,1
train,real,14__exit_phone_room,14__exit_phone_room_frame_2.jpg,14__exit_phone_room_frame_2,saved,1
train,real,14__exit_phone_room,14__exit_phone_room_frame_3.jpg,14__exit_phone_room_frame_3,saved,1
train,real,14__exit_phone_room,14__exit_phone_room_frame_4.jpg,14__exit_phone_room_frame_4,saved,1
train,real,14__exit_phone_room,14__exit_phone_room_frame_5.jpg,14__exit_phone_room_frame_5,saved,1
train,real,14__exit_phone_room,14__exit_phone_room_frame_6.jpg,14__exit_phone_room_frame_6,saved,1
train,real,14__exit_phone_room,14__exit_phone_room_frame_7.jpg,14__exit_phone_room_frame_7,saved,1
train,real,14__exit_phone_room,14__exit_phone_room_frame_8.jpg,14__exit_phone_room_frame_8,saved,2
train,real,14__exit_phone_room,14__exit_phone_room_frame_9.jpg,14__exit_phone_room_frame_9,saved,1
train,real,14__hugging_happy,14__hugging_happy_frame_0.jpg,14__hugging_happy_frame_0,saved,1
train,real,14__hugging_happy,14__hugging_happy_frame_1.jpg,14__hugging_happy_frame_1,saved,1
train,real,14__hugging_happy,14__hugging_happy_frame_2.jpg,14__hugging_happy_frame_2,saved,1
train,real,14__hugging_happy,14__hugging_happy_frame_3.jpg,14__hugging_happy_frame_3,saved,2
train,real,14__hugging_happy,14__hugging_happy_frame_4.jpg,14__hugging_happy_frame_4,saved,2
train,real,14__hugging_happy,14__hugging_happy_frame_5.jpg,14__hugging_happy_frame_5,saved,1
train,real,14__hugging_happy,14__hugging_happy_frame_6.jpg,14__hugging_happy_frame_6,saved,2
train,real,14__hugging_happy,14__hugging_happy_frame_7.jpg,14__hugging_happy_frame_7,saved,2
train,real,14__hugging_happy,14__hugging_happy_frame_8.jpg,14__hugging_happy_frame_8,saved,1
train,real,14__hugging_happy,14__hugging_happy_frame_9.jpg,14__hugging_happy_frame_9,saved,2
train,real,14__kitchen_pan,14__kitchen_pan_frame_0.jpg,14__kitchen_pan_frame_0,no valid face metadata,0
train,real,14__kitchen_pan,14__kitchen_pan_frame_1.jpg,14__kitchen_pan_frame_1,saved,1
train,real,14__kitchen_pan,14__kitchen_pan_frame_2.jpg,14__kitchen_pan_frame_2,saved,1
train,real,14__kitchen_pan,14__kitchen_pan_frame_3.jpg,14__kitchen_pan_frame_3,saved,1
train,real,14__kitchen_pan,14__kitchen_pan_frame_4.jpg,14__kitchen_pan_frame_4,saved,1
train,real,14__kitchen_pan,14__kitchen_pan_frame_5.jpg,14__kitchen_pan_frame_5,saved,1
train,real,14__kitchen_pan,14__kitchen_pan_frame_6.jpg,14__kitchen_pan_frame_6,saved,1
train,real,14__kitchen_pan,14__kitchen_pan_frame_7.jpg,14__kitchen_pan_frame_7,saved,1
train,real,14__kitchen_pan,14__kitchen_pan_frame_8.jpg,14__kitchen_pan_frame_8,saved,1
train,real,14__kitchen_pan,14__kitchen_pan_frame_9.jpg,14__kitchen_pan_frame_9,no valid face metadata,0
train,real,14__outside_talking_pan_laughing,14__outside_talking_pan_laughing_frame_0.jpg,14__outside_talking_pan_laughing_frame_0,no valid face metadata,0
train,real,14__outside_talking_pan_laughing,14__outside_talking_pan_laughing_frame_1.jpg,14__outside_talking_pan_laughing_frame_1,saved,1
train,real,14__outside_talking_pan_laughing,14__outside_talking_pan_laughing_frame_2.jpg,14__outside_talking_pan_laughing_frame_2,saved,1
train,real,14__outside_talking_pan_laughing,14__outside_talking_pan_laughing_frame_3.jpg,14__outside_talking_pan_laughing_frame_3,saved,1
train,real,14__outside_talking_pan_laughing,14__outside_talking_pan_laughing_frame_4.jpg,14__outside_talking_pan_laughing_frame_4,saved,1
train,real,14__outside_talking_pan_laughing,14__outside_talking_pan_laughing_frame_5.jpg,14__outside_talking_pan_laughing_frame_5,saved,1
train,real,14__outside_talking_pan_laughing,14__outside_talking_pan_laughing_frame_6.jpg,14__outside_talking_pan_laughing_frame_6,saved,1
train,real,14__outside_talking_pan_laughing,14__outside_talking_pan_laughing_frame_7.jpg,14__outside_talking_pan_laughing_frame_7,saved,1
train,real,14__outside_talking_pan_laughing,14__outside_talking_pan_laughing_frame_8.jpg,14__outside_talking_pan_laughing_frame_8,saved,1
train,real,14__outside_talking_pan_laughing,14__outside_talking_pan_laughing_frame_9.jpg,14__outside_talking_pan_laughing_frame_9,no valid face metadata,0
train,real,14__outside_talking_still_laughing,14__outside_talking_still_laughing_frame_0.jpg,14__outside_talking_still_laughing_frame_0,saved,1
train,real,14__outside_talking_still_laughing,14__outside_talking_still_laughing_frame_1.jpg,14__outside_talking_still_laughing_frame_1,saved,1
train,real,14__outside_talking_still_laughing,14__outside_talking_still_laughing_frame_2.jpg,14__outside_talking_still_laughing_frame_2,saved,1
train,real,14__outside_talking_still_laughing,14__outside_talking_still_laughing_frame_3.jpg,14__outside_talking_still_laughing_frame_3,saved,1
train,real,14__outside_talking_still_laughing,14__outside_talking_still_laughing_frame_4.jpg,14__outside_talking_still_laughing_frame_4,saved,1
train,real,14__outside_talking_still_laughing,14__outside_talking_still_laughing_frame_5.jpg,14__outside_talking_still_laughing_frame_5,saved,1
train,real,14__outside_talking_still_laughing,14__outside_talking_still_laughing_frame_6.jpg,14__outside_talking_still_laughing_frame_6,saved,1
train,real,14__outside_talking_still_laughing,14__outside_talking_still_laughing_frame_7.jpg,14__outside_talking_still_laughing_frame_7,saved,1
train,real,14__outside_talking_still_laughing,14__outside_talking_still_laughing_frame_8.jpg,14__outside_talking_still_laughing_frame_8,saved,1
train,real,14__outside_talking_still_laughing,14__outside_talking_still_laughing_frame_9.jpg,14__outside_talking_still_laughing_frame_9,no valid face metadata,0
train,real,14__podium_speech_happy,14__podium_speech_happy_frame_0.jpg,14__podium_speech_happy_frame_0,saved,1
train,real,14__podium_speech_happy,14__podium_speech_happy_frame_1.jpg,14__podium_speech_happy_frame_1,saved,1
train,real,14__podium_speech_happy,14__podium_speech_happy_frame_2.jpg,14__podium_speech_happy_frame_2,saved,1
train,real,14__podium_speech_happy,14__podium_speech_happy_frame_3.jpg,14__podium_speech_happy_frame_3,saved,1
train,real,14__podium_speech_happy,14__podium_speech_happy_frame_4.jpg,14__podium_speech_happy_frame_4,saved,1
train,real,14__podium_speech_happy,14__podium_speech_happy_frame_5.jpg,14__podium_speech_happy_frame_5,saved,1
train,real,14__podium_speech_happy,14__podium_speech_happy_frame_6.jpg,14__podium_speech_happy_frame_6,saved,1
train,real,14__podium_speech_happy,14__podium_speech_happy_frame_7.jpg,14__podium_speech_happy_frame_7,saved,1
train,real,14__podium_speech_happy,14__podium_speech_happy_frame_8.jpg,14__podium_speech_happy_frame_8,saved,1
train,real,14__podium_speech_happy,14__podium_speech_happy_frame_9.jpg,14__podium_speech_happy_frame_9,saved,1
train,real,14__secret_conversation,14__secret_conversation_frame_0.jpg,14__secret_conversation_frame_0,saved,2
train,real,14__secret_conversation,14__secret_conversation_frame_1.jpg,14__secret_conversation_frame_1,saved,2
train,real,14__secret_conversation,14__secret_conversation_frame_2.jpg,14__secret_conversation_frame_2,saved,2
train,real,14__secret_conversation,14__secret_conversation_frame_3.jpg,14__secret_conversation_frame_3,saved,2
train,real,14__secret_conversation,14__secret_conversation_frame_4.jpg,14__secret_conversation_frame_4,saved,2
train,real,14__secret_conversation,14__secret_conversation_frame_5.jpg,14__secret_conversation_frame_5,saved,2
train,real,14__secret_conversation,14__secret_conversation_frame_6.jpg,14__secret_conversation_frame_6,saved,2
train,real,14__secret_conversation,14__secret_conversation_frame_7.jpg,14__secret_conversation_frame_7,saved,2
train,real,14__secret_conversation,14__secret_conversation_frame_8.jpg,14__secret_conversation_frame_8,saved,2
train,real,14__secret_conversation,14__secret_conversation_frame_9.jpg,14__secret_conversation_frame_9,saved,2
train,real,14__talking_against_wall,14__talking_against_wall_frame_0.jpg,14__talking_against_wall_frame_0,saved,1
train,real,14__talking_against_wall,14__talking_against_wall_frame_1.jpg,14__talking_against_wall_frame_1,saved,1
train,real,14__talking_against_wall,14__talking_against_wall_frame_2.jpg,14__talking_against_wall_frame_2,saved,1
train,real,14__talking_against_wall,14__talking_against_wall_frame_3.jpg,14__talking_against_wall_frame_3,saved,1
train,real,14__talking_against_wall,14__talking_against_wall_frame_4.jpg,14__talking_against_wall_frame_4,saved,1
train,real,14__talking_against_wall,14__talking_against_wall_frame_5.jpg,14__talking_against_wall_frame_5,saved,1
train,real,14__talking_against_wall,14__talking_against_wall_frame_6.jpg,14__talking_against_wall_frame_6,saved,1
train,real,14__talking_against_wall,14__talking_against_wall_frame_7.jpg,14__talking_against_wall_frame_7,saved,1
train,real,14__talking_against_wall,14__talking_against_wall_frame_8.jpg,14__talking_against_wall_frame_8,saved,1
train,real,14__talking_against_wall,14__talking_against_wall_frame_9.jpg,14__talking_against_wall_frame_9,saved,1
train,real,14__talking_angry_couch,14__talking_angry_couch_frame_0.jpg,14__talking_angry_couch_frame_0,saved,2
train,real,14__talking_angry_couch,14__talking_angry_couch_frame_1.jpg,14__talking_angry_couch_frame_1,saved,1
train,real,14__talking_angry_couch,14__talking_angry_couch_frame_2.jpg,14__talking_angry_couch_frame_2,saved,2
train,real,14__talking_angry_couch,14__talking_angry_couch_frame_3.jpg,14__talking_angry_couch_frame_3,saved,2
train,real,14__talking_angry_couch,14__talking_angry_couch_frame_4.jpg,14__talking_angry_couch_frame_4,saved,2
train,real,14__talking_angry_couch,14__talking_angry_couch_frame_5.jpg,14__talking_angry_couch_frame_5,saved,1
train,real,14__talking_angry_couch,14__talking_angry_couch_frame_6.jpg,14__talking_angry_couch_frame_6,saved,1
train,real,14__talking_angry_couch,14__talking_angry_couch_frame_7.jpg,14__talking_angry_couch_frame_7,saved,2
train,real,14__talking_angry_couch,14__talking_angry_couch_frame_8.jpg,14__talking_angry_couch_frame_8,saved,1
train,real,14__talking_angry_couch,14__talking_angry_couch_frame_9.jpg,14__talking_angry_couch_frame_9,saved,1
train,real,14__walk_down_hall_angry,14__walk_down_hall_angry_frame_0.jpg,14__walk_down_hall_angry_frame_0,no valid face metadata,0
train,real,14__walk_down_hall_angry,14__walk_down_hall_angry_frame_1.jpg,14__walk_down_hall_angry_frame_1,saved,1
train,real,14__walk_down_hall_angry,14__walk_down_hall_angry_frame_2.jpg,14__walk_down_hall_angry_frame_2,saved,1
train,real,14__walk_down_hall_angry,14__walk_down_hall_angry_frame_3.jpg,14__walk_down_hall_angry_frame_3,saved,1
train,real,14__walk_down_hall_angry,14__walk_down_hall_angry_frame_4.jpg,14__walk_down_hall_angry_frame_4,saved,1
train,real,14__walk_down_hall_angry,14__walk_down_hall_angry_frame_5.jpg,14__walk_down_hall_angry_frame_5,saved,1
train,real,14__walk_down_hall_angry,14__walk_down_hall_angry_frame_6.jpg,14__walk_down_hall_angry_frame_6,saved,1
train,real,14__walk_down_hall_angry,14__walk_down_hall_angry_frame_7.jpg,14__walk_down_hall_angry_frame_7,saved,1
train,real,14__walk_down_hall_angry,14__walk_down_hall_angry_frame_8.jpg,14__walk_down_hall_angry_frame_8,saved,1
train,real,14__walk_down_hall_angry,14__walk_down_hall_angry_frame_9.jpg,14__walk_down_hall_angry_frame_9,saved,1
train,real,14__walking_down_street_outside_angry,14__walking_down_street_outside_angry_frame_0.jpg,14__walking_down_street_outside_angry_frame_0,saved,1
train,real,14__walking_down_street_outside_angry,14__walking_down_street_outside_angry_frame_1.jpg,14__walking_down_street_outside_angry_frame_1,saved,1
train,real,14__walking_down_street_outside_angry,14__walking_down_street_outside_angry_frame_2.jpg,14__walking_down_street_outside_angry_frame_2,saved,1
train,real,14__walking_down_street_outside_angry,14__walking_down_street_outside_angry_frame_3.jpg,14__walking_down_street_outside_angry_frame_3,saved,1
train,real,14__walking_down_street_outside_angry,14__walking_down_street_outside_angry_frame_4.jpg,14__walking_down_street_outside_angry_frame_4,saved,1
train,real,14__walking_down_street_outside_angry,14__walking_down_street_outside_angry_frame_5.jpg,14__walking_down_street_outside_angry_frame_5,saved,1
train,real,14__walking_down_street_outside_angry,14__walking_down_street_outside_angry_frame_6.jpg,14__walking_down_street_outside_angry_frame_6,saved,1
train,real,14__walking_down_street_outside_angry,14__walking_down_street_outside_angry_frame_7.jpg,14__walking_down_street_outside_angry_frame_7,saved,1
train,real,14__walking_down_street_outside_angry,14__walking_down_street_outside_angry_frame_8.jpg,14__walking_down_street_outside_angry_frame_8,saved,1
train,real,14__walking_down_street_outside_angry,14__walking_down_street_outside_angry_frame_9.jpg,14__walking_down_street_outside_angry_frame_9,saved,1
train,real,14__walking_outside_cafe_disgusted,14__walking_outside_cafe_disgusted_frame_0.jpg,14__walking_outside_cafe_disgusted_frame_0,saved,1
train,real,14__walking_outside_cafe_disgusted,14__walking_outside_cafe_disgusted_frame_1.jpg,14__walking_outside_cafe_disgusted_frame_1,saved,1
train,real,14__walking_outside_cafe_disgusted,14__walking_outside_cafe_disgusted_frame_2.jpg,14__walking_outside_cafe_disgusted_frame_2,saved,1
train,real,14__walking_outside_cafe_disgusted,14__walking_outside_cafe_disgusted_frame_3.jpg,14__walking_outside_cafe_disgusted_frame_3,saved,1
train,real,14__walking_outside_cafe_disgusted,14__walking_outside_cafe_disgusted_frame_4.jpg,14__walking_outside_cafe_disgusted_frame_4,saved,1
train,real,14__walking_outside_cafe_disgusted,14__walking_outside_cafe_disgusted_frame_5.jpg,14__walking_outside_cafe_disgusted_frame_5,saved,1
train,real,14__walking_outside_cafe_disgusted,14__walking_outside_cafe_disgusted_frame_6.jpg,14__walking_outside_cafe_disgusted_frame_6,saved,1
train,real,14__walking_outside_cafe_disgusted,14__walking_outside_cafe_disgusted_frame_7.jpg,14__walking_outside_cafe_disgusted_frame_7,saved,1
train,real,14__walking_outside_cafe_disgusted,14__walking_outside_cafe_disgusted_frame_8.jpg,14__walking_outside_cafe_disgusted_frame_8,saved,1
train,real,14__walking_outside_cafe_disgusted,14__walking_outside_cafe_disgusted_frame_9.jpg,14__walking_outside_cafe_disgusted_frame_9,saved,1
train,real,15__hugging_happy,15__hugging_happy_frame_0.jpg,15__hugging_happy_frame_0,saved,1
train,real,15__hugging_happy,15__hugging_happy_frame_1.jpg,15__hugging_happy_frame_1,saved,2
train,real,15__hugging_happy,15__hugging_happy_frame_2.jpg,15__hugging_happy_frame_2,saved,2
train,real,15__hugging_happy,15__hugging_happy_frame_3.jpg,15__hugging_happy_frame_3,saved,1
train,real,15__hugging_happy,15__hugging_happy_frame_4.jpg,15__hugging_happy_frame_4,saved,1
train,real,15__hugging_happy,15__hugging_happy_frame_5.jpg,15__hugging_happy_frame_5,saved,2
train,real,15__hugging_happy,15__hugging_happy_frame_6.jpg,15__hugging_happy_frame_6,saved,2
train,real,15__hugging_happy,15__hugging_happy_frame_7.jpg,15__hugging_happy_frame_7,saved,2
train,real,15__hugging_happy,15__hugging_happy_frame_8.jpg,15__hugging_happy_frame_8,saved,1
train,real,15__hugging_happy,15__hugging_happy_frame_9.jpg,15__hugging_happy_frame_9,saved,2
train,real,15__kitchen_pan,15__kitchen_pan_frame_0.jpg,15__kitchen_pan_frame_0,no valid face metadata,0
train,real,15__kitchen_pan,15__kitchen_pan_frame_1.jpg,15__kitchen_pan_frame_1,saved,1
train,real,15__kitchen_pan,15__kitchen_pan_frame_2.jpg,15__kitchen_pan_frame_2,saved,1
train,real,15__kitchen_pan,15__kitchen_pan_frame_3.jpg,15__kitchen_pan_frame_3,saved,1
train,real,15__kitchen_pan,15__kitchen_pan_frame_4.jpg,15__kitchen_pan_frame_4,saved,1
train,real,15__kitchen_pan,15__kitchen_pan_frame_5.jpg,15__kitchen_pan_frame_5,saved,1
train,real,15__kitchen_pan,15__kitchen_pan_frame_6.jpg,15__kitchen_pan_frame_6,saved,1
train,real,15__kitchen_pan,15__kitchen_pan_frame_7.jpg,15__kitchen_pan_frame_7,saved,1
train,real,15__kitchen_pan,15__kitchen_pan_frame_8.jpg,15__kitchen_pan_frame_8,saved,1
train,real,15__kitchen_pan,15__kitchen_pan_frame_9.jpg,15__kitchen_pan_frame_9,no valid face metadata,0
train,real,15__talking_against_wall,15__talking_against_wall_frame_0.jpg,15__talking_against_wall_frame_0,saved,1
train,real,15__talking_against_wall,15__talking_against_wall_frame_1.jpg,15__talking_against_wall_frame_1,saved,1
train,real,15__talking_against_wall,15__talking_against_wall_frame_2.jpg,15__talking_against_wall_frame_2,saved,1
train,real,15__talking_against_wall,15__talking_against_wall_frame_3.jpg,15__talking_against_wall_frame_3,saved,1
train,real,15__talking_against_wall,15__talking_against_wall_frame_4.jpg,15__talking_against_wall_frame_4,saved,1
train,real,15__talking_against_wall,15__talking_against_wall_frame_5.jpg,15__talking_against_wall_frame_5,saved,1
train,real,15__talking_against_wall,15__talking_against_wall_frame_6.jpg,15__talking_against_wall_frame_6,saved,1
train,real,15__talking_against_wall,15__talking_against_wall_frame_7.jpg,15__talking_against_wall_frame_7,saved,1
train,real,15__talking_against_wall,15__talking_against_wall_frame_8.jpg,15__talking_against_wall_frame_8,saved,1
train,real,15__talking_against_wall,15__talking_against_wall_frame_9.jpg,15__talking_against_wall_frame_9,saved,1
train,real,15__talking_angry_couch,15__talking_angry_couch_frame_0.jpg,15__talking_angry_couch_frame_0,saved,1
train,real,15__talking_angry_couch,15__talking_angry_couch_frame_1.jpg,15__talking_angry_couch_frame_1,saved,1
train,real,15__talking_angry_couch,15__talking_angry_couch_frame_2.jpg,15__talking_angry_couch_frame_2,saved,1
train,real,15__talking_angry_couch,15__talking_angry_couch_frame_3.jpg,15__talking_angry_couch_frame_3,saved,1
train,real,15__talking_angry_couch,15__talking_angry_couch_frame_4.jpg,15__talking_angry_couch_frame_4,saved,1
train,real,15__talking_angry_couch,15__talking_angry_couch_frame_5.jpg,15__talking_angry_couch_frame_5,saved,1
train,real,15__talking_angry_couch,15__talking_angry_couch_frame_6.jpg,15__talking_angry_couch_frame_6,saved,1
train,real,15__talking_angry_couch,15__talking_angry_couch_frame_7.jpg,15__talking_angry_couch_frame_7,saved,1
train,real,15__talking_angry_couch,15__talking_angry_couch_frame_8.jpg,15__talking_angry_couch_frame_8,saved,1
train,real,15__talking_angry_couch,15__talking_angry_couch_frame_9.jpg,15__talking_angry_couch_frame_9,saved,1
train,real,15__walk_down_hall_angry,15__walk_down_hall_angry_frame_0.jpg,15__walk_down_hall_angry_frame_0,no valid face metadata,0
train,real,15__walk_down_hall_angry,15__walk_down_hall_angry_frame_1.jpg,15__walk_down_hall_angry_frame_1,saved,1
train,real,15__walk_down_hall_angry,15__walk_down_hall_angry_frame_2.jpg,15__walk_down_hall_angry_frame_2,saved,1
train,real,15__walk_down_hall_angry,15__walk_down_hall_angry_frame_3.jpg,15__walk_down_hall_angry_frame_3,saved,1
train,real,15__walk_down_hall_angry,15__walk_down_hall_angry_frame_4.jpg,15__walk_down_hall_angry_frame_4,saved,1
train,real,15__walk_down_hall_angry,15__walk_down_hall_angry_frame_5.jpg,15__walk_down_hall_angry_frame_5,saved,1
train,real,15__walk_down_hall_angry,15__walk_down_hall_angry_frame_6.jpg,15__walk_down_hall_angry_frame_6,saved,1
train,real,15__walk_down_hall_angry,15__walk_down_hall_angry_frame_7.jpg,15__walk_down_hall_angry_frame_7,saved,1
train,real,15__walk_down_hall_angry,15__walk_down_hall_angry_frame_8.jpg,15__walk_down_hall_angry_frame_8,saved,1
train,real,15__walk_down_hall_angry,15__walk_down_hall_angry_frame_9.jpg,15__walk_down_hall_angry_frame_9,saved,1
train,real,15__walking_and_outside_surprised,15__walking_and_outside_surprised_frame_0.jpg,15__walking_and_outside_surprised_frame_0,saved,2
train,real,15__walking_and_outside_surprised,15__walking_and_outside_surprised_frame_1.jpg,15__walking_and_outside_surprised_frame_1,saved,2
train,real,15__walking_and_outside_surprised,15__walking_and_outside_surprised_frame_2.jpg,15__walking_and_outside_surprised_frame_2,saved,2
train,real,15__walking_and_outside_surprised,15__walking_and_outside_surprised_frame_3.jpg,15__walking_and_outside_surprised_frame_3,saved,2
train,real,15__walking_and_outside_surprised,15__walking_and_outside_surprised_frame_4.jpg,15__walking_and_outside_surprised_frame_4,saved,2
train,real,15__walking_and_outside_surprised,15__walking_and_outside_surprised_frame_5.jpg,15__walking_and_outside_surprised_frame_5,saved,2
train,real,15__walking_and_outside_surprised,15__walking_and_outside_surprised_frame_6.jpg,15__walking_and_outside_surprised_frame_6,saved,2
train,real,15__walking_and_outside_surprised,15__walking_and_outside_surprised_frame_7.jpg,15__walking_and_outside_surprised_frame_7,saved,2
train,real,15__walking_and_outside_surprised,15__walking_and_outside_surprised_frame_8.jpg,15__walking_and_outside_surprised_frame_8,saved,2
train,real,15__walking_and_outside_surprised,15__walking_and_outside_surprised_frame_9.jpg,15__walking_and_outside_surprised_frame_9,saved,3
train,real,15__walking_down_indoor_hall_disgust,15__walking_down_indoor_hall_disgust_frame_0.jpg,15__walking_down_indoor_hall_disgust_frame_0,saved,2
train,real,15__walking_down_indoor_hall_disgust,15__walking_down_indoor_hall_disgust_frame_1.jpg,15__walking_down_indoor_hall_disgust_frame_1,saved,2
train,real,15__walking_down_indoor_hall_disgust,15__walking_down_indoor_hall_disgust_frame_2.jpg,15__walking_down_indoor_hall_disgust_frame_2,saved,2
train,real,15__walking_down_indoor_hall_disgust,15__walking_down_indoor_hall_disgust_frame_3.jpg,15__walking_down_indoor_hall_disgust_frame_3,saved,2
train,real,15__walking_down_indoor_hall_disgust,15__walking_down_indoor_hall_disgust_frame_4.jpg,15__walking_down_indoor_hall_disgust_frame_4,saved,2
train,real,15__walking_down_indoor_hall_disgust,15__walking_down_indoor_hall_disgust_frame_5.jpg,15__walking_down_indoor_hall_disgust_frame_5,saved,2
train,real,15__walking_down_indoor_hall_disgust,15__walking_down_indoor_hall_disgust_frame_6.jpg,15__walking_down_indoor_hall_disgust_frame_6,saved,2
train,real,15__walking_down_indoor_hall_disgust,15__walking_down_indoor_hall_disgust_frame_7.jpg,15__walking_down_indoor_hall_disgust_frame_7,saved,2
train,real,15__walking_down_indoor_hall_disgust,15__walking_down_indoor_hall_disgust_frame_8.jpg,15__walking_down_indoor_hall_disgust_frame_8,saved,2
train,real,15__walking_down_indoor_hall_disgust,15__walking_down_indoor_hall_disgust_frame_9.jpg,15__walking_down_indoor_hall_disgust_frame_9,saved,2
train,real,15__walking_outside_cafe_disgusted,15__walking_outside_cafe_disgusted_frame_0.jpg,15__walking_outside_cafe_disgusted_frame_0,saved,1
train,real,15__walking_outside_cafe_disgusted,15__walking_outside_cafe_disgusted_frame_1.jpg,15__walking_outside_cafe_disgusted_frame_1,saved,1
train,real,15__walking_outside_cafe_disgusted,15__walking_outside_cafe_disgusted_frame_2.jpg,15__walking_outside_cafe_disgusted_frame_2,saved,1
train,real,15__walking_outside_cafe_disgusted,15__walking_outside_cafe_disgusted_frame_3.jpg,15__walking_outside_cafe_disgusted_frame_3,saved,1
train,real,15__walking_outside_cafe_disgusted,15__walking_outside_cafe_disgusted_frame_4.jpg,15__walking_outside_cafe_disgusted_frame_4,saved,1
train,real,15__walking_outside_cafe_disgusted,15__walking_outside_cafe_disgusted_frame_5.jpg,15__walking_outside_cafe_disgusted_frame_5,saved,3
train,real,15__walking_outside_cafe_disgusted,15__walking_outside_cafe_disgusted_frame_6.jpg,15__walking_outside_cafe_disgusted_frame_6,saved,1
train,real,15__walking_outside_cafe_disgusted,15__walking_outside_cafe_disgusted_frame_7.jpg,15__walking_outside_cafe_disgusted_frame_7,saved,1
train,real,15__walking_outside_cafe_disgusted,15__walking_outside_cafe_disgusted_frame_8.jpg,15__walking_outside_cafe_disgusted_frame_8,saved,1
train,real,15__walking_outside_cafe_disgusted,15__walking_outside_cafe_disgusted_frame_9.jpg,15__walking_outside_cafe_disgusted_frame_9,saved,1
train,real,16__exit_phone_room,16__exit_phone_room_frame_0.jpg,16__exit_phone_room_frame_0,saved,1
train,real,16__exit_phone_room,16__exit_phone_room_frame_1.jpg,16__exit_phone_room_frame_1,saved,1
train,real,16__exit_phone_room,16__exit_phone_room_frame_2.jpg,16__exit_phone_room_frame_2,saved,1
train,real,16__exit_phone_room,16__exit_phone_room_frame_3.jpg,16__exit_phone_room_frame_3,saved,1
train,real,16__exit_phone_room,16__exit_phone_room_frame_4.jpg,16__exit_phone_room_frame_4,saved,1
train,real,16__exit_phone_room,16__exit_phone_room_frame_5.jpg,16__exit_phone_room_frame_5,saved,1
train,real,16__exit_phone_room,16__exit_phone_room_frame_6.jpg,16__exit_phone_room_frame_6,saved,1
train,real,16__exit_phone_room,16__exit_phone_room_frame_7.jpg,16__exit_phone_room_frame_7,saved,1
train,real,16__exit_phone_room,16__exit_phone_room_frame_8.jpg,16__exit_phone_room_frame_8,saved,1
train,real,16__exit_phone_room,16__exit_phone_room_frame_9.jpg,16__exit_phone_room_frame_9,saved,1
val,real,01__hugging_happy,01__hugging_happy_frame_0.jpg,01__hugging_happy_frame_0,saved,1
val,real,01__hugging_happy,01__hugging_happy_frame_1.jpg,01__hugging_happy_frame_1,saved,1
val,real,01__hugging_happy,01__hugging_happy_frame_2.jpg,01__hugging_happy_frame_2,saved,1
val,real,01__hugging_happy,01__hugging_happy_frame_3.jpg,01__hugging_happy_frame_3,saved,1
val,real,01__hugging_happy,01__hugging_happy_frame_4.jpg,01__hugging_happy_frame_4,saved,1
val,real,01__hugging_happy,01__hugging_happy_frame_5.jpg,01__hugging_happy_frame_5,saved,1
val,real,01__hugging_happy,01__hugging_happy_frame_6.jpg,01__hugging_happy_frame_6,saved,1
val,real,01__hugging_happy,01__hugging_happy_frame_7.jpg,01__hugging_happy_frame_7,saved,2
val,real,01__hugging_happy,01__hugging_happy_frame_8.jpg,01__hugging_happy_frame_8,saved,1
val,real,01__hugging_happy,01__hugging_happy_frame_9.jpg,01__hugging_happy_frame_9,saved,1
val,real,01__walk_down_hall_angry,01__walk_down_hall_angry_frame_0.jpg,01__walk_down_hall_angry_frame_0,saved,1
val,real,01__walk_down_hall_angry,01__walk_down_hall_angry_frame_1.jpg,01__walk_down_hall_angry_frame_1,saved,1
val,real,01__walk_down_hall_angry,01__walk_down_hall_angry_frame_2.jpg,01__walk_down_hall_angry_frame_2,saved,2
val,real,01__walk_down_hall_angry,01__walk_down_hall_angry_frame_3.jpg,01__walk_down_hall_angry_frame_3,saved,1
val,real,01__walk_down_hall_angry,01__walk_down_hall_angry_frame_4.jpg,01__walk_down_hall_angry_frame_4,saved,2
val,real,01__walk_down_hall_angry,01__walk_down_hall_angry_frame_5.jpg,01__walk_down_hall_angry_frame_5,saved,2
val,real,01__walk_down_hall_angry,01__walk_down_hall_angry_frame_6.jpg,01__walk_down_hall_angry_frame_6,saved,1
val,real,01__walk_down_hall_angry,01__walk_down_hall_angry_frame_7.jpg,01__walk_down_hall_angry_frame_7,saved,1
val,real,01__walk_down_hall_angry,01__walk_down_hall_angry_frame_8.jpg,01__walk_down_hall_angry_frame_8,saved,1
val,real,01__walk_down_hall_angry,01__walk_down_hall_angry_frame_9.jpg,01__walk_down_hall_angry_frame_9,saved,1
val,real,02__hugging_happy,02__hugging_happy_frame_0.jpg,02__hugging_happy_frame_0,saved,1
val,real,02__hugging_happy,02__hugging_happy_frame_1.jpg,02__hugging_happy_frame_1,saved,1
val,real,02__hugging_happy,02__hugging_happy_frame_2.jpg,02__hugging_happy_frame_2,saved,1
val,real,02__hugging_happy,02__hugging_happy_frame_3.jpg,02__hugging_happy_frame_3,saved,1
val,real,02__hugging_happy,02__hugging_happy_frame_4.jpg,02__hugging_happy_frame_4,saved,2
val,real,02__hugging_happy,02__hugging_happy_frame_5.jpg,02__hugging_happy_frame_5,saved,1
val,real,02__hugging_happy,02__hugging_happy_frame_6.jpg,02__hugging_happy_frame_6,saved,1
val,real,02__hugging_happy,02__hugging_happy_frame_7.jpg,02__hugging_happy_frame_7,saved,1
val,real,02__hugging_happy,02__hugging_happy_frame_8.jpg,02__hugging_happy_frame_8,saved,1
val,real,02__hugging_happy,02__hugging_happy_frame_9.jpg,02__hugging_happy_frame_9,saved,1
val,real,02__meeting_serious,02__meeting_serious_frame_0.jpg,02__meeting_serious_frame_0,saved,4
val,real,02__meeting_serious,02__meeting_serious_frame_1.jpg,02__meeting_serious_frame_1,saved,4
val,real,02__meeting_serious,02__meeting_serious_frame_2.jpg,02__meeting_serious_frame_2,saved,5
val,real,02__meeting_serious,02__meeting_serious_frame_3.jpg,02__meeting_serious_frame_3,saved,4
val,real,02__meeting_serious,02__meeting_serious_frame_4.jpg,02__meeting_serious_frame_4,saved,4
val,real,02__meeting_serious,02__meeting_serious_frame_5.jpg,02__meeting_serious_frame_5,saved,4
val,real,02__meeting_serious,02__meeting_serious_frame_6.jpg,02__meeting_serious_frame_6,saved,4
val,real,02__meeting_serious,02__meeting_serious_frame_7.jpg,02__meeting_serious_frame_7,saved,4
val,real,02__meeting_serious,02__meeting_serious_frame_8.jpg,02__meeting_serious_frame_8,saved,4
val,real,02__meeting_serious,02__meeting_serious_frame_9.jpg,02__meeting_serious_frame_9,saved,5
val,real,02__secret_conversation,02__secret_conversation_frame_0.jpg,02__secret_conversation_frame_0,saved,2
val,real,02__secret_conversation,02__secret_conversation_frame_1.jpg,02__secret_conversation_frame_1,saved,2
val,real,02__secret_conversation,02__secret_conversation_frame_2.jpg,02__secret_conversation_frame_2,saved,2
val,real,02__secret_conversation,02__secret_conversation_frame_3.jpg,02__secret_conversation_frame_3,saved,2
val,real,02__secret_conversation,02__secret_conversation_frame_4.jpg,02__secret_conversation_frame_4,saved,2
val,real,02__secret_conversation,02__secret_conversation_frame_5.jpg,02__secret_conversation_frame_5,saved,2
val,real,02__secret_conversation,02__secret_conversation_frame_6.jpg,02__secret_conversation_frame_6,saved,2
val,real,02__secret_conversation,02__secret_conversation_frame_7.jpg,02__secret_conversation_frame_7,saved,2
val,real,02__secret_conversation,02__secret_conversation_frame_8.jpg,02__secret_conversation_frame_8,saved,2
val,real,02__secret_conversation,02__secret_conversation_frame_9.jpg,02__secret_conversation_frame_9,saved,2
val,real,02__walking_outside_cafe_disgusted,02__walking_outside_cafe_disgusted_frame_0.jpg,02__walking_outside_cafe_disgusted_frame_0,no valid face metadata,0
val,real,02__walking_outside_cafe_disgusted,02__walking_outside_cafe_disgusted_frame_1.jpg,02__walking_outside_cafe_disgusted_frame_1,saved,1
val,real,02__walking_outside_cafe_disgusted,02__walking_outside_cafe_disgusted_frame_2.jpg,02__walking_outside_cafe_disgusted_frame_2,saved,1
val,real,02__walking_outside_cafe_disgusted,02__walking_outside_cafe_disgusted_frame_3.jpg,02__walking_outside_cafe_disgusted_frame_3,saved,1
val,real,02__walking_outside_cafe_disgusted,02__walking_outside_cafe_disgusted_frame_4.jpg,02__walking_outside_cafe_disgusted_frame_4,saved,1
val,real,02__walking_outside_cafe_disgusted,02__walking_outside_cafe_disgusted_frame_5.jpg,02__walking_outside_cafe_disgusted_frame_5,saved,1
val,real,02__walking_outside_cafe_disgusted,02__walking_outside_cafe_disgusted_frame_6.jpg,02__walking_outside_cafe_disgusted_frame_6,saved,1
val,real,02__walking_outside_cafe_disgusted,02__walking_outside_cafe_disgusted_frame_7.jpg,02__walking_outside_cafe_disgusted_frame_7,saved,1
val,real,02__walking_outside_cafe_disgusted,02__walking_outside_cafe_disgusted_frame_8.jpg,02__walking_outside_cafe_disgusted_frame_8,saved,1
val,real,02__walking_outside_cafe_disgusted,02__walking_outside_cafe_disgusted_frame_9.jpg,02__walking_outside_cafe_disgusted_frame_9,saved,1
val,real,03__podium_speech_happy,03__podium_speech_happy_frame_0.jpg,03__podium_speech_happy_frame_0,saved,1
val,real,03__podium_speech_happy,03__podium_speech_happy_frame_1.jpg,03__podium_speech_happy_frame_1,saved,1
val,real,03__podium_speech_happy,03__podium_speech_happy_frame_2.jpg,03__podium_speech_happy_frame_2,saved,1
val,real,03__podium_speech_happy,03__podium_speech_happy_frame_3.jpg,03__podium_speech_happy_frame_3,saved,1
val,real,03__podium_speech_happy,03__podium_speech_happy_frame_4.jpg,03__podium_speech_happy_frame_4,saved,1
val,real,03__podium_speech_happy,03__podium_speech_happy_frame_5.jpg,03__podium_speech_happy_frame_5,saved,1
val,real,03__podium_speech_happy,03__podium_speech_happy_frame_6.jpg,03__podium_speech_happy_frame_6,saved,1
val,real,03__podium_speech_happy,03__podium_speech_happy_frame_7.jpg,03__podium_speech_happy_frame_7,saved,1
val,real,03__podium_speech_happy,03__podium_speech_happy_frame_8.jpg,03__podium_speech_happy_frame_8,saved,1
val,real,03__podium_speech_happy,03__podium_speech_happy_frame_9.jpg,03__podium_speech_happy_frame_9,saved,1
val,real,03__secret_conversation,03__secret_conversation_frame_0.jpg,03__secret_conversation_frame_0,saved,2
val,real,03__secret_conversation,03__secret_conversation_frame_1.jpg,03__secret_conversation_frame_1,saved,2
val,real,03__secret_conversation,03__secret_conversation_frame_2.jpg,03__secret_conversation_frame_2,saved,2
val,real,03__secret_conversation,03__secret_conversation_frame_3.jpg,03__secret_conversation_frame_3,saved,2
val,real,03__secret_conversation,03__secret_conversation_frame_4.jpg,03__secret_conversation_frame_4,saved,2
val,real,03__secret_conversation,03__secret_conversation_frame_5.jpg,03__secret_conversation_frame_5,saved,2
val,real,03__secret_conversation,03__secret_conversation_frame_6.jpg,03__secret_conversation_frame_6,saved,2
val,real,03__secret_conversation,03__secret_conversation_frame_7.jpg,03__secret_conversation_frame_7,saved,2
val,real,03__secret_conversation,03__secret_conversation_frame_8.jpg,03__secret_conversation_frame_8,saved,2
val,real,03__secret_conversation,03__secret_conversation_frame_9.jpg,03__secret_conversation_frame_9,saved,2
val,real,04__kitchen_pan,04__kitchen_pan_frame_0.jpg,04__kitchen_pan_frame_0,no valid face metadata,0
val,real,04__kitchen_pan,04__kitchen_pan_frame_1.jpg,04__kitchen_pan_frame_1,saved,1
val,real,04__kitchen_pan,04__kitchen_pan_frame_2.jpg,04__kitchen_pan_frame_2,saved,1
val,real,04__kitchen_pan,04__kitchen_pan_frame_3.jpg,04__kitchen_pan_frame_3,saved,1
val,real,04__kitchen_pan,04__kitchen_pan_frame_4.jpg,04__kitchen_pan_frame_4,saved,1
val,real,04__kitchen_pan,04__kitchen_pan_frame_5.jpg,04__kitchen_pan_frame_5,saved,1
val,real,04__kitchen_pan,04__kitchen_pan_frame_6.jpg,04__kitchen_pan_frame_6,saved,1
val,real,04__kitchen_pan,04__kitchen_pan_frame_7.jpg,04__kitchen_pan_frame_7,saved,1
val,real,04__kitchen_pan,04__kitchen_pan_frame_8.jpg,04__kitchen_pan_frame_8,saved,1
val,real,04__kitchen_pan,04__kitchen_pan_frame_9.jpg,04__kitchen_pan_frame_9,no valid face metadata,0
val,real,04__walking_down_street_outside_angry,04__walking_down_street_outside_angry_frame_0.jpg,04__walking_down_street_outside_angry_frame_0,saved,1
val,real,04__walking_down_street_outside_angry,04__walking_down_street_outside_angry_frame_1.jpg,04__walking_down_street_outside_angry_frame_1,saved,1
val,real,04__walking_down_street_outside_angry,04__walking_down_street_outside_angry_frame_2.jpg,04__walking_down_street_outside_angry_frame_2,saved,1
val,real,04__walking_down_street_outside_angry,04__walking_down_street_outside_angry_frame_3.jpg,04__walking_down_street_outside_angry_frame_3,saved,1
val,real,04__walking_down_street_outside_angry,04__walking_down_street_outside_angry_frame_4.jpg,04__walking_down_street_outside_angry_frame_4,saved,1
val,real,04__walking_down_street_outside_angry,04__walking_down_street_outside_angry_frame_5.jpg,04__walking_down_street_outside_angry_frame_5,saved,1
val,real,04__walking_down_street_outside_angry,04__walking_down_street_outside_angry_frame_6.jpg,04__walking_down_street_outside_angry_frame_6,saved,1
val,real,04__walking_down_street_outside_angry,04__walking_down_street_outside_angry_frame_7.jpg,04__walking_down_street_outside_angry_frame_7,saved,1
val,real,04__walking_down_street_outside_angry,04__walking_down_street_outside_angry_frame_8.jpg,04__walking_down_street_outside_angry_frame_8,saved,1
val,real,04__walking_down_street_outside_angry,04__walking_down_street_outside_angry_frame_9.jpg,04__walking_down_street_outside_angry_frame_9,no valid face metadata,0
val,real,05__talking_against_wall,05__talking_against_wall_frame_0.jpg,05__talking_against_wall_frame_0,saved,1
val,real,05__talking_against_wall,05__talking_against_wall_frame_1.jpg,05__talking_against_wall_frame_1,saved,1
val,real,05__talking_against_wall,05__talking_against_wall_frame_2.jpg,05__talking_against_wall_frame_2,saved,1
val,real,05__talking_against_wall,05__talking_against_wall_frame_3.jpg,05__talking_against_wall_frame_3,saved,1
val,real,05__talking_against_wall,05__talking_against_wall_frame_4.jpg,05__talking_against_wall_frame_4,saved,1
val,real,05__talking_against_wall,05__talking_against_wall_frame_5.jpg,05__talking_against_wall_frame_5,saved,1
val,real,05__talking_against_wall,05__talking_against_wall_frame_6.jpg,05__talking_against_wall_frame_6,saved,1
val,real,05__talking_against_wall,05__talking_against_wall_frame_7.jpg,05__talking_against_wall_frame_7,saved,1
val,real,05__talking_against_wall,05__talking_against_wall_frame_8.jpg,05__talking_against_wall_frame_8,saved,1
val,real,05__talking_against_wall,05__talking_against_wall_frame_9.jpg,05__talking_against_wall_frame_9,saved,1
val,real,06__exit_phone_room,06__exit_phone_room_frame_0.jpg,06__exit_phone_room_frame_0,saved,1
val,real,06__exit_phone_room,06__exit_phone_room_frame_1.jpg,06__exit_phone_room_frame_1,saved,1
val,real,06__exit_phone_room,06__exit_phone_room_frame_2.jpg,06__exit_phone_room_frame_2,saved,1
val,real,06__exit_phone_room,06__exit_phone_room_frame_3.jpg,06__exit_phone_room_frame_3,saved,1
val,real,06__exit_phone_room,06__exit_phone_room_frame_4.jpg,06__exit_phone_room_frame_4,saved,1
val,real,06__exit_phone_room,06__exit_phone_room_frame_5.jpg,06__exit_phone_room_frame_5,saved,1
val,real,06__exit_phone_room,06__exit_phone_room_frame_6.jpg,06__exit_phone_room_frame_6,saved,1
val,real,06__exit_phone_room,06__exit_phone_room_frame_7.jpg,06__exit_phone_room_frame_7,saved,1
val,real,06__exit_phone_room,06__exit_phone_room_frame_8.jpg,06__exit_phone_room_frame_8,saved,1
val,real,06__exit_phone_room,06__exit_phone_room_frame_9.jpg,06__exit_phone_room_frame_9,saved,1
val,real,06__outside_talking_pan_laughing,06__outside_talking_pan_laughing_frame_0.jpg,06__outside_talking_pan_laughing_frame_0,no valid face metadata,0
val,real,06__outside_talking_pan_laughing,06__outside_talking_pan_laughing_frame_1.jpg,06__outside_talking_pan_laughing_frame_1,saved,1
val,real,06__outside_talking_pan_laughing,06__outside_talking_pan_laughing_frame_2.jpg,06__outside_talking_pan_laughing_frame_2,saved,1
val,real,06__outside_talking_pan_laughing,06__outside_talking_pan_laughing_frame_3.jpg,06__outside_talking_pan_laughing_frame_3,saved,1
val,real,06__outside_talking_pan_laughing,06__outside_talking_pan_laughing_frame_4.jpg,06__outside_talking_pan_laughing_frame_4,saved,1
val,real,06__outside_talking_pan_laughing,06__outside_talking_pan_laughing_frame_5.jpg,06__outside_talking_pan_laughing_frame_5,saved,1
val,real,06__outside_talking_pan_laughing,06__outside_talking_pan_laughing_frame_6.jpg,06__outside_talking_pan_laughing_frame_6,saved,1
val,real,06__outside_talking_pan_laughing,06__outside_talking_pan_laughing_frame_7.jpg,06__outside_talking_pan_laughing_frame_7,saved,1
val,real,06__outside_talking_pan_laughing,06__outside_talking_pan_laughing_frame_8.jpg,06__outside_talking_pan_laughing_frame_8,saved,1
val,real,06__outside_talking_pan_laughing,06__outside_talking_pan_laughing_frame_9.jpg,06__outside_talking_pan_laughing_frame_9,no valid face metadata,0
val,real,07__hugging_happy,07__hugging_happy_frame_0.jpg,07__hugging_happy_frame_0,saved,1
val,real,07__hugging_happy,07__hugging_happy_frame_1.jpg,07__hugging_happy_frame_1,saved,1
val,real,07__hugging_happy,07__hugging_happy_frame_2.jpg,07__hugging_happy_frame_2,saved,1
val,real,07__hugging_happy,07__hugging_happy_frame_3.jpg,07__hugging_happy_frame_3,saved,1
val,real,07__hugging_happy,07__hugging_happy_frame_4.jpg,07__hugging_happy_frame_4,saved,1
val,real,07__hugging_happy,07__hugging_happy_frame_5.jpg,07__hugging_happy_frame_5,saved,1
val,real,07__hugging_happy,07__hugging_happy_frame_6.jpg,07__hugging_happy_frame_6,saved,1
val,real,07__hugging_happy,07__hugging_happy_frame_7.jpg,07__hugging_happy_frame_7,saved,1
val,real,07__hugging_happy,07__hugging_happy_frame_8.jpg,07__hugging_happy_frame_8,saved,1
val,real,07__hugging_happy,07__hugging_happy_frame_9.jpg,07__hugging_happy_frame_9,saved,1
val,real,07__kitchen_pan,07__kitchen_pan_frame_0.jpg,07__kitchen_pan_frame_0,saved,1
val,real,07__kitchen_pan,07__kitchen_pan_frame_1.jpg,07__kitchen_pan_frame_1,saved,1
val,real,07__kitchen_pan,07__kitchen_pan_frame_2.jpg,07__kitchen_pan_frame_2,saved,2
val,real,07__kitchen_pan,07__kitchen_pan_frame_3.jpg,07__kitchen_pan_frame_3,saved,1
val,real,07__kitchen_pan,07__kitchen_pan_frame_4.jpg,07__kitchen_pan_frame_4,saved,1
val,real,07__kitchen_pan,07__kitchen_pan_frame_5.jpg,07__kitchen_pan_frame_5,saved,1
val,real,07__kitchen_pan,07__kitchen_pan_frame_6.jpg,07__kitchen_pan_frame_6,saved,1
val,real,07__kitchen_pan,07__kitchen_pan_frame_7.jpg,07__kitchen_pan_frame_7,saved,1
val,real,07__kitchen_pan,07__kitchen_pan_frame_8.jpg,07__kitchen_pan_frame_8,saved,1
val,real,07__kitchen_pan,07__kitchen_pan_frame_9.jpg,07__kitchen_pan_frame_9,no valid face metadata,0
val,real,07__kitchen_still,07__kitchen_still_frame_0.jpg,07__kitchen_still_frame_0,saved,1
val,real,07__kitchen_still,07__kitchen_still_frame_1.jpg,07__kitchen_still_frame_1,saved,1
val,real,07__kitchen_still,07__kitchen_still_frame_2.jpg,07__kitchen_still_frame_2,saved,1
val,real,07__kitchen_still,07__kitchen_still_frame_3.jpg,07__kitchen_still_frame_3,saved,1
val,real,07__kitchen_still,07__kitchen_still_frame_4.jpg,07__kitchen_still_frame_4,saved,1
val,real,07__kitchen_still,07__kitchen_still_frame_5.jpg,07__kitchen_still_frame_5,saved,1
val,real,07__kitchen_still,07__kitchen_still_frame_6.jpg,07__kitchen_still_frame_6,saved,1
val,real,07__kitchen_still,07__kitchen_still_frame_7.jpg,07__kitchen_still_frame_7,saved,1
val,real,07__kitchen_still,07__kitchen_still_frame_8.jpg,07__kitchen_still_frame_8,saved,1
val,real,07__kitchen_still,07__kitchen_still_frame_9.jpg,07__kitchen_still_frame_9,saved,1
val,real,07__podium_speech_happy,07__podium_speech_happy_frame_0.jpg,07__podium_speech_happy_frame_0,saved,1
val,real,07__podium_speech_happy,07__podium_speech_happy_frame_1.jpg,07__podium_speech_happy_frame_1,saved,1
val,real,07__podium_speech_happy,07__podium_speech_happy_frame_2.jpg,07__podium_speech_happy_frame_2,saved,1
val,real,07__podium_speech_happy,07__podium_speech_happy_frame_3.jpg,07__podium_speech_happy_frame_3,saved,1
val,real,07__podium_speech_happy,07__podium_speech_happy_frame_4.jpg,07__podium_speech_happy_frame_4,saved,1
val,real,07__podium_speech_happy,07__podium_speech_happy_frame_5.jpg,07__podium_speech_happy_frame_5,saved,1
val,real,07__podium_speech_happy,07__podium_speech_happy_frame_6.jpg,07__podium_speech_happy_frame_6,saved,1
val,real,07__podium_speech_happy,07__podium_speech_happy_frame_7.jpg,07__podium_speech_happy_frame_7,saved,1
val,real,07__podium_speech_happy,07__podium_speech_happy_frame_8.jpg,07__podium_speech_happy_frame_8,saved,1
val,real,07__podium_speech_happy,07__podium_speech_happy_frame_9.jpg,07__podium_speech_happy_frame_9,saved,1
val,real,07__secret_conversation,07__secret_conversation_frame_0.jpg,07__secret_conversation_frame_0,saved,2
val,real,07__secret_conversation,07__secret_conversation_frame_1.jpg,07__secret_conversation_frame_1,saved,2
val,real,07__secret_conversation,07__secret_conversation_frame_2.jpg,07__secret_conversation_frame_2,saved,2
val,real,07__secret_conversation,07__secret_conversation_frame_3.jpg,07__secret_conversation_frame_3,saved,2
val,real,07__secret_conversation,07__secret_conversation_frame_4.jpg,07__secret_conversation_frame_4,saved,2
val,real,07__secret_conversation,07__secret_conversation_frame_5.jpg,07__secret_conversation_frame_5,saved,2
val,real,07__secret_conversation,07__secret_conversation_frame_6.jpg,07__secret_conversation_frame_6,saved,2
val,real,07__secret_conversation,07__secret_conversation_frame_7.jpg,07__secret_conversation_frame_7,saved,2
val,real,07__secret_conversation,07__secret_conversation_frame_8.jpg,07__secret_conversation_frame_8,saved,2
val,real,07__secret_conversation,07__secret_conversation_frame_9.jpg,07__secret_conversation_frame_9,saved,2
val,real,07__walking_down_street_outside_angry,07__walking_down_street_outside_angry_frame_0.jpg,07__walking_down_street_outside_angry_frame_0,saved,2
val,real,07__walking_down_street_outside_angry,07__walking_down_street_outside_angry_frame_1.jpg,07__walking_down_street_outside_angry_frame_1,saved,1
val,real,07__walking_down_street_outside_angry,07__walking_down_street_outside_angry_frame_2.jpg,07__walking_down_street_outside_angry_frame_2,saved,1
val,real,07__walking_down_street_outside_angry,07__walking_down_street_outside_angry_frame_3.jpg,07__walking_down_street_outside_angry_frame_3,saved,1
val,real,07__walking_down_street_outside_angry,07__walking_down_street_outside_angry_frame_4.jpg,07__walking_down_street_outside_angry_frame_4,saved,1
val,real,07__walking_down_street_outside_angry,07__walking_down_street_outside_angry_frame_5.jpg,07__walking_down_street_outside_angry_frame_5,saved,1
val,real,07__walking_down_street_outside_angry,07__walking_down_street_outside_angry_frame_6.jpg,07__walking_down_street_outside_angry_frame_6,saved,1
val,real,07__walking_down_street_outside_angry,07__walking_down_street_outside_angry_frame_7.jpg,07__walking_down_street_outside_angry_frame_7,saved,1
val,real,07__walking_down_street_outside_angry,07__walking_down_street_outside_angry_frame_8.jpg,07__walking_down_street_outside_angry_frame_8,saved,1
val,real,07__walking_down_street_outside_angry,07__walking_down_street_outside_angry_frame_9.jpg,07__walking_down_street_outside_angry_frame_9,saved,1
val,real,07__walking_outside_cafe_disgusted,07__walking_outside_cafe_disgusted_frame_0.jpg,07__walking_outside_cafe_disgusted_frame_0,saved,1
val,real,07__walking_outside_cafe_disgusted,07__walking_outside_cafe_disgusted_frame_1.jpg,07__walking_outside_cafe_disgusted_frame_1,saved,1
val,real,07__walking_outside_cafe_disgusted,07__walking_outside_cafe_disgusted_frame_2.jpg,07__walking_outside_cafe_disgusted_frame_2,saved,1
val,real,07__walking_outside_cafe_disgusted,07__walking_outside_cafe_disgusted_frame_3.jpg,07__walking_outside_cafe_disgusted_frame_3,saved,1
val,real,07__walking_outside_cafe_disgusted,07__walking_outside_cafe_disgusted_frame_4.jpg,07__walking_outside_cafe_disgusted_frame_4,saved,1
val,real,07__walking_outside_cafe_disgusted,07__walking_outside_cafe_disgusted_frame_5.jpg,07__walking_outside_cafe_disgusted_frame_5,saved,1
val,real,07__walking_outside_cafe_disgusted,07__walking_outside_cafe_disgusted_frame_6.jpg,07__walking_outside_cafe_disgusted_frame_6,saved,1
val,real,07__walking_outside_cafe_disgusted,07__walking_outside_cafe_disgusted_frame_7.jpg,07__walking_outside_cafe_disgusted_frame_7,saved,1
val,real,07__walking_outside_cafe_disgusted,07__walking_outside_cafe_disgusted_frame_8.jpg,07__walking_outside_cafe_disgusted_frame_8,saved,1
val,real,07__walking_outside_cafe_disgusted,07__walking_outside_cafe_disgusted_frame_9.jpg,07__walking_outside_cafe_disgusted_frame_9,saved,1
val,real,10__exit_phone_room,10__exit_phone_room_frame_0.jpg,10__exit_phone_room_frame_0,saved,1
val,real,10__exit_phone_room,10__exit_phone_room_frame_1.jpg,10__exit_phone_room_frame_1,saved,1
val,real,10__exit_phone_room,10__exit_phone_room_frame_2.jpg,10__exit_phone_room_frame_2,saved,1
val,real,10__exit_phone_room,10__exit_phone_room_frame_3.jpg,10__exit_phone_room_frame_3,saved,1
val,real,10__exit_phone_room,10__exit_phone_room_frame_4.jpg,10__exit_phone_room_frame_4,saved,1
val,real,10__exit_phone_room,10__exit_phone_room_frame_5.jpg,10__exit_phone_room_frame_5,saved,1
val,real,10__exit_phone_room,10__exit_phone_room_frame_6.jpg,10__exit_phone_room_frame_6,saved,1
val,real,10__exit_phone_room,10__exit_phone_room_frame_7.jpg,10__exit_phone_room_frame_7,saved,1
val,real,10__exit_phone_room,10__exit_phone_room_frame_8.jpg,10__exit_phone_room_frame_8,saved,1
val,real,10__exit_phone_room,10__exit_phone_room_frame_9.jpg,10__exit_phone_room_frame_9,saved,1
val,real,11__walk_down_hall_angry,11__walk_down_hall_angry_frame_0.jpg,11__walk_down_hall_angry_frame_0,no valid face metadata,0
val,real,11__walk_down_hall_angry,11__walk_down_hall_angry_frame_1.jpg,11__walk_down_hall_angry_frame_1,saved,1
val,real,11__walk_down_hall_angry,11__walk_down_hall_angry_frame_2.jpg,11__walk_down_hall_angry_frame_2,saved,1
val,real,11__walk_down_hall_angry,11__walk_down_hall_angry_frame_3.jpg,11__walk_down_hall_angry_frame_3,saved,1
val,real,11__walk_down_hall_angry,11__walk_down_hall_angry_frame_4.jpg,11__walk_down_hall_angry_frame_4,saved,1
val,real,11__walk_down_hall_angry,11__walk_down_hall_angry_frame_5.jpg,11__walk_down_hall_angry_frame_5,saved,1
val,real,11__walk_down_hall_angry,11__walk_down_hall_angry_frame_6.jpg,11__walk_down_hall_angry_frame_6,saved,1
val,real,11__walk_down_hall_angry,11__walk_down_hall_angry_frame_7.jpg,11__walk_down_hall_angry_frame_7,saved,1
val,real,11__walk_down_hall_angry,11__walk_down_hall_angry_frame_8.jpg,11__walk_down_hall_angry_frame_8,saved,1
val,real,11__walk_down_hall_angry,11__walk_down_hall_angry_frame_9.jpg,11__walk_down_hall_angry_frame_9,saved,1
val,real,12__hugging_happy,12__hugging_happy_frame_0.jpg,12__hugging_happy_frame_0,saved,1
val,real,12__hugging_happy,12__hugging_happy_frame_1.jpg,12__hugging_happy_frame_1,saved,1
val,real,12__hugging_happy,12__hugging_happy_frame_2.jpg,12__hugging_happy_frame_2,saved,1
val,real,12__hugging_happy,12__hugging_happy_frame_3.jpg,12__hugging_happy_frame_3,saved,1
val,real,12__hugging_happy,12__hugging_happy_frame_4.jpg,12__hugging_happy_frame_4,saved,1
val,real,12__hugging_happy,12__hugging_happy_frame_5.jpg,12__hugging_happy_frame_5,saved,1
val,real,12__hugging_happy,12__hugging_happy_frame_6.jpg,12__hugging_happy_frame_6,saved,1
val,real,12__hugging_happy,12__hugging_happy_frame_7.jpg,12__hugging_happy_frame_7,saved,2
val,real,12__hugging_happy,12__hugging_happy_frame_8.jpg,12__hugging_happy_frame_8,saved,1
val,real,12__hugging_happy,12__hugging_happy_frame_9.jpg,12__hugging_happy_frame_9,saved,1
val,real,12__walk_down_hall_angry,12__walk_down_hall_angry_frame_0.jpg,12__walk_down_hall_angry_frame_0,no valid face metadata,0
val,real,12__walk_down_hall_angry,12__walk_down_hall_angry_frame_1.jpg,12__walk_down_hall_angry_frame_1,no valid face metadata,0
val,real,12__walk_down_hall_angry,12__walk_down_hall_angry_frame_2.jpg,12__walk_down_hall_angry_frame_2,saved,1
val,real,12__walk_down_hall_angry,12__walk_down_hall_angry_frame_3.jpg,12__walk_down_hall_angry_frame_3,saved,1
val,real,12__walk_down_hall_angry,12__walk_down_hall_angry_frame_4.jpg,12__walk_down_hall_angry_frame_4,saved,1
val,real,12__walk_down_hall_angry,12__walk_down_hall_angry_frame_5.jpg,12__walk_down_hall_angry_frame_5,saved,1
val,real,12__walk_down_hall_angry,12__walk_down_hall_angry_frame_6.jpg,12__walk_down_hall_angry_frame_6,saved,1
val,real,12__walk_down_hall_angry,12__walk_down_hall_angry_frame_7.jpg,12__walk_down_hall_angry_frame_7,saved,1
val,real,12__walk_down_hall_angry,12__walk_down_hall_angry_frame_8.jpg,12__walk_down_hall_angry_frame_8,saved,1
val,real,12__walk_down_hall_angry,12__walk_down_hall_angry_frame_9.jpg,12__walk_down_hall_angry_frame_9,saved,1
val,real,12__walking_down_indoor_hall_disgust,12__walking_down_indoor_hall_disgust_frame_0.jpg,12__walking_down_indoor_hall_disgust_frame_0,saved,2
val,real,12__walking_down_indoor_hall_disgust,12__walking_down_indoor_hall_disgust_frame_1.jpg,12__walking_down_indoor_hall_disgust_frame_1,saved,2
val,real,12__walking_down_indoor_hall_disgust,12__walking_down_indoor_hall_disgust_frame_2.jpg,12__walking_down_indoor_hall_disgust_frame_2,saved,2
val,real,12__walking_down_indoor_hall_disgust,12__walking_down_indoor_hall_disgust_frame_3.jpg,12__walking_down_indoor_hall_disgust_frame_3,saved,2
val,real,12__walking_down_indoor_hall_disgust,12__walking_down_indoor_hall_disgust_frame_4.jpg,12__walking_down_indoor_hall_disgust_frame_4,saved,2
val,real,12__walking_down_indoor_hall_disgust,12__walking_down_indoor_hall_disgust_frame_5.jpg,12__walking_down_indoor_hall_disgust_frame_5,saved,2
val,real,12__walking_down_indoor_hall_disgust,12__walking_down_indoor_hall_disgust_frame_6.jpg,12__walking_down_indoor_hall_disgust_frame_6,saved,2
val,real,12__walking_down_indoor_hall_disgust,12__walking_down_indoor_hall_disgust_frame_7.jpg,12__walking_down_indoor_hall_disgust_frame_7,saved,2
val,real,12__walking_down_indoor_hall_disgust,12__walking_down_indoor_hall_disgust_frame_8.jpg,12__walking_down_indoor_hall_disgust_frame_8,saved,2
val,real,12__walking_down_indoor_hall_disgust,12__walking_down_indoor_hall_disgust_frame_9.jpg,12__walking_down_indoor_hall_disgust_frame_9,saved,2
val,real,13__walking_down_street_outside_angry,13__walking_down_street_outside_angry_frame_0.jpg,13__walking_down_street_outside_angry_frame_0,saved,1
val,real,13__walking_down_street_outside_angry,13__walking_down_street_outside_angry_frame_1.jpg,13__walking_down_street_outside_angry_frame_1,saved,1
val,real,13__walking_down_street_outside_angry,13__walking_down_street_outside_angry_frame_2.jpg,13__walking_down_street_outside_angry_frame_2,saved,1
val,real,13__walking_down_street_outside_angry,13__walking_down_street_outside_angry_frame_3.jpg,13__walking_down_street_outside_angry_frame_3,saved,1
val,real,13__walking_down_street_outside_angry,13__walking_down_street_outside_angry_frame_4.jpg,13__walking_down_street_outside_angry_frame_4,saved,1
val,real,13__walking_down_street_outside_angry,13__walking_down_street_outside_angry_frame_5.jpg,13__walking_down_street_outside_angry_frame_5,saved,1
val,real,13__walking_down_street_outside_angry,13__walking_down_street_outside_angry_frame_6.jpg,13__walking_down_street_outside_angry_frame_6,saved,1
val,real,13__walking_down_street_outside_angry,13__walking_down_street_outside_angry_frame_7.jpg,13__walking_down_street_outside_angry_frame_7,saved,1
val,real,13__walking_down_street_outside_angry,13__walking_down_street_outside_angry_frame_8.jpg,13__walking_down_street_outside_angry_frame_8,saved,1
val,real,13__walking_down_street_outside_angry,13__walking_down_street_outside_angry_frame_9.jpg,13__walking_down_street_outside_angry_frame_9,saved,1
val,real,14__walking_and_outside_surprised,14__walking_and_outside_surprised_frame_0.jpg,14__walking_and_outside_surprised_frame_0,saved,2
val,real,14__walking_and_outside_surprised,14__walking_and_outside_surprised_frame_1.jpg,14__walking_and_outside_surprised_frame_1,saved,2
val,real,14__walking_and_outside_surprised,14__walking_and_outside_surprised_frame_2.jpg,14__walking_and_outside_surprised_frame_2,saved,2
val,real,14__walking_and_outside_surprised,14__walking_and_outside_surprised_frame_3.jpg,14__walking_and_outside_surprised_frame_3,saved,2
val,real,14__walking_and_outside_surprised,14__walking_and_outside_surprised_frame_4.jpg,14__walking_and_outside_surprised_frame_4,saved,2
val,real,14__walking_and_outside_surprised,14__walking_and_outside_surprised_frame_5.jpg,14__walking_and_outside_surprised_frame_5,saved,2
val,real,14__walking_and_outside_surprised,14__walking_and_outside_surprised_frame_6.jpg,14__walking_and_outside_surprised_frame_6,saved,2
val,real,14__walking_and_outside_surprised,14__walking_and_outside_surprised_frame_7.jpg,14__walking_and_outside_surprised_frame_7,saved,2
val,real,14__walking_and_outside_surprised,14__walking_and_outside_surprised_frame_8.jpg,14__walking_and_outside_surprised_frame_8,saved,2
val,real,14__walking_and_outside_surprised,14__walking_and_outside_surprised_frame_9.jpg,14__walking_and_outside_surprised_frame_9,saved,3
val,real,14__walking_down_indoor_hall_disgust,14__walking_down_indoor_hall_disgust_frame_0.jpg,14__walking_down_indoor_hall_disgust_frame_0,saved,2
val,real,14__walking_down_indoor_hall_disgust,14__walking_down_indoor_hall_disgust_frame_1.jpg,14__walking_down_indoor_hall_disgust_frame_1,saved,2
val,real,14__walking_down_indoor_hall_disgust,14__walking_down_indoor_hall_disgust_frame_2.jpg,14__walking_down_indoor_hall_disgust_frame_2,saved,2
val,real,14__walking_down_indoor_hall_disgust,14__walking_down_indoor_hall_disgust_frame_3.jpg,14__walking_down_indoor_hall_disgust_frame_3,saved,2
val,real,14__walking_down_indoor_hall_disgust,14__walking_down_indoor_hall_disgust_frame_4.jpg,14__walking_down_indoor_hall_disgust_frame_4,saved,2
val,real,14__walking_down_indoor_hall_disgust,14__walking_down_indoor_hall_disgust_frame_5.jpg,14__walking_down_indoor_hall_disgust_frame_5,saved,2
val,real,14__walking_down_indoor_hall_disgust,14__walking_down_indoor_hall_disgust_frame_6.jpg,14__walking_down_indoor_hall_disgust_frame_6,saved,3
val,real,14__walking_down_indoor_hall_disgust,14__walking_down_indoor_hall_disgust_frame_7.jpg,14__walking_down_indoor_hall_disgust_frame_7,saved,2
val,real,14__walking_down_indoor_hall_disgust,14__walking_down_indoor_hall_disgust_frame_8.jpg,14__walking_down_indoor_hall_disgust_frame_8,saved,2
val,real,14__walking_down_indoor_hall_disgust,14__walking_down_indoor_hall_disgust_frame_9.jpg,14__walking_down_indoor_hall_disgust_frame_9,saved,2
val,real,15__exit_phone_room,15__exit_phone_room_frame_0.jpg,15__exit_phone_room_frame_0,saved,1
val,real,15__exit_phone_room,15__exit_phone_room_frame_1.jpg,15__exit_phone_room_frame_1,saved,1
val,real,15__exit_phone_room,15__exit_phone_room_frame_2.jpg,15__exit_phone_room_frame_2,saved,1
val,real,15__exit_phone_room,15__exit_phone_room_frame_3.jpg,15__exit_phone_room_frame_3,saved,1
val,real,15__exit_phone_room,15__exit_phone_room_frame_4.jpg,15__exit_phone_room_frame_4,saved,1
val,real,15__exit_phone_room,15__exit_phone_room_frame_5.jpg,15__exit_phone_room_frame_5,saved,1
val,real,15__exit_phone_room,15__exit_phone_room_frame_6.jpg,15__exit_phone_room_frame_6,saved,1
val,real,15__exit_phone_room,15__exit_phone_room_frame_7.jpg,15__exit_phone_room_frame_7,saved,1
val,real,15__exit_phone_room,15__exit_phone_room_frame_8.jpg,15__exit_phone_room_frame_8,saved,1
val,real,15__exit_phone_room,15__exit_phone_room_frame_9.jpg,15__exit_phone_room_frame_9,saved,1
val,real,15__outside_talking_still_laughing,15__outside_talking_still_laughing_frame_0.jpg,15__outside_talking_still_laughing_frame_0,saved,1
val,real,15__outside_talking_still_laughing,15__outside_talking_still_laughing_frame_1.jpg,15__outside_talking_still_laughing_frame_1,saved,1
val,real,15__outside_talking_still_laughing,15__outside_talking_still_laughing_frame_2.jpg,15__outside_talking_still_laughing_frame_2,saved,1
val,real,15__outside_talking_still_laughing,15__outside_talking_still_laughing_frame_3.jpg,15__outside_talking_still_laughing_frame_3,saved,1
val,real,15__outside_talking_still_laughing,15__outside_talking_still_laughing_frame_4.jpg,15__outside_talking_still_laughing_frame_4,saved,1
val,real,15__outside_talking_still_laughing,15__outside_talking_still_laughing_frame_5.jpg,15__outside_talking_still_laughing_frame_5,saved,1
val,real,15__outside_talking_still_laughing,15__outside_talking_still_laughing_frame_6.jpg,15__outside_talking_still_laughing_frame_6,saved,1
val,real,15__outside_talking_still_laughing,15__outside_talking_still_laughing_frame_7.jpg,15__outside_talking_still_laughing_frame_7,saved,1
val,real,15__outside_talking_still_laughing,15__outside_talking_still_laughing_frame_8.jpg,15__outside_talking_still_laughing_frame_8,saved,1
val,real,15__outside_talking_still_laughing,15__outside_talking_still_laughing_frame_9.jpg,15__outside_talking_still_laughing_frame_9,saved,1
